id,name,office_code,district,district_office,road_addr,founding,is_branch,lat,lng,level,is_active,source
B000001926,경기초등학교,7010000,서대문구,서울특별시서부교육지원청,서울특별시 서대문구 경기대로9길 10,사립,false,37.56511029,126.9628606,elem,true,data.go.kr
B000002387,경복초등학교,7010000,광진구,서울특별시성동광진교육지원청,서울특별시 광진구 천호대로130길 58,사립,false,37.54982961,127.0867934,elem,true,data.go.kr
B000001856,경희초등학교,7010000,동대문구,서울특별시동부교육지원청,서울특별시 동대문구 경희대로 26,사립,false,37.59394914,127.054891,elem,true,data.go.kr
B000002274,계성초등학교,7010000,서초구,서울특별시강남서초교육지원청,서울특별시 서초구 신반포로19길 23,사립,false,37.5049159,126.9968257,elem,true,data.go.kr
B000002416,광운초등학교,7010000,성북구,서울특별시성북강북교육지원청,서울특별시 성북구 한천로 694,사립,false,37.61865113,127.0551517,elem,true,data.go.kr
B000001880,금성초등학교,7010000,중랑구,서울특별시동부교육지원청,서울특별시 중랑구 신내로21길 55,사립,false,37.61531513,127.0898585,elem,true,data.go.kr
B000002415,대광초등학교,7010000,성북구,서울특별시성북강북교육지원청,서울특별시 성북구 안암로 5,사립,false,37.57915104,127.0234459,elem,true,data.go.kr
B000001993,동광초등학교,7010000,금천구,서울특별시남부교육지원청,서울특별시 금천구 탑골로10길 45,사립,false,37.45199688,126.9158199,elem,true,data.go.kr
B000002038,동북초등학교,7010000,도봉구,서울특별시북부교육지원청,서울특별시 도봉구 시루봉로 53,사립,false,37.65634868,127.0268766,elem,true,data.go.kr
B000002107,동산초등학교,7010000,중구,서울특별시중부교육지원청,서울특별시 중구 매봉18길 109,사립,false,37.55620463,127.0167254,elem,true,data.go.kr
B000002105,리라초등학교,7010000,중구,서울특별시중부교육지원청,서울특별시 중구 소파로2길 7,사립,false,37.5578197,126.9879121,elem,true,data.go.kr
B000002417,매원초등학교,7010000,성북구,서울특별시성북강북교육지원청,서울특별시 성북구 북악산로 870,사립,false,37.59767468,127.0191869,elem,true,data.go.kr
B000001929,명지초등학교,7010000,서대문구,서울특별시서부교육지원청,서울특별시 서대문구 명지2길 32-20,사립,false,37.58362994,126.9282315,elem,true,data.go.kr
B000002095,상명대학교사범대학부속초등학교,7010000,종로구,서울특별시중부교육지원청,서울특별시 종로구 홍지문2길 1,사립,false,37.60044056,126.9567149,elem,true,data.go.kr
B000002081,상명초등학교,7010000,노원구,서울특별시북부교육지원청,서울특별시 노원구 덕릉로 541,사립,false,37.64872348,127.0669678,elem,true,data.go.kr
B000002228,서울가곡초등학교,7010000,강서구,서울특별시강서양천교육지원청,서울특별시 강서구 공항대로36길 74,공립,false,37.55570761,126.8361031,elem,true,data.go.kr
B000002139,서울가동초등학교,7010000,송파구,서울특별시강동송파교육지원청,서울특별시 송파구 중대로20길 47,공립,false,37.49741227,127.1300159,elem,true,data.go.kr
B000002124,서울가락초등학교,7010000,송파구,서울특별시강동송파교육지원청,서울특별시 송파구 송파대로37길 45,공립,false,37.50002115,127.1076425,elem,true,data.go.kr
B000001982,서울가산초등학교,7010000,금천구,서울특별시남부교육지원청,서울특별시 금천구 남부순환로 1304-11,공립,false,37.47816515,126.8963297,elem,true,data.go.kr
B000002233,서울가양초등학교,7010000,강서구,서울특별시강서양천교육지원청,서울특별시 강서구 허준로 186,공립,false,37.56221719,126.8585216,elem,true,data.go.kr
B000002129,서울가원초등학교,7010000,송파구,서울특별시강동송파교육지원청,서울특별시 송파구 중대로4길 8,공립,false,37.48944215,127.1110274,elem,true,data.go.kr
B000002032,서울가인초등학교,7010000,도봉구,서울특별시북부교육지원청,서울특별시 도봉구 도봉로136다길 4,공립,false,37.6594678,127.0429509,elem,true,data.go.kr
B000024031,서울가재울초등학교,7010000,서대문구,서울특별시서부교육지원청,서울특별시 서대문구 모래내로15길 61,공립,false,37.57376442,126.9183891,elem,true,data.go.kr
B000002138,서울가주초등학교,7010000,송파구,서울특별시강동송파교육지원청,서울특별시 송파구 오금로40길 37,공립,false,37.49656722,127.1292617,elem,true,data.go.kr
B000002198,서울갈산초등학교,7010000,양천구,서울특별시강서양천교육지원청,서울특별시 양천구 목동로 31,공립,false,37.51237156,126.8702299,elem,true,data.go.kr
B000001886,서울갈현초등학교,7010000,은평구,서울특별시서부교육지원청,서울특별시 은평구 연서로29길 31,공립,false,37.61977964,126.9166834,elem,true,data.go.kr
B000002306,서울강남초등학교,7010000,동작구,서울특별시동작관악교육지원청,서울특별시 동작구 강남초등길 15,공립,false,37.50619275,126.9533591,elem,true,data.go.kr
B000002166,서울강덕초등학교,7010000,강동구,서울특별시강동송파교육지원청,서울특별시 강동구 동남로82길 94-54,공립,false,37.55954748,127.1604836,elem,true,data.go.kr
B000002183,서울강동초등학교,7010000,강동구,서울특별시강동송파교육지원청,서울특별시 강동구 상암로14길 77,공립,false,37.5463638,127.1301872,elem,true,data.go.kr
B000002177,서울강명초등학교,7010000,강동구,서울특별시강동송파교육지원청,서울특별시 강동구 상일로 74-1,공립,false,37.55470604,127.1733624,elem,true,data.go.kr
B000025384,서울강빛초등학교,7010000,강동구,서울특별시강동송파교육지원청,서울특별시 강동구 아리수로93다길 1,공립,false,37.57432025,127.1707749,elem,true,data.go.kr
B000002204,서울강서초등학교,7010000,양천구,서울특별시강서양천교육지원청,서울특별시 양천구 오목로 31,공립,false,37.52241272,126.8409879,elem,true,data.go.kr
B000024205,서울강솔초등학교,7010000,강동구,서울특별시강동송파교육지원청,서울특별시 강동구 고덕로97길 80,공립,false,37.56186962,127.1802671,elem,true,data.go.kr
B000002199,서울강신초등학교,7010000,양천구,서울특별시강서양천교육지원청,서울특별시 양천구 월정로 280,공립,false,37.54209971,126.8295837,elem,true,data.go.kr
B000002208,서울강월초등학교,7010000,양천구,서울특별시강서양천교육지원청,서울특별시 양천구 신월로 97,공립,false,37.51634172,126.8334319,elem,true,data.go.kr
B000002164,서울강일초등학교,7010000,강동구,서울특별시강동송파교육지원청,서울특별시 강동구 아리수로98길 24,공립,false,37.56525568,127.1772858,elem,true,data.go.kr
B000002152,서울개롱초등학교,7010000,송파구,서울특별시강동송파교육지원청,서울특별시 송파구 문정로 211,공립,false,37.49736261,127.1398881,elem,true,data.go.kr
B000001958,서울개명초등학교,7010000,구로구,서울특별시남부교육지원청,서울특별시 구로구 개봉로1다길 16-9,공립,false,37.48303904,126.8509791,elem,true,data.go.kr
B000001961,서울개봉초등학교,7010000,구로구,서울특별시남부교육지원청,서울특별시 구로구 개봉로16길 30-11,공립,false,37.48952491,126.857976,elem,true,data.go.kr
B000002401,서울개운초등학교,7010000,성북구,서울특별시성북강북교육지원청,서울특별시 성북구 정릉로48길 52,공립,false,37.60183902,127.0275962,elem,true,data.go.kr
B000001957,서울개웅초등학교,7010000,구로구,서울특별시남부교육지원청,서울특별시 구로구 개봉로11길 98,공립,false,37.48857132,126.8499823,elem,true,data.go.kr
B000002288,서울개원초등학교,7010000,강남구,서울특별시강남서초교육지원청,서울특별시 강남구 선릉로 29,공립,false,37.48161842,127.0587363,elem,true,data.go.kr
B000002286,서울개일초등학교,7010000,강남구,서울특별시강남서초교육지원청,서울특별시 강남구 개포로 401,공립,false,37.48621414,127.0577406,elem,true,data.go.kr
B000024069,서울개포초등학교,7010000,강남구,서울특별시강남서초교육지원청,서울특별시 강남구 삼성로4길 30,공립,false,37.48662512,127.070767,elem,true,data.go.kr
B000030583,서울개현초등학교,7010000,강남구,서울특별시강남서초교육지원청,서울특별시 강남구 선릉로 15,공립,false,37.48078757,127.0616268,elem,true,data.go.kr
B000002240,서울개화초등학교,7010000,강서구,서울특별시강서양천교육지원청,서울특별시 강서구 양천로 11,공립,false,37.57394373,126.8046464,elem,true,data.go.kr
B000002151,서울거여초등학교,7010000,송파구,서울특별시강동송파교육지원청,서울특별시 송파구 마천로25길 18,공립,false,37.50516942,127.1409011,elem,true,data.go.kr
B000002141,서울거원초등학교,7010000,송파구,서울특별시강동송파교육지원청,서울특별시 송파구 양산로2길 26,공립,false,37.48762503,127.144909,elem,true,data.go.kr
B000002349,서울경동초등학교,7010000,성동구,서울특별시성동광진교육지원청,서울특별시 성동구 성수일로 34,공립,false,37.5438253,127.050074,elem,true,data.go.kr
B000002350,서울경수초등학교,7010000,성동구,서울특별시성동광진교육지원청,서울특별시 성동구 뚝섬로13길 22,공립,false,37.53950904,127.0592712,elem,true,data.go.kr
B000002188,서울경인초등학교,7010000,양천구,서울특별시강서양천교육지원청,서울특별시 양천구 안양천로 1009,공립,false,37.53287102,126.8856957,elem,true,data.go.kr
B000002358,서울경일초등학교,7010000,성동구,서울특별시성동광진교육지원청,서울특별시 성동구 뚝섬로 332,공립,false,37.5409419,127.0466051,elem,true,data.go.kr
B000002191,서울계남초등학교,7010000,양천구,서울특별시강서양천교육지원청,서울특별시 양천구 목동동로2길 54,공립,false,37.51016776,126.8600159,elem,true,data.go.kr
B000002056,서울계상초등학교,7010000,노원구,서울특별시북부교육지원청,서울특별시 노원구 한글비석로41가길 24,공립,false,37.66219777,127.0686777,elem,true,data.go.kr
B000002165,서울고덕초등학교,7010000,강동구,서울특별시강동송파교육지원청,서울특별시 강동구 아리수로82길 42,공립,false,37.56129361,127.1660799,elem,true,data.go.kr
B000002162,서울고명초등학교,7010000,강동구,서울특별시강동송파교육지원청,서울특별시 강동구 고덕로46길 53,공립,false,37.55297253,127.1474362,elem,true,data.go.kr
B000001956,서울고산초등학교,7010000,구로구,서울특별시남부교육지원청,서울특별시 구로구 중앙로 6,공립,false,37.49897255,126.8647727,elem,true,data.go.kr
B000001955,서울고원초등학교,7010000,구로구,서울특별시남부교육지원청,서울특별시 구로구 경인로46길 13,공립,false,37.49761122,126.8657993,elem,true,data.go.kr
B000001925,서울고은초등학교,7010000,서대문구,서울특별시서부교육지원청,서울특별시 서대문구 모래내로 441,공립,false,37.58500184,126.9439749,elem,true,data.go.kr
B000002175,서울고일초등학교,7010000,강동구,서울특별시강동송파교육지원청,서울특별시 강동구 구천면로93길 20,공립,false,37.55154262,127.1694101,elem,true,data.go.kr
B000001962,서울고척초등학교,7010000,구로구,서울특별시남부교육지원청,서울특별시 구로구 경서로 31,공립,false,37.50094829,126.8569791,elem,true,data.go.kr
B000024206,서울고현초등학교,7010000,강동구,서울특별시강동송파교육지원청,서울특별시 강동구 상일로11길 110,공립,false,37.55405326,127.1658598,elem,true,data.go.kr
B000001930,서울공덕초등학교,7010000,마포구,서울특별시서부교육지원청,서울특별시 마포구 만리재옛길 13,공립,false,37.54580335,126.9548231,elem,true,data.go.kr
B000002053,서울공릉초등학교,7010000,노원구,서울특별시북부교육지원청,서울특별시 노원구 동일로173길 12,공립,false,37.61861443,127.0746314,elem,true,data.go.kr
B000002051,서울공연초등학교,7010000,노원구,서울특별시북부교육지원청,서울특별시 노원구 동일로192가길 16,공립,false,37.62754753,127.0745089,elem,true,data.go.kr
B000022762,서울공진초등학교,7010000,강서구,서울특별시강서양천교육지원청,서울특별시 강서구 마곡서로 33,공립,false,37.55780477,126.8226104,elem,true,data.go.kr
B000022763,서울공항초등학교,7010000,강서구,서울특별시강서양천교육지원청,서울특별시 강서구 마곡서1로 68,공립,false,37.56302167,126.8216459,elem,true,data.go.kr
B000002343,서울관악초등학교,7010000,관악구,서울특별시동작관악교육지원청,서울특별시 관악구 청룡4길 49,공립,false,37.48102565,126.9425545,elem,true,data.go.kr
B000002368,서울광남초등학교,7010000,광진구,서울특별시성동광진교육지원청,서울특별시 광진구 아차산로70길 35,공립,false,37.54078809,127.1006653,elem,true,data.go.kr
B000002369,서울광장초등학교,7010000,광진구,서울특별시성동광진교육지원청,서울특별시 광진구 광장로1길 27,공립,false,37.54854922,127.1017999,elem,true,data.go.kr
B000002371,서울광진초등학교,7010000,광진구,서울특별시성동광진교육지원청,서울특별시 광진구 자양로40길 41,공립,false,37.54761146,127.0913325,elem,true,data.go.kr
B000002099,서울광희초등학교,7010000,중구,서울특별시중부교육지원청,서울특별시 중구 다산로 269,공립,false,37.56729928,127.0156879,elem,true,data.go.kr
B000002086,서울교동초등학교,7010000,종로구,서울특별시중부교육지원청,서울특별시 종로구 삼일대로 446,공립,false,37.57500567,126.9881513,elem,true,data.go.kr
B000002253,서울교육대학교부설초등학교,7010000,서초구,서울특별시강남서초교육지원청,서울특별시 서초구 서초중앙로 96,국립,false,37.49074049,127.0154245,elem,true,data.go.kr
B000002372,서울구남초등학교,7010000,광진구,서울특별시성동광진교육지원청,서울특별시 광진구 구의강변로 69,공립,false,37.53709659,127.0922888,elem,true,data.go.kr
B000001968,서울구로남초등학교,7010000,구로구,서울특별시남부교육지원청,서울특별시 구로구 디지털로27길 76,공립,false,37.48420602,126.8902182,elem,true,data.go.kr
B000001969,서울구로초등학교,7010000,구로구,서울특별시남부교육지원청,서울특별시 구로구 구로중앙로27나길 9,공립,false,37.49746187,126.8865543,elem,true,data.go.kr
B000002281,서울구룡초등학교,7010000,강남구,서울특별시강남서초교육지원청,서울특별시 강남구 개포로 263,공립,false,37.48119739,127.0517714,elem,true,data.go.kr
B000001888,서울구산초등학교,7010000,은평구,서울특별시서부교육지원청,서울특별시 은평구 서오릉로15길 16,공립,false,37.61275096,126.9093765,elem,true,data.go.kr
B000002341,서울구암초등학교,7010000,관악구,서울특별시동작관악교육지원청,서울특별시 관악구 구암길 1,공립,false,37.48921747,126.9462717,elem,true,data.go.kr
B000002385,서울구의초등학교,7010000,광진구,서울특별시성동광진교육지원청,서울특별시 광진구 광나루로30길 49,공립,false,37.54300899,127.0803118,elem,true,data.go.kr
B000001970,서울구일초등학교,7010000,구로구,서울특별시남부교육지원청,서울특별시 구로구 구일로 68,공립,false,37.49319187,126.8734727,elem,true,data.go.kr
B000001887,서울구현초등학교,7010000,은평구,서울특별시서부교육지원청,서울특별시 은평구 갈현로15길 51,공립,false,37.60984462,126.9057958,elem,true,data.go.kr
B000001844,서울군자초등학교,7010000,동대문구,서울특별시동부교육지원청,서울특별시 동대문구 한천로6길 21,공립,false,37.56412232,127.0605233,elem,true,data.go.kr
B000024775,서울금나래초등학교,7010000,금천구,서울특별시남부교육지원청,서울특별시 금천구 시흥대로79길 37,공립,false,37.458230,126.8962417,elem,true,data.go.kr
B000001979,서울금동초등학교,7010000,금천구,서울특별시남부교육지원청,서울특별시 금천구 금하로30길 53,공립,false,37.44773848,126.9163989,elem,true,data.go.kr
B000002351,서울금북초등학교,7010000,성동구,서울특별시성동광진교육지원청,서울특별시 성동구 행당로1길 13,공립,false,37.55749549,127.0235067,elem,true,data.go.kr
B000001990,서울금산초등학교,7010000,금천구,서울특별시남부교육지원청,서울특별시 금천구 시흥대로24길 57,공립,false,37.44144269,126.9080871,elem,true,data.go.kr
B000002118,서울금양초등학교,7010000,용산구,서울특별시중부교육지원청,서울특별시 용산구 효창원로 137,공립,false,37.54094231,126.9618319,elem,true,data.go.kr
B000002354,서울금옥초등학교,7010000,성동구,서울특별시성동광진교육지원청,서울특별시 성동구 독서당로 251,공립,false,37.54584824,127.0176012,elem,true,data.go.kr
B000001987,서울금천초등학교,7010000,금천구,서울특별시남부교육지원청,서울특별시 금천구 탑골로5길 60,공립,false,37.45481034,126.9128749,elem,true,data.go.kr
B000002352,서울금호초등학교,7010000,성동구,서울특별시성동광진교육지원청,서울특별시 성동구 무수막길 69,공립,false,37.55196497,127.0197434,elem,true,data.go.kr
B000001913,서울금화초등학교,7010000,서대문구,서울특별시서부교육지원청,서울특별시 서대문구 통일로 165,공립,false,37.56882755,126.9629414,elem,true,data.go.kr
B000002169,서울길동초등학교,7010000,강동구,서울특별시강동송파교육지원청,서울특별시 강동구 양재대로116길 69,공립,false,37.5385062,127.1449729,elem,true,data.go.kr
B000002395,서울길원초등학교,7010000,성북구,서울특별시성북강북교육지원청,서울특별시 성북구 길음로15길 55,공립,false,37.60906464,127.0167996,elem,true,data.go.kr
B000002399,서울길음초등학교,7010000,성북구,서울특별시성북강북교육지원청,서울특별시 성북구 길음로 142,공립,false,37.61363115,127.016660,elem,true,data.go.kr
B000002330,서울난곡초등학교,7010000,관악구,서울특별시동작관악교육지원청,서울특별시 관악구 난곡로35길 102,공립,false,37.4691282,126.9163416,elem,true,data.go.kr
B000002344,서울난우초등학교,7010000,관악구,서울특별시동작관악교육지원청,서울특별시 관악구 난우길 40,공립,false,37.47711829,126.9176525,elem,true,data.go.kr
B000002345,서울난향초등학교,7010000,관악구,서울특별시동작관악교육지원청,서울특별시 관악구 난향길 9,공립,false,37.46282189,126.9183368,elem,true,data.go.kr
B000002196,서울남명초등학교,7010000,양천구,서울특별시강서양천교육지원청,서울특별시 양천구 중앙로23길 3,공립,false,37.515684,126.8540837,elem,true,data.go.kr
B000002326,서울남부초등학교,7010000,관악구,서울특별시동작관악교육지원청,서울특별시 관악구 남부순환로163길 14,공립,false,37.48511944,126.9221838,elem,true,data.go.kr
B000002319,서울남사초등학교,7010000,동작구,서울특별시동작관악교육지원청,서울특별시 동작구 동작대로13길 22,공립,false,37.48194349,126.9782341,elem,true,data.go.kr
B000002096,서울남산초등학교,7010000,중구,서울특별시중부교육지원청,서울특별시 중구 퇴계로22길 17,공립,false,37.55978374,126.9867556,elem,true,data.go.kr
B000002318,서울남성초등학교,7010000,동작구,서울특별시동작관악교육지원청,서울특별시 동작구 사당로23길 57-14,공립,false,37.48459498,126.9754874,elem,true,data.go.kr
B000002120,서울남정초등학교,7010000,용산구,서울특별시중부교육지원청,서울특별시 용산구 원효로64길 17-10,공립,false,37.53567383,126.9648037,elem,true,data.go.kr
B000002142,서울남천초등학교,7010000,송파구,서울특별시강동송파교육지원청,서울특별시 송파구 성내천로 207,공립,false,37.50144683,127.1507951,elem,true,data.go.kr
B000002236,서울내발산초등학교,7010000,강서구,서울특별시강서양천교육지원청,서울특별시 강서구 강서로46길 23,공립,false,37.55088255,126.8381642,elem,true,data.go.kr
B000002307,서울노량진초등학교,7010000,동작구,서울특별시동작관악교육지원청,서울특별시 동작구 장승배기로 160,공립,false,37.51175038,126.9408242,elem,true,data.go.kr
B000002062,서울노원초등학교,7010000,노원구,서울특별시북부교육지원청,서울특별시 노원구 동일로230나길 32,공립,false,37.67359347,127.0584544,elem,true,data.go.kr
B000002063,서울노일초등학교,7010000,노원구,서울특별시북부교육지원청,서울특별시 노원구 동일로 1625,공립,false,37.67375444,127.0549667,elem,true,data.go.kr
B000001890,서울녹번초등학교,7010000,은평구,서울특별시서부교육지원청,서울특별시 은평구 녹번로1길 1,공립,false,37.60458339,126.9257463,elem,true,data.go.kr
B000002041,서울녹천초등학교,7010000,노원구,서울특별시북부교육지원청,서울특별시 노원구 마들로3길 34,공립,false,37.6285066,127.0631172,elem,true,data.go.kr
B000002289,서울논현초등학교,7010000,강남구,서울특별시강남서초교육지원청,서울특별시 강남구 강남대로120길 33,공립,false,37.5084232,127.0262229,elem,true,data.go.kr
B000002021,서울누원초등학교,7010000,도봉구,서울특별시북부교육지원청,서울특별시 도봉구 마들로 859-44,공립,false,37.68723271,127.0492672,elem,true,data.go.kr
B000001840,서울답십리초등학교,7010000,동대문구,서울특별시동부교육지원청,서울특별시 동대문구 전농로3길 23,공립,false,37.56880432,127.055427,elem,true,data.go.kr
B000002339,서울당곡초등학교,7010000,관악구,서울특별시동작관악교육지원청,서울특별시 관악구 보라매로2길 23,공립,false,37.49016812,126.9303698,elem,true,data.go.kr
B000002015,서울당산초등학교,7010000,영등포구,서울특별시남부교육지원청,서울특별시 영등포구 선유로55길 32,공립,false,37.54011912,126.8962411,elem,true,data.go.kr
B000001998,서울당서초등학교,7010000,영등포구,서울특별시남부교육지원청,서울특별시 영등포구 당산로 187,공립,false,37.53202744,126.8998142,elem,true,data.go.kr
B000002004,서울당중초등학교,7010000,영등포구,서울특별시남부교육지원청,서울특별시 영등포구 선유로 131,공립,false,37.52628923,126.8894135,elem,true,data.go.kr
B000002059,서울당현초등학교,7010000,노원구,서울특별시북부교육지원청,서울특별시 노원구 동일로213길 52,공립,false,37.64826016,127.0582136,elem,true,data.go.kr
B000002291,서울대곡초등학교,7010000,강남구,서울특별시강남서초교육지원청,서울특별시 강남구 남부순환로 3022,공립,false,37.49471064,127.0650265,elem,true,data.go.kr
B000002014,서울대길초등학교,7010000,영등포구,서울특별시남부교육지원청,서울특별시 영등포구 대방천로 206,공립,false,37.49811236,126.9131739,elem,true,data.go.kr
B000002285,서울대도초등학교,7010000,강남구,서울특별시강남서초교육지원청,서울특별시 강남구 선릉로 209,공립,false,37.49260076,127.0533774,elem,true,data.go.kr
B000002000,서울대동초등학교,7010000,영등포구,서울특별시남부교육지원청,서울특별시 영등포구 대림로21길 6,공립,false,37.49370503,126.9001194,elem,true,data.go.kr
B000002316,서울대림초등학교,7010000,동작구,서울특별시동작관악교육지원청,서울특별시 동작구 대방동1길 22,공립,false,37.5006148,126.9248833,elem,true,data.go.kr
B000002174,서울대명초등학교,7010000,강동구,서울특별시강동송파교육지원청,서울특별시 강동구 상암로 271,공립,false,37.54766615,127.1532897,elem,true,data.go.kr
B000002278,서울대모초등학교,7010000,강남구,서울특별시강남서초교육지원청,서울특별시 강남구 광평로20길 27,공립,false,37.48059845,127.0859938,elem,true,data.go.kr
B000002013,서울대방초등학교,7010000,영등포구,서울특별시남부교육지원청,서울특별시 영등포구 여의대방로35길 14,공립,false,37.50290012,126.9190202,elem,true,data.go.kr
B000001918,서울대신초등학교,7010000,서대문구,서울특별시서부교육지원청,서울특별시 서대문구 이화여대2길 27,공립,false,37.55795026,126.9480572,elem,true,data.go.kr
B000002011,서울대영초등학교,7010000,영등포구,서울특별시남부교육지원청,서울특별시 영등포구 신길로23길 43,공립,false,37.50267937,126.9063367,elem,true,data.go.kr
B000002276,서울대왕초등학교,7010000,강남구,서울특별시강남서초교육지원청,서울특별시 강남구 헌릉로618길 8,공립,false,37.46462117,127.1055912,elem,true,data.go.kr
B000001906,서울대은초등학교,7010000,은평구,서울특별시서부교육지원청,서울특별시 은평구 통일로69길 12-15,공립,false,37.61236712,126.9258698,elem,true,data.go.kr
B000001892,서울대조초등학교,7010000,은평구,서울특별시서부교육지원청,서울특별시 은평구 연서로18길 17,공립,false,37.61357914,126.9193022,elem,true,data.go.kr
B000002279,서울대진초등학교,7010000,강남구,서울특별시강남서초교육지원청,서울특별시 강남구 개포로109길 74,공립,false,37.49701211,127.0780425,elem,true,data.go.kr
B000002299,서울대청초등학교,7010000,강남구,서울특별시강남서초교육지원청,서울특별시 강남구 양재대로55길 28,공립,false,37.4931481,127.0877673,elem,true,data.go.kr
B000002283,서울대치초등학교,7010000,강남구,서울특별시강남서초교육지원청,서울특별시 강남구 양재천로 363,공립,false,37.49127807,127.0621964,elem,true,data.go.kr
B000002082,서울대학교사범대학부설초등학교,7010000,종로구,서울특별시중부교육지원청,서울특별시 종로구 대학로 64,국립,false,37.5775997,127.0042955,elem,true,data.go.kr
B000002292,서울대현초등학교,7010000,강남구,서울특별시강남서초교육지원청,서울특별시 강남구 역삼로98길 16,공립,false,37.50372159,127.0635654,elem,true,data.go.kr
B000002097,서울덕수초등학교,7010000,중구,서울특별시중부교육지원청,서울특별시 중구 덕수궁길 140,공립,false,37.56908888,126.9746579,elem,true,data.go.kr
B000002042,서울덕암초등학교,7010000,노원구,서울특별시북부교육지원청,서울특별시 노원구 덕릉로112길 68,공립,false,37.6666212,127.0814598,elem,true,data.go.kr
B000001963,서울덕의초등학교,7010000,구로구,서울특별시남부교육지원청,서울특별시 구로구 고척로 213,공립,false,37.50605683,126.857346,elem,true,data.go.kr
B000002284,서울도곡초등학교,7010000,강남구,서울특별시강남서초교육지원청,서울특별시 강남구 선릉로64길 33,공립,false,37.49951141,127.0544655,elem,true,data.go.kr
B000001999,서울도림초등학교,7010000,영등포구,서울특별시남부교육지원청,서울특별시 영등포구 가마산로65길 22,공립,false,37.50750302,126.9072907,elem,true,data.go.kr
B000002023,서울도봉초등학교,7010000,도봉구,서울특별시북부교육지원청,서울특별시 도봉구 도봉로173길 96,공립,false,37.67996175,127.0382887,elem,true,data.go.kr
B000002297,서울도성초등학교,7010000,강남구,서울특별시강남서초교육지원청,서울특별시 강남구 역삼로 313,공립,false,37.50146201,127.0488722,elem,true,data.go.kr
B000002005,서울도신초등학교,7010000,영등포구,서울특별시남부교육지원청,서울특별시 영등포구 도림로53길 32-9,공립,false,37.49926789,126.9007141,elem,true,data.go.kr
B000002089,서울독립문초등학교,7010000,종로구,서울특별시중부교육지원청,서울특별시 종로구 통일로12길 23,공립,false,37.57421553,126.9599722,elem,true,data.go.kr
B000001985,서울독산초등학교,7010000,금천구,서울특별시남부교육지원청,서울특별시 금천구 시흥대로104길 31,공립,false,37.46565691,126.8997128,elem,true,data.go.kr
B000002389,서울돈암초등학교,7010000,성북구,서울특별시성북강북교육지원청,서울특별시 성북구 동소문로13길 38,공립,false,37.59371444,127.0131036,elem,true,data.go.kr
B000001934,서울동교초등학교,7010000,마포구,서울특별시서부교육지원청,서울특별시 마포구 월드컵로25길 86,공립,false,37.55862448,126.9024006,elem,true,data.go.kr
B000001965,서울동구로초등학교,7010000,구로구,서울특별시남부교육지원청,서울특별시 구로구 구로중앙로14길 43,공립,false,37.49407053,126.8927802,elem,true,data.go.kr
B000001839,서울동답초등학교,7010000,동대문구,서울특별시동부교육지원청,서울특별시 동대문구 답십리로60길 12,공립,false,37.57150142,127.0640341,elem,true,data.go.kr
B000002355,서울동명초등학교,7010000,성동구,서울특별시성동광진교육지원청,서울특별시 성동구 마장로29길 29,공립,false,37.56812285,127.0351082,elem,true,data.go.kr
B000002393,서울동신초등학교,7010000,성북구,서울특별시성북강북교육지원청,서울특별시 성북구 보문사길 50,공립,false,37.58328787,127.017058,elem,true,data.go.kr
B000001861,서울동원초등학교,7010000,중랑구,서울특별시동부교육지원청,서울특별시 중랑구 송림길 114,공립,false,37.60457824,127.1044913,elem,true,data.go.kr
B000002370,서울동의초등학교,7010000,광진구,서울특별시성동광진교육지원청,서울특별시 광진구 영화사로 111,공립,false,37.55342244,127.0990473,elem,true,data.go.kr
B000002061,서울동일초등학교,7010000,노원구,서울특별시북부교육지원청,서울특별시 노원구 한글비석로 566,공립,false,37.66481537,127.054170,elem,true,data.go.kr
B000002375,서울동자초등학교,7010000,광진구,서울특별시성동광진교육지원청,서울특별시 광진구 뚝섬로 561,공립,false,37.53505821,127.0721792,elem,true,data.go.kr
B000002310,서울동작초등학교,7010000,동작구,서울특별시동작관악교육지원청,서울특별시 동작구 동작대로29길 214,공립,false,37.49410161,126.9765088,elem,true,data.go.kr
B000002348,서울동호초등학교,7010000,성동구,서울특별시성동광진교육지원청,서울특별시 성동구 매봉길 49-35,공립,false,37.54646244,127.0100328,elem,true,data.go.kr
B000001976,서울두산초등학교,7010000,금천구,서울특별시남부교육지원청,서울특별시 금천구 범안로11길 3,공립,false,37.46754839,126.8909461,elem,true,data.go.kr
B000002160,서울둔촌초등학교,7010000,강동구,서울특별시강동송파교육지원청,서울특별시 강동구 양재대로88길 27,공립,false,37.52624852,127.1374348,elem,true,data.go.kr
B000002220,서울등마초등학교,7010000,강서구,서울특별시강서양천교육지원청,서울특별시 강서구 등촌로35길 12,공립,false,37.54204371,126.8616672,elem,true,data.go.kr
B000002247,서울등명초등학교,7010000,강서구,서울특별시강서양천교육지원청,서울특별시 강서구 강서로56나길 34,공립,false,37.56089445,126.8423822,elem,true,data.go.kr
B000002246,서울등서초등학교,7010000,강서구,서울특별시강서양천교육지원청,서울특별시 강서구 화곡로58길 86,공립,false,37.55188439,126.8550381,elem,true,data.go.kr
B000002221,서울등양초등학교,7010000,강서구,서울특별시강서양천교육지원청,서울특별시 강서구 강서로56나길 140,공립,false,37.56494704,126.8447602,elem,true,data.go.kr
B000002249,서울등원초등학교,7010000,강서구,서울특별시강서양천교육지원청,서울특별시 강서구 화곡로65길 90,공립,false,37.55981354,126.850069,elem,true,data.go.kr
B000002237,서울등촌초등학교,7010000,강서구,서울특별시강서양천교육지원청,서울특별시 강서구 등촌로39길 71,공립,false,37.54761422,126.8579422,elem,true,data.go.kr
B000002248,서울등현초등학교,7010000,강서구,서울특별시강서양천교육지원청,서울특별시 강서구 화곡로65길 124,공립,false,37.56145118,126.8475984,elem,true,data.go.kr
B000002356,서울마장초등학교,7010000,성동구,서울특별시성동광진교육지원청,서울특별시 성동구 마장로35나길 31,공립,false,37.56830949,127.042128,elem,true,data.go.kr
B000002143,서울마천초등학교,7010000,송파구,서울특별시강동송파교육지원청,서울특별시 송파구 마천로61다길 24,공립,false,37.49550545,127.1526295,elem,true,data.go.kr
B000001933,서울마포초등학교,7010000,마포구,서울특별시서부교육지원청,서울특별시 마포구 도화2길 64,공립,false,37.53860225,126.949816,elem,true,data.go.kr
B000001863,서울망우초등학교,7010000,중랑구,서울특별시동부교육지원청,서울특별시 중랑구 망우로72길 49,공립,false,37.59873698,127.1038418,elem,true,data.go.kr
B000001935,서울망원초등학교,7010000,마포구,서울특별시서부교육지원청,서울특별시 마포구 방울내로5길 28,공립,false,37.56088948,126.9007631,elem,true,data.go.kr
B000002084,서울매동초등학교,7010000,종로구,서울특별시중부교육지원청,서울특별시 종로구 사직로9길 19,공립,false,37.57749965,126.9669415,elem,true,data.go.kr
B000001960,서울매봉초등학교,7010000,구로구,서울특별시남부교육지원청,서울특별시 구로구 고척로21길 55,공립,false,37.50491523,126.8443653,elem,true,data.go.kr
B000002259,서울매헌초등학교,7010000,서초구,서울특별시강남서초교육지원청,서울특별시 서초구 언남길 8,공립,false,37.47126248,127.0420698,elem,true,data.go.kr
B000001860,서울면남초등학교,7010000,중랑구,서울특별시동부교육지원청,서울특별시 중랑구 면목로30나길 38,공립,false,37.57725972,127.0876664,elem,true,data.go.kr
B000001867,서울면동초등학교,7010000,중랑구,서울특별시동부교육지원청,서울특별시 중랑구 면목로57길 32,공립,false,37.58535152,127.0865922,elem,true,data.go.kr
B000001859,서울면목초등학교,7010000,중랑구,서울특별시동부교육지원청,서울특별시 중랑구 면목로 434,공립,false,37.5906966,127.0872878,elem,true,data.go.kr
B000001862,서울면북초등학교,7010000,중랑구,서울특별시동부교육지원청,서울특별시 중랑구 용마공원로5길 32,공립,false,37.59441816,127.1035478,elem,true,data.go.kr
B000001864,서울면일초등학교,7010000,중랑구,서울특별시동부교육지원청,서울특별시 중랑구 용마산로100길 13,공립,false,37.5920416,127.0997947,elem,true,data.go.kr
B000002167,서울명덕초등학교,7010000,강동구,서울특별시강동송파교육지원청,서울특별시 강동구 양재대로156길 11,공립,false,37.55676233,127.1450815,elem,true,data.go.kr
B000002088,서울명신초등학교,7010000,종로구,서울특별시중부교육지원청,서울특별시 종로구 낙산길 250,공립,false,37.58146865,127.0146229,elem,true,data.go.kr
B000002173,서울명원초등학교,7010000,강동구,서울특별시강동송파교육지원청,서울특별시 강동구 명일로 364,공립,false,37.55128785,127.1505002,elem,true,data.go.kr
B000002180,서울명일초등학교,7010000,강동구,서울특별시강동송파교육지원청,서울특별시 강동구 고덕로38길 8,공립,false,37.5545536,127.1425911,elem,true,data.go.kr
B000002209,서울목동초등학교,7010000,양천구,서울특별시강서양천교육지원청,서울특별시 양천구 목동동로12길 12,공립,false,37.52280877,126.8721195,elem,true,data.go.kr
B000002190,서울목운초등학교,7010000,양천구,서울특별시강서양천교육지원청,서울특별시 양천구 목동동로 235,공립,false,37.52700952,126.8730442,elem,true,data.go.kr
B000002187,서울목원초등학교,7010000,양천구,서울특별시강서양천교육지원청,서울특별시 양천구 목동중앙로 204,공립,false,37.54291947,126.8824459,elem,true,data.go.kr
B000002163,서울묘곡초등학교,7010000,강동구,서울특별시강동송파교육지원청,서울특별시 강동구 동남로79길 46,공립,false,37.55871279,127.1530934,elem,true,data.go.kr
B000002364,서울무학초등학교,7010000,성동구,서울특별시성동광진교육지원청,서울특별시 성동구 무학봉15길 21,공립,false,37.56327474,127.0296135,elem,true,data.go.kr
B000001878,서울묵동초등학교,7010000,중랑구,서울특별시동부교육지원청,서울특별시 중랑구 동일로138길 27,공립,false,37.60335949,127.0808272,elem,true,data.go.kr
B000001871,서울묵현초등학교,7010000,중랑구,서울특별시동부교육지원청,서울특별시 중랑구 동일로157길 75,공립,false,37.60908041,127.0736243,elem,true,data.go.kr
B000001977,서울문교초등학교,7010000,금천구,서울특별시남부교육지원청,서울특별시 금천구 독산로54길 102,공립,false,37.46672027,126.9088159,elem,true,data.go.kr
B000002127,서울문덕초등학교,7010000,송파구,서울특별시강동송파교육지원청,서울특별시 송파구 송이로34길 60,공립,false,37.48518009,127.127729,elem,true,data.go.kr
B000002009,서울문래초등학교,7010000,영등포구,서울특별시남부교육지원청,서울특별시 영등포구 문래로 104,공립,false,37.51914038,126.8936057,elem,true,data.go.kr
B000001980,서울문백초등학교,7010000,금천구,서울특별시남부교육지원청,서울특별시 금천구 시흥대로47길 43-1,공립,false,37.44709025,126.8986974,elem,true,data.go.kr
B000001984,서울문성초등학교,7010000,금천구,서울특별시남부교육지원청,서울특별시 금천구 시흥대로 460,공립,false,37.47491196,126.8994492,elem,true,data.go.kr
B000002128,서울문정초등학교,7010000,송파구,서울특별시강동송파교육지원청,서울특별시 송파구 문정로5길 20,공립,false,37.48907284,127.1290135,elem,true,data.go.kr
B000002322,서울문창초등학교,7010000,동작구,서울특별시동작관악교육지원청,서울특별시 동작구 신대방2길 14,공립,false,37.48898483,126.9148407,elem,true,data.go.kr
B000002130,서울문현초등학교,7010000,송파구,서울특별시강동송파교육지원청,서울특별시 송파구 충민로 137,공립,false,37.48279092,127.1302223,elem,true,data.go.kr
B000001912,서울미동초등학교,7010000,서대문구,서울특별시서부교육지원청,서울특별시 서대문구 충정로 52,공립,false,37.56335057,126.9658506,elem,true,data.go.kr
B000001954,서울미래초등학교,7010000,구로구,서울특별시남부교육지원청,서울특별시 구로구 새말로 73,공립,false,37.50510665,126.8880137,elem,true,data.go.kr
B000002332,서울미성초등학교,7010000,관악구,서울특별시동작관악교육지원청,서울특별시 관악구 문성로 79,공립,false,37.47833997,126.9123923,elem,true,data.go.kr
B000002400,서울미아초등학교,7010000,성북구,서울특별시성북강북교육지원청,서울특별시 성북구 삼양로 77,공립,false,37.61058761,127.0216444,elem,true,data.go.kr
B000002425,서울미양초등학교,7010000,강북구,서울특별시성북강북교육지원청,서울특별시 강북구 솔샘로 195,공립,false,37.62153242,127.0141334,elem,true,data.go.kr
B000002258,서울반원초등학교,7010000,서초구,서울특별시강남서초교육지원청,서울특별시 서초구 잠원로3길 28,공립,false,37.510312,127.0040536,elem,true,data.go.kr
B000002229,서울발산초등학교,7010000,강서구,서울특별시강서양천교육지원청,서울특별시 강서구 강서로45길 113,공립,false,37.55026244,126.8309944,elem,true,data.go.kr
B000002265,서울방배초등학교,7010000,서초구,서울특별시강남서초교육지원청,서울특별시 서초구 방배중앙로13길 26,공립,false,37.4867641,126.9871924,elem,true,data.go.kr
B000002146,서울방산초등학교,7010000,송파구,서울특별시강동송파교육지원청,서울특별시 송파구 오금로27길 42,공립,false,37.50955532,127.1210892,elem,true,data.go.kr
B000002123,서울방이초등학교,7010000,송파구,서울특별시강동송파교육지원청,서울특별시 송파구 위례성대로10길 4,공립,false,37.51343915,127.1204994,elem,true,data.go.kr
B000002262,서울방일초등학교,7010000,서초구,서울특별시강남서초교육지원청,서울특별시 서초구 방배로18길 52,공립,false,37.4852056,126.998849,elem,true,data.go.kr
B000002024,서울방학초등학교,7010000,도봉구,서울특별시북부교육지원청,서울특별시 도봉구 도당로9길 34,공립,false,37.66393373,127.032748,elem,true,data.go.kr
B000002266,서울방현초등학교,7010000,서초구,서울특별시강남서초교육지원청,서울특별시 서초구 효령로4길 58,공립,false,37.47650298,126.9900734,elem,true,data.go.kr
B000002241,서울방화초등학교,7010000,강서구,서울특별시강서양천교육지원청,서울특별시 강서구 양천로6길 92,공립,false,37.56870373,126.8074982,elem,true,data.go.kr
B000001847,서울배봉초등학교,7010000,동대문구,서울특별시동부교육지원청,서울특별시 동대문구 사가정로 193,공립,false,37.58008416,127.0668719,elem,true,data.go.kr
B000001989,서울백산초등학교,7010000,금천구,서울특별시남부교육지원청,서울특별시 금천구 시흥대로38길 78,공립,false,37.44673975,126.905146,elem,true,data.go.kr
B000002238,서울백석초등학교,7010000,강서구,서울특별시강서양천교육지원청,서울특별시 강서구 공항대로 491,공립,false,37.55364765,126.8624258,elem,true,data.go.kr
B000002029,서울백운초등학교,7010000,도봉구,서울특별시북부교육지원청,서울특별시 도봉구 삼양로146길 17,공립,false,37.65264151,127.0136725,elem,true,data.go.kr
B000002158,서울버들초등학교,7010000,송파구,서울특별시강동송파교육지원청,서울특별시 송파구 석촌호수로 81,공립,false,37.51028143,127.0889992,elem,true,data.go.kr
B000002418,서울번동초등학교,7010000,강북구,서울특별시성북강북교육지원청,서울특별시 강북구 오현로 204,공립,false,37.62900012,127.0400394,elem,true,data.go.kr
B000002321,서울보라매초등학교,7010000,동작구,서울특별시동작관악교육지원청,서울특별시 동작구 여의대방로16길 30,공립,false,37.49585189,126.9161445,elem,true,data.go.kr
B000002308,서울본동초등학교,7010000,동작구,서울특별시동작관악교육지원청,서울특별시 동작구 노량진로26길 16-40,공립,false,37.50992508,126.9538508,elem,true,data.go.kr
B000002098,서울봉래초등학교,7010000,중구,서울특별시중부교육지원청,서울특별시 중구 손기정로 73,공립,false,37.55641234,126.9652506,elem,true,data.go.kr
B000002275,서울봉은초등학교,7010000,강남구,서울특별시강남서초교육지원청,서울특별시 강남구 학동로 610,공립,false,37.52008269,127.0609329,elem,true,data.go.kr
B000002335,서울봉천초등학교,7010000,관악구,서울특별시동작관악교육지원청,서울특별시 관악구 행운1라길 17,공립,false,37.4832696,126.9581884,elem,true,data.go.kr
B000002333,서울봉현초등학교,7010000,관악구,서울특별시동작관악교육지원청,서울특별시 관악구 성현로 117,공립,false,37.49124068,126.9555874,elem,true,data.go.kr
B000001877,서울봉화초등학교,7010000,중랑구,서울특별시동부교육지원청,서울특별시 중랑구 신내로15길 110,공립,false,37.61357623,127.0924085,elem,true,data.go.kr
B000001919,서울북가좌초등학교,7010000,서대문구,서울특별시서부교육지원청,서울특별시 서대문구 거북골로19길 20,공립,false,37.57722021,126.9077782,elem,true,data.go.kr
B000001916,서울북성초등학교,7010000,서대문구,서울특별시서부교육지원청,서울특별시 서대문구 북아현로1나길 22,공립,false,37.55963212,126.9518349,elem,true,data.go.kr
B000001885,서울북한산초등학교,7010000,은평구,서울특별시서부교육지원청,서울특별시 은평구 대서문길 42-3,공립,false,37.65363208,126.9504624,elem,true,data.go.kr
B000001894,서울불광초등학교,7010000,은평구,서울특별시서부교육지원청,서울특별시 은평구 불광로 51,공립,false,37.61342945,126.9307187,elem,true,data.go.kr
B000002045,서울불암초등학교,7010000,노원구,서울특별시북부교육지원청,서울특별시 노원구 중계로 178,공립,false,37.65078442,127.0806018,elem,true,data.go.kr
B000002357,서울사근초등학교,7010000,성동구,서울특별시성동광진교육지원청,서울특별시 성동구 사근동11길 16,공립,false,37.562685,127.047545,elem,true,data.go.kr
B000002337,서울사당초등학교,7010000,관악구,서울특별시동작관악교육지원청,서울특별시 관악구 남현4길 51,공립,false,37.47383628,126.9733501,elem,true,data.go.kr
B000002421,서울삼각산초등학교,7010000,강북구,서울특별시성북강북교육지원청,서울특별시 강북구 삼양로19길 141,공립,false,37.61614897,127.0145684,elem,true,data.go.kr
B000002119,서울삼광초등학교,7010000,용산구,서울특별시중부교육지원청,서울특별시 용산구 두텁바위로1나길 19,공립,false,37.54775231,126.9765943,elem,true,data.go.kr
B000002293,서울삼릉초등학교,7010000,강남구,서울특별시강남서초교육지원청,서울특별시 강남구 봉은사로63길 22,공립,false,37.51325992,127.0469495,elem,true,data.go.kr
B000002391,서울삼선초등학교,7010000,성북구,서울특별시성북강북교육지원청,서울특별시 성북구 보문로29길 106,공립,false,37.58714152,127.0126718,elem,true,data.go.kr
B000002331,서울삼성초등학교,7010000,관악구,서울특별시동작관악교육지원청,서울특별시 관악구 대학7길 52,공립,false,37.46852204,126.9404929,elem,true,data.go.kr
B000002420,서울삼양초등학교,7010000,강북구,서울특별시성북강북교육지원청,서울특별시 강북구 삼양로49길 17,공립,false,37.62329558,127.0161491,elem,true,data.go.kr
B000001857,서울삼육초등학교,7010000,동대문구,서울특별시동부교육지원청,서울특별시 동대문구 회기로10길 63,사립,false,37.5887715,127.0471713,elem,true,data.go.kr
B000002311,서울삼일초등학교,7010000,동작구,서울특별시동작관악교육지원청,서울특별시 동작구 사당로23나길 27,공립,false,37.48823549,126.9751016,elem,true,data.go.kr
B000002147,서울삼전초등학교,7010000,송파구,서울특별시강동송파교육지원청,서울특별시 송파구 백제고분로28길 19,공립,false,37.50169984,127.0932689,elem,true,data.go.kr
B000002226,서울삼정초등학교,7010000,강서구,서울특별시강서양천교육지원청,서울특별시 강서구 금낭화로 222,공립,false,37.58050843,126.8104937,elem,true,data.go.kr
B000002076,서울상경초등학교,7010000,노원구,서울특별시북부교육지원청,서울특별시 노원구 수락산로 237,공립,false,37.67050507,127.0516742,elem,true,data.go.kr
B000002055,서울상계초등학교,7010000,노원구,서울특별시북부교육지원청,서울특별시 노원구 상계로9길 39,공립,false,37.65962546,127.066495,elem,true,data.go.kr
B000002057,서울상곡초등학교,7010000,노원구,서울특별시북부교육지원청,서울특별시 노원구 노원로38길 34,공립,false,37.66290401,127.0620747,elem,true,data.go.kr
B000002320,서울상도초등학교,7010000,동작구,서울특별시동작관악교육지원청,서울특별시 동작구 성대로21길 62,공립,false,37.50034777,126.9372288,elem,true,data.go.kr
B000001873,서울상봉초등학교,7010000,중랑구,서울특별시동부교육지원청,서울특별시 중랑구 동일로126가길 11,공립,false,37.59797895,127.0831714,elem,true,data.go.kr
B000002077,서울상수초등학교,7010000,노원구,서울특별시북부교육지원청,서울특별시 노원구 동일로216길 66,공립,false,37.65110502,127.0647586,elem,true,data.go.kr
B000001900,서울상신초등학교,7010000,은평구,서울특별시서부교육지원청,서울특별시 은평구 가좌로 361,공립,false,37.59755372,126.9046049,elem,true,data.go.kr
B000001950,서울상암초등학교,7010000,마포구,서울특별시서부교육지원청,서울특별시 마포구 월드컵북로 353,공립,false,37.57633795,126.8923219,elem,true,data.go.kr
B000002044,서울상원초등학교,7010000,노원구,서울특별시북부교육지원청,서울특별시 노원구 한글비석로54길 119,공립,false,37.66763033,127.0597173,elem,true,data.go.kr
B000002058,서울상월초등학교,7010000,노원구,서울특별시북부교육지원청,서울특별시 노원구 동일로221길 27,공립,false,37.65865224,127.056980,elem,true,data.go.kr
B000002176,서울상일초등학교,7010000,강동구,서울특별시강동송파교육지원청,서울특별시 강동구 천호대로 1477,공립,false,37.54757217,127.1726635,elem,true,data.go.kr
B000001949,서울상지초등학교,7010000,마포구,서울특별시서부교육지원청,서울특별시 마포구 월드컵로42길 30,공립,false,37.57975102,126.8820736,elem,true,data.go.kr
B000002060,서울상천초등학교,7010000,노원구,서울특별시북부교육지원청,서울특별시 노원구 덕릉로 443,공립,false,37.64628513,127.0578888,elem,true,data.go.kr
B000022774,서울상현초등학교,7010000,동작구,서울특별시동작관악교육지원청,서울특별시 동작구 상도로58길 21,공립,false,37.49487439,126.9526884,elem,true,data.go.kr
B000025276,서울새솔초등학교,7010000,중랑구,서울특별시동부교육지원청,서울특별시 중랑구 신내역로1길 164,공립,false,37.61798909,127.1113284,elem,true,data.go.kr
B000001936,서울서강초등학교,7010000,마포구,서울특별시서부교육지원청,서울특별시 마포구 독막로 113,공립,false,37.54869715,126.9268512,elem,true,data.go.kr
B000001938,서울서교초등학교,7010000,마포구,서울특별시서부교육지원청,서울특별시 마포구 와우산로23길 20-27,공립,false,37.55488903,126.9243787,elem,true,data.go.kr
B000002264,서울서래초등학교,7010000,서초구,서울특별시강남서초교육지원청,서울특별시 서초구 방배로 260,공립,false,37.496404,126.9901565,elem,true,data.go.kr
B000002113,서울서빙고초등학교,7010000,용산구,서울특별시중부교육지원청,서울특별시 용산구 서빙고로51길 14,공립,false,37.52206892,126.9923004,elem,true,data.go.kr
B000001899,서울서신초등학교,7010000,은평구,서울특별시서부교육지원청,서울특별시 은평구 은평터널로 150,공립,false,37.59229405,126.9073823,elem,true,data.go.kr
B000002255,서울서원초등학교,7010000,서초구,서울특별시강남서초교육지원청,서울특별시 서초구 고무래로 63,공립,false,37.5024389,127.0146195,elem,true,data.go.kr
B000002268,서울서이초등학교,7010000,서초구,서울특별시강남서초교육지원청,서울특별시 서초구 서운로 35,공립,false,37.49156467,127.025618,elem,true,data.go.kr
B000002269,서울서일초등학교,7010000,서초구,서울특별시강남서초교육지원청,서울특별시 서초구 남부순환로339길 38,공립,false,37.48529778,127.0221598,elem,true,data.go.kr
B000002189,서울서정초등학교,7010000,양천구,서울특별시강서양천교육지원청,서울특별시 양천구 목동로8길 19,공립,false,37.52345012,126.8672362,elem,true,data.go.kr
B000002267,서울서초초등학교,7010000,서초구,서울특별시강남서초교육지원청,서울특별시 서초구 서운로 178,공립,false,37.49904877,127.0248915,elem,true,data.go.kr
B000002402,서울석계초등학교,7010000,성북구,서울특별시성북강북교육지원청,서울특별시 성북구 한천로58길 273,공립,false,37.60881368,127.0697321,elem,true,data.go.kr
B000002403,서울석관초등학교,7010000,성북구,서울특별시성북강북교육지원청,서울특별시 성북구 돌곶이로22길 21,공립,false,37.61102206,127.0583553,elem,true,data.go.kr
B000002148,서울석촌초등학교,7010000,송파구,서울특별시강동송파교육지원청,서울특별시 송파구 가락로11길 26,공립,false,37.50263063,127.1052122,elem,true,data.go.kr
B000002067,서울선곡초등학교,7010000,노원구,서울특별시북부교육지원청,서울특별시 노원구 광운로2길 1,공립,false,37.61869443,127.0578029,elem,true,data.go.kr
B000002161,서울선린초등학교,7010000,강동구,서울특별시강동송파교육지원청,서울특별시 강동구 진황도로61길 29,공립,false,37.52976012,127.145594,elem,true,data.go.kr
B000002184,서울선사초등학교,7010000,강동구,서울특별시강동송파교육지원청,서울특별시 강동구 올림픽로 837,공립,false,37.55584691,127.128196,elem,true,data.go.kr
B000002003,서울선유초등학교,7010000,영등포구,서울특별시남부교육지원청,서울특별시 영등포구 선유로43가길 14,공립,false,37.53287919,126.8927768,elem,true,data.go.kr
B000002179,서울성내초등학교,7010000,강동구,서울특별시강동송파교육지원청,서울특별시 강동구 성내로3길 19,공립,false,37.53135786,127.1225001,elem,true,data.go.kr
B000002404,서울성북초등학교,7010000,성북구,서울특별시성북강북교육지원청,서울특별시 성북구 성북로 102-10,공립,false,37.59405389,126.9987754,elem,true,data.go.kr
B000001948,서울성산초등학교,7010000,마포구,서울특별시서부교육지원청,서울특별시 마포구 양화로3길 94,공립,false,37.55342789,126.9109504,elem,true,data.go.kr
B000001940,서울성서초등학교,7010000,마포구,서울특별시서부교육지원청,서울특별시 마포구 성미산로7길 24,공립,false,37.56059575,126.9109242,elem,true,data.go.kr
B000002359,서울성수초등학교,7010000,성동구,서울특별시성동광진교육지원청,서울특별시 성동구 아차산로17길 21,공립,false,37.54433609,127.0631674,elem,true,data.go.kr
B000001939,서울성원초등학교,7010000,마포구,서울특별시서부교육지원청,서울특별시 마포구 월드컵로36길 34,공립,false,37.56698252,126.9050853,elem,true,data.go.kr
B000002178,서울성일초등학교,7010000,강동구,서울특별시강동송파교육지원청,서울특별시 강동구 성내로15길 33,공립,false,37.52970924,127.1284083,elem,true,data.go.kr
B000002378,서울성자초등학교,7010000,광진구,서울특별시성동광진교육지원청,서울특별시 광진구 뚝섬로56길 7,공립,false,37.53149357,127.0834083,elem,true,data.go.kr
B000002091,서울세검정초등학교,7010000,종로구,서울특별시중부교육지원청,서울특별시 종로구 세검정로9길 1,공립,false,37.60346883,126.9609387,elem,true,data.go.kr
B000001964,서울세곡초등학교,7010000,구로구,서울특별시남부교육지원청,서울특별시 구로구 고척로33길 34,공립,false,37.5050561,126.8491198,elem,true,data.go.kr
B000002145,서울세륜초등학교,7010000,송파구,서울특별시강동송파교육지원청,서울특별시 송파구 양재대로 1264,공립,false,37.51855781,127.1341633,elem,true,data.go.kr
B000022754,서울세명초등학교,7010000,강남구,서울특별시강남서초교육지원청,서울특별시 강남구 자곡로 55,공립,false,37.4688571,127.0910759,elem,true,data.go.kr
B000001944,서울소의초등학교,7010000,마포구,서울특별시서부교육지원청,서울특별시 마포구 마포대로24길 42,공립,false,37.55278186,126.9606556,elem,true,data.go.kr
B000025289,서울송례초등학교,7010000,송파구,서울특별시강동송파교육지원청,서울특별시 송파구 위례순환로 439,공립,false,37.4778913,127.1384402,elem,true,data.go.kr
B000002360,서울송원초등학교,7010000,성동구,서울특별시성동광진교육지원청,서울특별시 성동구 동일로43길 9,공립,false,37.55415927,127.0695262,elem,true,data.go.kr
B000002133,서울송전초등학교,7010000,송파구,서울특별시강동송파교육지원청,서울특별시 송파구 석촌호수로 159,공립,false,37.50881326,127.0951265,elem,true,data.go.kr
B000002235,서울송정초등학교,7010000,강서구,서울특별시강서양천교육지원청,서울특별시 강서구 공항대로3길 18,공립,false,37.56223089,126.8102813,elem,true,data.go.kr
B000002423,서울송중초등학교,7010000,강북구,서울특별시성북강북교육지원청,서울특별시 강북구 오현로 9,공립,false,37.61700008,127.0314657,elem,true,data.go.kr
B000002422,서울송천초등학교,7010000,강북구,서울특별시성북강북교육지원청,서울특별시 강북구 삼양로20길 29,공립,false,37.6149052,127.0237354,elem,true,data.go.kr
B000002149,서울송파초등학교,7010000,송파구,서울특별시강동송파교육지원청,서울특별시 송파구 백제고분로 400,공립,false,37.50713737,127.111119,elem,true,data.go.kr
B000002239,서울송화초등학교,7010000,강서구,서울특별시강서양천교육지원청,서울특별시 강서구 방화대로34길 2,공립,false,37.56769447,126.8168745,elem,true,data.go.kr
B000002064,서울수락초등학교,7010000,노원구,서울특별시북부교육지원청,서울특별시 노원구 동일로 1745,공립,false,37.68450319,127.0551852,elem,true,data.go.kr
B000001891,서울수리초등학교,7010000,은평구,서울특별시서부교육지원청,서울특별시 은평구 불광로14길 10-10,공립,false,37.62030737,126.9341783,elem,true,data.go.kr
B000002250,서울수명초등학교,7010000,강서구,서울특별시강서양천교육지원청,서울특별시 강서구 수명로1길 84,공립,false,37.55277267,126.8238445,elem,true,data.go.kr
B000001897,서울수색초등학교,7010000,은평구,서울특별시서부교육지원청,서울특별시 은평구 수색로16길 21,공립,false,37.58517215,126.8960121,elem,true,data.go.kr
B000002277,서울수서초등학교,7010000,강남구,서울특별시강남서초교육지원청,서울특별시 강남구 광평로51길 46,공립,false,37.49115148,127.1015496,elem,true,data.go.kr
B000002426,서울수송초등학교,7010000,강북구,서울특별시성북강북교육지원청,서울특별시 강북구 한천로124길 14,공립,false,37.63732397,127.0332067,elem,true,data.go.kr
B000002046,서울수암초등학교,7010000,노원구,서울특별시북부교육지원청,서울특별시 노원구 중계로12길 9,공립,false,37.64769283,127.0814646,elem,true,data.go.kr
B000002427,서울수유초등학교,7010000,강북구,서울특별시성북강북교육지원청,서울특별시 강북구 삼양로74길 39,공립,false,37.63124966,127.0202924,elem,true,data.go.kr
B000002396,서울숭곡초등학교,7010000,성북구,서울특별시성북강북교육지원청,서울특별시 성북구 종암로40길 30,공립,false,37.60840947,127.0328151,elem,true,data.go.kr
B000002394,서울숭덕초등학교,7010000,성북구,서울특별시성북강북교육지원청,서울특별시 성북구 정릉로 279,공립,false,37.6038198,127.013291,elem,true,data.go.kr
B000002411,서울숭례초등학교,7010000,성북구,서울특별시성북강북교육지원청,서울특별시 성북구 종암로5길 14,공립,false,37.59452119,127.0352972,elem,true,data.go.kr
B000002027,서울숭미초등학교,7010000,도봉구,서울특별시북부교육지원청,서울특별시 도봉구 노해로 179,공립,false,37.65102344,127.0279443,elem,true,data.go.kr
B000026371,서울숭신초등학교,7010000,성동구,서울특별시성동광진교육지원청,서울특별시 성동구 마장로 161,공립,false,37.56781934,127.0278897,elem,true,data.go.kr
B000002412,서울숭인초등학교,7010000,성북구,서울특별시성북강북교육지원청,서울특별시 성북구 오패산로16길 37,공립,false,37.6091602,127.0382341,elem,true,data.go.kr
B000001992,서울시흥초등학교,7010000,금천구,서울특별시남부교육지원청,서울특별시 금천구 독산로23길 26,공립,false,37.45534062,126.9046393,elem,true,data.go.kr
B000002137,서울신가초등학교,7010000,송파구,서울특별시강동송파교육지원청,서울특별시 송파구 송이로 75,공립,false,37.5003628,127.1198778,elem,true,data.go.kr
B000002205,서울신강초등학교,7010000,양천구,서울특별시강서양천교육지원청,서울특별시 양천구 중앙로55길 72,공립,false,37.52584419,126.8422639,elem,true,data.go.kr
B000002040,서울신계초등학교,7010000,노원구,서울특별시북부교육지원청,서울특별시 노원구 초안산로 29,공립,false,37.62979163,127.052769,elem,true,data.go.kr
B000002219,서울신곡초등학교,7010000,강서구,서울특별시강서양천교육지원청,서울특별시 강서구 등촌로13자길 42-14,공립,false,37.53909546,126.8560096,elem,true,data.go.kr
B000001966,서울신구로초등학교,7010000,구로구,서울특별시남부교육지원청,서울특별시 구로구 가마산로27길 69,공립,false,37.49966003,126.8897631,elem,true,data.go.kr
B000002295,서울신구초등학교,7010000,강남구,서울특별시강남서초교육지원청,서울특별시 강남구 압구정로18길 28,공립,false,37.52336057,127.0239924,elem,true,data.go.kr
B000002195,서울신기초등학교,7010000,양천구,서울특별시강서양천교육지원청,서울특별시 양천구 신정로 292,공립,false,37.5113683,126.854213,elem,true,data.go.kr
B000002315,서울신길초등학교,7010000,동작구,서울특별시동작관악교육지원청,서울특별시 동작구 알마타길 16,공립,false,37.51087166,126.9267292,elem,true,data.go.kr
B000002313,서울신남성초등학교,7010000,동작구,서울특별시동작관악교육지원청,서울특별시 동작구 사당로 146,공립,false,37.48815254,126.964870,elem,true,data.go.kr
B000002207,서울신남초등학교,7010000,양천구,서울특별시강서양천교육지원청,서울특별시 양천구 남부순환로83길 44,공립,false,37.51652866,126.8447962,elem,true,data.go.kr
B000001875,서울신내초등학교,7010000,중랑구,서울특별시동부교육지원청,서울특별시 중랑구 용마산로125나길 22,공립,false,37.60493422,127.1001285,elem,true,data.go.kr
B000001841,서울신답초등학교,7010000,동대문구,서울특별시동부교육지원청,서울특별시 동대문구 천호대로 177,공립,false,37.57270461,127.0429617,elem,true,data.go.kr
B000002101,서울신당초등학교,7010000,중구,서울특별시중부교육지원청,서울특별시 중구 난계로 141,공립,false,37.56362621,127.0236731,elem,true,data.go.kr
B000002007,서울신대림초등학교,7010000,영등포구,서울특별시남부교육지원청,서울특별시 영등포구 대림로8길 25,공립,false,37.49215682,126.9058543,elem,true,data.go.kr
B000001972,서울신도림초등학교,7010000,구로구,서울특별시남부교육지원청,서울특별시 구로구 신도림로19길 44,공립,false,37.51198439,126.8832546,elem,true,data.go.kr
B000001882,서울신도초등학교,7010000,은평구,서울특별시서부교육지원청,서울특별시 은평구 진관1로 77-23,공립,false,37.63296389,126.9291989,elem,true,data.go.kr
B000002273,서울신동초등학교,7010000,서초구,서울특별시강남서초교육지원청,서울특별시 서초구 나루터로 15,공립,false,37.51713004,127.0113904,elem,true,data.go.kr
B000002328,서울신림초등학교,7010000,관악구,서울특별시동작관악교육지원청,서울특별시 관악구 문성로28길 31,공립,false,37.47711985,126.9268767,elem,true,data.go.kr
B000002168,서울신명초등학교,7010000,강동구,서울특별시강동송파교육지원청,서울특별시 강동구 명일로24길 33,공립,false,37.54092685,127.1499791,elem,true,data.go.kr
B000002210,서울신목초등학교,7010000,양천구,서울특별시강서양천교육지원청,서울특별시 양천구 신목로5길 11-6,공립,false,37.51661098,126.8726408,elem,true,data.go.kr
B000001872,서울신묵초등학교,7010000,중랑구,서울특별시동부교육지원청,서울특별시 중랑구 동일로149길 46,공립,false,37.60652285,127.0758358,elem,true,data.go.kr
B000001971,서울신미림초등학교,7010000,구로구,서울특별시남부교육지원청,서울특별시 구로구 신도림로 26,공립,false,37.50714192,126.8795527,elem,true,data.go.kr
B000002025,서울신방학초등학교,7010000,도봉구,서울특별시북부교육지원청,서울특별시 도봉구 시루봉로 173,공립,false,37.66668425,127.0289181,elem,true,data.go.kr
B000002340,서울신봉초등학교,7010000,관악구,서울특별시동작관악교육지원청,서울특별시 관악구 양녕로6나길 1,공립,false,37.48557635,126.9493909,elem,true,data.go.kr
B000001947,서울신북초등학교,7010000,마포구,서울특별시서부교육지원청,서울특별시 마포구 월드컵북로38길 26,공립,false,37.57110496,126.9053603,elem,true,data.go.kr
B000001898,서울신사초등학교,7010000,은평구,서울특별시서부교육지원청,서울특별시 은평구 가좌로 275-2,공립,false,37.5928019,126.9119832,elem,true,data.go.kr
B000002054,서울신상계초등학교,7010000,노원구,서울특별시북부교육지원청,서울특별시 노원구 상계로 267,공립,false,37.66751782,127.0758263,elem,true,data.go.kr
B000002305,서울신상도초등학교,7010000,동작구,서울특별시동작관악교육지원청,서울특별시 동작구 장승배기로 14,공립,false,37.50034802,126.9446159,elem,true,data.go.kr
B000002193,서울신서초등학교,7010000,양천구,서울특별시강서양천교육지원청,서울특별시 양천구 목동서로10길 35,공립,false,37.52055887,126.8623309,elem,true,data.go.kr
B000001942,서울신석초등학교,7010000,마포구,서울특별시서부교육지원청,서울특별시 마포구 대흥로 33,공립,false,37.54453582,126.9377793,elem,true,data.go.kr
B000002346,서울신성초등학교,7010000,관악구,서울특별시동작관악교육지원청,서울특별시 관악구 신림로 114,공립,false,37.47200331,126.9367542,elem,true,data.go.kr
B000002185,서울신암초등학교,7010000,강동구,서울특별시강동송파교육지원청,서울특별시 강동구 올림픽로93길 33-16,공립,false,37.55002367,127.1244044,elem,true,data.go.kr
B000002376,서울신양초등학교,7010000,광진구,서울특별시성동광진교육지원청,서울특별시 광진구 능동로 42,공립,false,37.53462395,127.0699953,elem,true,data.go.kr
B000002006,서울신영초등학교,7010000,영등포구,서울특별시남부교육지원청,서울특별시 영등포구 도신로4길 32,공립,false,37.50100602,126.8960948,elem,true,data.go.kr
B000002121,서울신용산초등학교,7010000,용산구,서울특별시중부교육지원청,서울특별시 용산구 이촌로 255,공립,false,37.52062959,126.9753663,elem,true,data.go.kr
B000002327,서울신우초등학교,7010000,관악구,서울특별시동작관악교육지원청,서울특별시 관악구 호암로 498,공립,false,37.46326397,126.9325353,elem,true,data.go.kr
B000002203,서울신원초등학교,7010000,양천구,서울특별시강서양천교육지원청,서울특별시 양천구 남부순환로58길 32,공립,false,37.52950283,126.829855,elem,true,data.go.kr
B000002245,서울신월초등학교,7010000,강서구,서울특별시강서양천교육지원청,서울특별시 강서구 강서로31길 48,공립,false,37.54036551,126.8394555,elem,true,data.go.kr
B000002186,서울신은초등학교,7010000,양천구,서울특별시강서양천교육지원청,서울특별시 양천구 신정이펜2로 30,공립,false,37.51391281,126.8321696,elem,true,data.go.kr
B000002377,서울신자초등학교,7010000,광진구,서울특별시성동광진교육지원청,서울특별시 광진구 뚝섬로46길 64,공립,false,37.53027881,127.0755876,elem,true,data.go.kr
B000002218,서울신정초등학교,7010000,강서구,서울특별시강서양천교육지원청,서울특별시 강서구 곰달래로31가길 27,공립,false,37.53207171,126.8523579,elem,true,data.go.kr
B000002254,서울신중초등학교,7010000,서초구,서울특별시강남서초교육지원청,서울특별시 서초구 남부순환로317길 15,공립,false,37.48015788,127.0093433,elem,true,data.go.kr
B000002036,서울신창초등학교,7010000,도봉구,서울특별시북부교육지원청,서울특별시 도봉구 덕릉로60길 93,공립,false,37.63659186,127.0420843,elem,true,data.go.kr
B000002159,서울신천초등학교,7010000,송파구,서울특별시강동송파교육지원청,서울특별시 송파구 올림픽로 215,공립,false,37.5140111,127.0950476,elem,true,data.go.kr
B000002018,서울신학초등학교,7010000,도봉구,서울특별시북부교육지원청,서울특별시 도봉구 방학로 247-21,공립,false,37.66122045,127.0257213,elem,true,data.go.kr
B000001874,서울신현초등학교,7010000,중랑구,서울특별시동부교육지원청,서울특별시 중랑구 봉화산로 188,공립,false,37.60581459,127.0935852,elem,true,data.go.kr
B000002037,서울신화초등학교,7010000,도봉구,서울특별시북부교육지원청,서울특별시 도봉구 우이천로 120,공립,false,37.63319504,127.0408842,elem,true,data.go.kr
B000001981,서울신흥초등학교,7010000,금천구,서울특별시남부교육지원청,서울특별시 금천구 독산로36나길 21,공립,false,37.45934816,126.9093508,elem,true,data.go.kr
B000002028,서울쌍문초등학교,7010000,도봉구,서울특별시북부교육지원청,서울특별시 도봉구 우이천로 360,공립,false,37.64836383,127.0242911,elem,true,data.go.kr
B000002157,서울아주초등학교,7010000,송파구,서울특별시강동송파교육지원청,서울특별시 송파구 올림픽로4길 59,공립,false,37.50582689,127.075764,elem,true,data.go.kr
B000001943,서울아현초등학교,7010000,마포구,서울특별시서부교육지원청,서울특별시 마포구 굴레방로 6,공립,false,37.5558319,126.9562422,elem,true,data.go.kr
B000001923,서울안산초등학교,7010000,서대문구,서울특별시서부교육지원청,서울특별시 서대문구 통일로 321,공립,false,37.57916901,126.9522097,elem,true,data.go.kr
B000002392,서울안암초등학교,7010000,성북구,서울특별시성북강북교육지원청,서울특별시 성북구 고려대로7가길 39,공립,false,37.5871587,127.0220989,elem,true,data.go.kr
B000001986,서울안천초등학교,7010000,금천구,서울특별시남부교육지원청,서울특별시 금천구 한내로 69-16,공립,false,37.45874564,126.888390,elem,true,data.go.kr
B000001846,서울안평초등학교,7010000,동대문구,서울특별시동부교육지원청,서울특별시 동대문구 장한로14길 61,공립,false,37.56596821,127.0720334,elem,true,data.go.kr
B000002296,서울압구정초등학교,7010000,강남구,서울특별시강남서초교육지원청,서울특별시 강남구 압구정로39길 29,공립,false,37.53173911,127.0308441,elem,true,data.go.kr
B000002206,서울양강초등학교,7010000,양천구,서울특별시강서양천교육지원청,서울특별시 양천구 오목로 101,공립,false,37.52423449,126.8478515,elem,true,data.go.kr
B000002379,서울양남초등학교,7010000,광진구,서울특별시성동광진교육지원청,서울특별시 광진구 뚝섬로64길 71,공립,false,37.53112324,127.0892343,elem,true,data.go.kr
B000002213,서울양동초등학교,7010000,양천구,서울특별시강서양천교육지원청,서울특별시 양천구 오목로23길 24,공립,false,37.52584826,126.8512402,elem,true,data.go.kr
B000002194,서울양명초등학교,7010000,양천구,서울특별시강서양천교육지원청,서울특별시 양천구 중앙로 204,공립,false,37.51637495,126.8566349,elem,true,data.go.kr
B000002197,서울양목초등학교,7010000,양천구,서울특별시강서양천교육지원청,서울특별시 양천구 목동로11길 30,공립,false,37.52391851,126.8614719,elem,true,data.go.kr
B000027451,서울양원숲초등학교,7010000,중랑구,서울특별시동부교육지원청,서울특별시 중랑구 양원역로 95,공립,false,37.60934379,127.1051943,elem,true,data.go.kr
B000002202,서울양원초등학교,7010000,양천구,서울특별시강서양천교육지원청,서울특별시 양천구 화곡로 16,공립,false,37.53821733,126.8231052,elem,true,data.go.kr
B000002271,서울양재초등학교,7010000,서초구,서울특별시강남서초교육지원청,서울특별시 서초구 바우뫼로18길 14,공립,false,37.47416538,127.0318861,elem,true,data.go.kr
B000002280,서울양전초등학교,7010000,강남구,서울특별시강남서초교육지원청,서울특별시 강남구 개포로 513,공립,false,37.49028284,127.0694253,elem,true,data.go.kr
B000002367,서울양진초등학교,7010000,광진구,서울특별시성동광진교육지원청,서울특별시 광진구 워커힐로 32,공립,false,37.54457517,127.0983249,elem,true,data.go.kr
B000002230,서울양천초등학교,7010000,강서구,서울특별시강서양천교육지원청,서울특별시 강서구 양천로 329,공립,false,37.57018817,126.8395397,elem,true,data.go.kr
B000002200,서울양화초등학교,7010000,양천구,서울특별시강서양천교육지원청,서울특별시 양천구 목동중앙북로16길 57,공립,false,37.5436693,126.873986,elem,true,data.go.kr
B000024102,서울어울초등학교,7010000,은평구,서울특별시서부교육지원청,서울특별시 은평구 통일로 650,공립,false,37.60656331,126.9350984,elem,true,data.go.kr
B000025891,서울언남초등학교,7010000,서초구,서울특별시강남서초교육지원청,서울특별시 서초구 헌릉로8길 42,공립,false,37.45380928,127.0614475,elem,true,data.go.kr
B000002302,서울언북초등학교,7010000,강남구,서울특별시강남서초교육지원청,서울특별시 강남구 삼성로135길 42,공립,false,37.52012517,127.0447158,elem,true,data.go.kr
B000002282,서울언주초등학교,7010000,강남구,서울특별시강남서초교육지원청,서울특별시 강남구 남부순환로363길 19,공립,false,37.486322,127.036793,elem,true,data.go.kr
B000001994,서울여의도초등학교,7010000,영등포구,서울특별시남부교육지원청,서울특별시 영등포구 여의대방로 439,공립,false,37.52320482,126.9367944,elem,true,data.go.kr
B000002298,서울역삼초등학교,7010000,강남구,서울특별시강남서초교육지원청,서울특별시 강남구 강남대로66길 21,공립,false,37.49316528,127.0326527,elem,true,data.go.kr
B000001901,서울역촌초등학교,7010000,은평구,서울특별시서부교육지원청,서울특별시 은평구 은평로3길 25,공립,false,37.60158417,126.913928,elem,true,data.go.kr
B000001917,서울연가초등학교,7010000,서대문구,서울특별시서부교육지원청,서울특별시 서대문구 증가로12가길 49-50,공립,false,37.5795632,126.9173292,elem,true,data.go.kr
B000001896,서울연광초등학교,7010000,은평구,서울특별시서부교육지원청,서울특별시 은평구 연서로35길 37,공립,false,37.62364876,126.923909,elem,true,data.go.kr
B000001893,서울연신초등학교,7010000,은평구,서울특별시서부교육지원청,서울특별시 은평구 연서로 347,공립,false,37.62605996,126.9277513,elem,true,data.go.kr
B000001903,서울연은초등학교,7010000,은평구,서울특별시서부교육지원청,서울특별시 은평구 백련산로2길 35,공립,false,37.59051222,126.9251778,elem,true,data.go.kr
B000002066,서울연지초등학교,7010000,노원구,서울특별시북부교육지원청,서울특별시 노원구 월계로55길 48,공립,false,37.63319251,127.0595343,elem,true,data.go.kr
B000001895,서울연천초등학교,7010000,은평구,서울특별시서부교육지원청,서울특별시 은평구 연서로34길 22,공립,false,37.62134929,126.9299179,elem,true,data.go.kr
B000002048,서울연촌초등학교,7010000,노원구,서울특별시북부교육지원청,서울특별시 노원구 공릉로58길 36,공립,false,37.63441465,127.0725113,elem,true,data.go.kr
B000001920,서울연희초등학교,7010000,서대문구,서울특별시서부교육지원청,서울특별시 서대문구 연희로 136,공립,false,37.56904593,126.9341423,elem,true,data.go.kr
B000002222,서울염경초등학교,7010000,강서구,서울특별시강서양천교육지원청,서울특별시 강서구 양천로69길 49,공립,false,37.55500067,126.8712046,elem,true,data.go.kr
B000002242,서울염동초등학교,7010000,강서구,서울특별시강서양천교육지원청,서울특별시 강서구 양천로73길 17,공립,false,37.55209548,126.8723509,elem,true,data.go.kr
B000001946,서울염리초등학교,7010000,마포구,서울특별시서부교육지원청,서울특별시 마포구 토정로37길 37,공립,false,37.54271029,126.945999,elem,true,data.go.kr
B000002223,서울염창초등학교,7010000,강서구,서울특별시강서양천교육지원청,서울특별시 강서구 양천로 646-28,공립,false,37.55322614,126.8676002,elem,true,data.go.kr
B000001978,서울영남초등학교,7010000,금천구,서울특별시남부교육지원청,서울특별시 금천구 문성로 62-15,공립,false,37.47612262,126.9092099,elem,true,data.go.kr
B000002215,서울영도초등학교,7010000,양천구,서울특별시강서양천교육지원청,서울특별시 양천구 목동중앙로 70,공립,false,37.53596257,126.871927,elem,true,data.go.kr
B000001997,서울영동초등학교,7010000,영등포구,서울특별시남부교육지원청,서울특별시 영등포구 국회대로53길 20,공립,false,37.52700691,126.9077034,elem,true,data.go.kr
B000002001,서울영등포초등학교,7010000,영등포구,서울특별시남부교육지원청,서울특별시 영등포구 경인로 756,공립,false,37.51287942,126.899634,elem,true,data.go.kr
B000002008,서울영림초등학교,7010000,영등포구,서울특별시남부교육지원청,서울특별시 영등포구 시흥대로173길 14,공립,false,37.48734601,126.9025393,elem,true,data.go.kr
B000002002,서울영문초등학교,7010000,영등포구,서울특별시남부교육지원청,서울특별시 영등포구 문래로 56,공립,false,37.51980741,126.8875891,elem,true,data.go.kr
B000002317,서울영본초등학교,7010000,동작구,서울특별시동작관악교육지원청,서울특별시 동작구 만양로12가길 69,공립,false,37.51129869,126.9486724,elem,true,data.go.kr
B000001967,서울영서초등학교,7010000,구로구,서울특별시남부교육지원청,서울특별시 구로구 도림로20길 57,공립,false,37.48896082,126.8955833,elem,true,data.go.kr
B000002010,서울영신초등학교,7010000,영등포구,서울특별시남부교육지원청,서울특별시 영등포구 도신로60길 23,공립,false,37.51017196,126.9181917,elem,true,data.go.kr
B000001995,서울영원초등학교,7010000,영등포구,서울특별시남부교육지원청,서울특별시 영등포구 도영로22길 31,공립,false,37.51071936,126.9021825,elem,true,data.go.kr
B000001953,서울영일초등학교,7010000,구로구,서울특별시남부교육지원청,서울특별시 구로구 남부순환로105길 218,공립,false,37.48564539,126.8838134,elem,true,data.go.kr
B000001996,서울영중초등학교,7010000,영등포구,서울특별시남부교육지원청,서울특별시 영등포구 양산로 185,공립,false,37.5241433,126.9036955,elem,true,data.go.kr
B000002140,서울영풍초등학교,7010000,송파구,서울특별시강동송파교육지원청,서울특별시 송파구 오금로57길 15,공립,false,37.496220,127.1430148,elem,true,data.go.kr
B000002314,서울영화초등학교,7010000,동작구,서울특별시동작관악교육지원청,서울특별시 동작구 등용로8길 3,공립,false,37.50890811,126.9329735,elem,true,data.go.kr
B000002300,서울영희초등학교,7010000,강남구,서울특별시강남서초교육지원청,서울특별시 강남구 일원로 21,공립,false,37.4923004,127.0811328,elem,true,data.go.kr
B000002150,서울오금초등학교,7010000,송파구,서울특별시강동송파교육지원청,서울특별시 송파구 위례성대로22길 11,공립,false,37.50886634,127.1323312,elem,true,data.go.kr
B000001975,서울오류남초등학교,7010000,구로구,서울특별시남부교육지원청,서울특별시 구로구 서해안로24길 22,공립,false,37.48968652,126.8391127,elem,true,data.go.kr
B000001973,서울오류초등학교,7010000,구로구,서울특별시남부교육지원청,서울특별시 구로구 경인로19길 39,공립,false,37.49752741,126.842030,elem,true,data.go.kr
B000002144,서울오륜초등학교,7010000,송파구,서울특별시강동송파교육지원청,서울특별시 송파구 양재대로 1196,공립,false,37.51242411,127.1345763,elem,true,data.go.kr
B000002022,서울오봉초등학교,7010000,도봉구,서울특별시북부교육지원청,서울특별시 도봉구 시루봉로 285,공립,false,37.67175795,127.040259,elem,true,data.go.kr
B000001974,서울오정초등학교,7010000,구로구,서울특별시남부교육지원청,서울특별시 구로구 경인로2길 10,공립,false,37.49016566,126.8264392,elem,true,data.go.kr
B000002419,서울오현초등학교,7010000,강북구,서울특별시성북강북교육지원청,서울특별시 강북구 월계로 221,공립,false,37.62341912,127.0465761,elem,true,data.go.kr
B000002353,서울옥수초등학교,7010000,성동구,서울특별시성동광진교육지원청,서울특별시 성동구 금호로1길 25,공립,false,37.54552939,127.0218696,elem,true,data.go.kr
B000002361,서울옥정초등학교,7010000,성동구,서울특별시성동광진교육지원청,서울특별시 성동구 한림말길 43,공립,false,37.54230974,127.0157855,elem,true,data.go.kr
B000002043,서울온곡초등학교,7010000,노원구,서울특별시북부교육지원청,서울특별시 노원구 한글비석로52길 59,공립,false,37.66754054,127.0659829,elem,true,data.go.kr
B000001959,서울온수초등학교,7010000,구로구,서울특별시남부교육지원청,서울특별시 구로구 부일로 893,공립,false,37.49400506,126.8259667,elem,true,data.go.kr
B000002294,서울왕북초등학교,7010000,강남구,서울특별시강남서초교육지원청,서울특별시 강남구 광평로31길 74,공립,false,37.48632828,127.0860547,elem,true,data.go.kr
B000001932,서울용강초등학교,7010000,마포구,서울특별시서부교육지원청,서울특별시 마포구 백범로17길 9,공립,false,37.54910215,126.9440443,elem,true,data.go.kr
B000002383,서울용곡초등학교,7010000,광진구,서울특별시성동광진교육지원청,서울특별시 광진구 용마산로22길 82,공립,false,37.56710862,127.088453,elem,true,data.go.kr
B000002362,서울용답초등학교,7010000,성동구,서울특별시성동광진교육지원청,서울특별시 성동구 용답25길 1,공립,false,37.56073011,127.0537608,elem,true,data.go.kr
B000002073,서울용동초등학교,7010000,노원구,서울특별시북부교육지원청,서울특별시 노원구 한글비석로1길 81-11,공립,false,37.64108381,127.0690818,elem,true,data.go.kr
B000001842,서울용두초등학교,7010000,동대문구,서울특별시동부교육지원청,서울특별시 동대문구 천호대로13길 43,공립,false,37.57641309,127.0283872,elem,true,data.go.kr
B000002380,서울용마초등학교,7010000,광진구,서울특별시성동광진교육지원청,서울특별시 광진구 천호대로113길 10,공립,false,37.55782735,127.0835274,elem,true,data.go.kr
B000002108,서울용산초등학교,7010000,용산구,서울특별시중부교육지원청,서울특별시 용산구 한강대로57길 33,공립,false,37.53561344,126.9725506,elem,true,data.go.kr
B000002114,서울용암초등학교,7010000,용산구,서울특별시중부교육지원청,서울특별시 용산구 녹사평대로60길 39,공립,false,37.54455872,126.9889455,elem,true,data.go.kr
B000002052,서울용원초등학교,7010000,노원구,서울특별시북부교육지원청,서울특별시 노원구 섬밭로 144,공립,false,37.62992285,127.0689401,elem,true,data.go.kr
B000002252,서울우면초등학교,7010000,서초구,서울특별시강남서초교육지원청,서울특별시 서초구 태봉로 59,공립,false,37.46471047,127.0237894,elem,true,data.go.kr
B000024506,서울우솔초등학교,7010000,서초구,서울특별시강남서초교육지원청,서울특별시 서초구 양재대로2길 74,공립,false,37.45709258,127.0192756,elem,true,data.go.kr
B000002012,서울우신초등학교,7010000,영등포구,서울특별시남부교육지원청,서울특별시 영등포구 신길로 190,공립,false,37.50986472,126.9118637,elem,true,data.go.kr
B000002272,서울우암초등학교,7010000,서초구,서울특별시강남서초교육지원청,서울특별시 서초구 바우뫼로7길 38,공립,false,37.47229555,127.0237234,elem,true,data.go.kr
B000002429,서울우이초등학교,7010000,강북구,서울특별시성북강북교육지원청,서울특별시 강북구 삼양로99길 36,공립,false,37.63865468,127.0148822,elem,true,data.go.kr
B000002217,서울우장초등학교,7010000,강서구,서울특별시강서양천교육지원청,서울특별시 강서구 화곡로 263,공립,false,37.54963819,126.8459842,elem,true,data.go.kr
B000002069,서울원광초등학교,7010000,노원구,서울특별시북부교육지원청,서울특별시 노원구 덕릉로76길 18,공립,false,37.65431092,127.0749142,elem,true,data.go.kr
B000002336,서울원당초등학교,7010000,관악구,서울특별시동작관악교육지원청,서울특별시 관악구 봉천로 505,공립,false,37.48128046,126.9562493,elem,true,data.go.kr
B000002270,서울원명초등학교,7010000,서초구,서울특별시강남서초교육지원청,서울특별시 서초구 고무래로 90-6,공립,false,37.50079587,127.0167076,elem,true,data.go.kr
B000001870,서울원묵초등학교,7010000,중랑구,서울특별시동부교육지원청,서울특별시 중랑구 숙선옹주로 109,공립,false,37.61774881,127.0868142,elem,true,data.go.kr
B000002325,서울원신초등학교,7010000,관악구,서울특별시동작관악교육지원청,서울특별시 관악구 광신길 177,공립,false,37.46719824,126.9272409,elem,true,data.go.kr
B000002256,서울원촌초등학교,7010000,서초구,서울특별시강남서초교육지원청,서울특별시 서초구 사평대로45길 26,공립,false,37.50618948,127.0125656,elem,true,data.go.kr
B000002109,서울원효초등학교,7010000,용산구,서울특별시중부교육지원청,서울특별시 용산구 효창원로13길 38,공립,false,37.53616126,126.9515453,elem,true,data.go.kr
B000002068,서울월계초등학교,7010000,노원구,서울특별시북부교육지원청,서울특별시 노원구 월계로45가길 10,공립,false,37.62762424,127.0501876,elem,true,data.go.kr
B000002398,서울월곡초등학교,7010000,성북구,서울특별시성북강북교육지원청,서울특별시 성북구 장월로3길 42,공립,false,37.61002442,127.046081,elem,true,data.go.kr
B000002244,서울월정초등학교,7010000,강서구,서울특별시강서양천교육지원청,서울특별시 강서구 월정로 176,공립,false,37.53499419,126.8362936,elem,true,data.go.kr
B000002030,서울월천초등학교,7010000,도봉구,서울특별시북부교육지원청,서울특별시 도봉구 노해로70길 96,공립,false,37.64804738,127.0517539,elem,true,data.go.kr
B000002214,서울월촌초등학교,7010000,양천구,서울특별시강서양천교육지원청,서울특별시 양천구 목동중앙로 132,공립,false,37.54069543,126.876258,elem,true,data.go.kr
B000025375,서울위례별초등학교,7010000,송파구,서울특별시강동송파교육지원청,서울특별시 송파구 위례광장로 243,공립,false,37.47908713,127.1450416,elem,true,data.go.kr
B000025373,서울위례솔초등학교,7010000,송파구,서울특별시강동송파교육지원청,서울특별시 송파구 위례북로2길 12,공립,false,37.48701307,127.1505867,elem,true,data.go.kr
B000002172,서울위례초등학교,7010000,강동구,서울특별시강동송파교육지원청,서울특별시 강동구 명일로 23,공립,false,37.52231852,127.1394366,elem,true,data.go.kr
B000002430,서울유현초등학교,7010000,강북구,서울특별시성북강북교육지원청,서울특별시 강북구 인수봉로37길 24,공립,false,37.63234717,127.011421,elem,true,data.go.kr
B000002016,서울윤중초등학교,7010000,영등포구,서울특별시남부교육지원청,서울특별시 영등포구 여의나루로2길 14,공립,false,37.51964164,126.9225908,elem,true,data.go.kr
B000025001,서울율현초등학교,7010000,강남구,서울특별시강남서초교육지원청,서울특별시 강남구 밤고개로21길 15,공립,false,37.47451551,127.1082848,elem,true,data.go.kr
B000002309,서울은로초등학교,7010000,동작구,서울특별시동작관악교육지원청,서울특별시 동작구 서달로 115,공립,false,37.50314888,126.9599535,elem,true,data.go.kr
B000001902,서울은명초등학교,7010000,은평구,서울특별시서부교육지원청,서울특별시 은평구 은평로4길 21-9,공립,false,37.59769681,126.9182757,elem,true,data.go.kr
B000001881,서울은빛초등학교,7010000,은평구,서울특별시서부교육지원청,서울특별시 은평구 진관3로 73-17,공립,false,37.64153447,126.921856,elem,true,data.go.kr
B000002192,서울은정초등학교,7010000,양천구,서울특별시강서양천교육지원청,서울특별시 양천구 목동남로 85,공립,false,37.51112797,126.8670434,elem,true,data.go.kr
B000001883,서울은진초등학교,7010000,은평구,서울특별시서부교육지원청,서울특별시 은평구 진관1로 21-20,공립,false,37.63303012,126.920996,elem,true,data.go.kr
B000002342,서울은천초등학교,7010000,관악구,서울특별시동작관악교육지원청,서울특별시 관악구 은천로 69,공립,false,37.4865852,126.9426791,elem,true,data.go.kr
B000001889,서울은평초등학교,7010000,은평구,서울특별시서부교육지원청,서울특별시 은평구 은평로 239,공립,false,37.60230404,126.9340336,elem,true,data.go.kr
B000002070,서울을지초등학교,7010000,노원구,서울특별시북부교육지원청,서울특별시 노원구 중계로 239,공립,false,37.65058885,127.0730918,elem,true,data.go.kr
B000002363,서울응봉초등학교,7010000,성동구,서울특별시성동광진교육지원청,서울특별시 성동구 독서당로62길 28,공립,false,37.55025339,127.0338297,elem,true,data.go.kr
B000001904,서울응암초등학교,7010000,은평구,서울특별시서부교육지원청,서울특별시 은평구 가좌로6길 20,공립,false,37.58875319,126.9216161,elem,true,data.go.kr
B000001843,서울이문초등학교,7010000,동대문구,서울특별시동부교육지원청,서울특별시 동대문구 신이문로 16,공립,false,37.60189649,127.064885,elem,true,data.go.kr
B000002263,서울이수초등학교,7010000,서초구,서울특별시강남서초교육지원청,서울특별시 서초구 방배천로4길 23,공립,false,37.47837133,126.9844171,elem,true,data.go.kr
B000002112,서울이태원초등학교,7010000,용산구,서울특별시중부교육지원청,서울특별시 용산구 녹사평대로40길 19,공립,false,37.53647771,126.9876727,elem,true,data.go.kr
B000002428,서울인수초등학교,7010000,강북구,서울특별시성북강북교육지원청,서울특별시 강북구 인수봉로 269,공립,false,37.64305053,127.0091358,elem,true,data.go.kr
B000001924,서울인왕초등학교,7010000,서대문구,서울특별시서부교육지원청,서울특별시 서대문구 세무서길 33-9,공립,false,37.59023007,126.9448045,elem,true,data.go.kr
B000002338,서울인헌초등학교,7010000,관악구,서울특별시동작관악교육지원청,서울특별시 관악구 낙성대로 23,공립,false,37.47675499,126.9598639,elem,true,data.go.kr
B000002410,서울일신초등학교,7010000,성북구,서울특별시성북강북교육지원청,서울특별시 성북구 월곡로 74,공립,false,37.59881357,127.0401072,elem,true,data.go.kr
B000002301,서울일원초등학교,7010000,강남구,서울특별시강남서초교육지원청,서울특별시 강남구 영동대로4길 20,공립,false,37.48978808,127.0763669,elem,true,data.go.kr
B000025000,서울자곡초등학교,7010000,강남구,서울특별시강남서초교육지원청,서울특별시 강남구 자곡로 150,공립,false,37.47219072,127.0996665,elem,true,data.go.kr
B000002374,서울자양초등학교,7010000,광진구,서울특별시성동광진교육지원청,서울특별시 광진구 아차산로44길 26,공립,false,37.53698824,127.0797396,elem,true,data.go.kr
B000002031,서울자운초등학교,7010000,도봉구,서울특별시북부교육지원청,서울특별시 도봉구 마들로13길 166,공립,false,37.65801094,127.0466811,elem,true,data.go.kr
B000002134,서울잠동초등학교,7010000,송파구,서울특별시강동송파교육지원청,서울특별시 송파구 올림픽로35길 122,공립,false,37.51833846,127.099931,elem,true,data.go.kr
B000002132,서울잠신초등학교,7010000,송파구,서울특별시강동송파교육지원청,서울특별시 송파구 잠실로 32,공립,false,37.51411407,127.0879435,elem,true,data.go.kr
B000002135,서울잠실초등학교,7010000,송파구,서울특별시강동송파교육지원청,서울특별시 송파구 올림픽로35길 20,공립,false,37.52010753,127.1113114,elem,true,data.go.kr
B000002257,서울잠원초등학교,7010000,서초구,서울특별시강남서초교육지원청,서울특별시 서초구 신반포로16길 15-25,공립,false,37.501859,126.9980966,elem,true,data.go.kr
B000002131,서울잠일초등학교,7010000,송파구,서울특별시강동송파교육지원청,서울특별시 송파구 올림픽로 95,공립,false,37.51474166,127.0816362,elem,true,data.go.kr
B000002153,서울잠전초등학교,7010000,송파구,서울특별시강동송파교육지원청,서울특별시 송파구 올림픽로12길 51,공립,false,37.50733791,127.0838499,elem,true,data.go.kr
B000002136,서울잠현초등학교,7010000,송파구,서울특별시강동송파교육지원청,서울특별시 송파구 올림픽로37길 109,공립,false,37.52258587,127.1047786,elem,true,data.go.kr
B000002406,서울장곡초등학교,7010000,성북구,서울특별시성북강북교육지원청,서울특별시 성북구 장월로23길 16,공립,false,37.61683137,127.0481552,elem,true,data.go.kr
B000002212,서울장수초등학교,7010000,양천구,서울특별시강서양천교육지원청,서울특별시 양천구 신정로13가길 30,공립,false,37.5129972,126.8451597,elem,true,data.go.kr
B000002373,서울장안초등학교,7010000,광진구,서울특별시성동광진교육지원청,서울특별시 광진구 군자로 74,공립,false,37.54987645,127.0724025,elem,true,data.go.kr
B000002397,서울장월초등학교,7010000,성북구,서울특별시성북강북교육지원청,서울특별시 성북구 한천로101길 66,공립,false,37.62194109,127.0471628,elem,true,data.go.kr
B000002405,서울장위초등학교,7010000,성북구,서울특별시성북강북교육지원청,서울특별시 성북구 장월로8가길 41,공립,false,37.61144251,127.0500064,elem,true,data.go.kr
B000002100,서울장충초등학교,7010000,중구,서울특별시중부교육지원청,서울특별시 중구 청구로17길 40,공립,false,37.55991095,127.0117048,elem,true,data.go.kr
B000001845,서울장평초등학교,7010000,동대문구,서울특별시동부교육지원청,서울특별시 동대문구 답십리로69길 27,공립,false,37.57399502,127.073891,elem,true,data.go.kr
B000002085,서울재동초등학교,7010000,종로구,서울특별시중부교육지원청,서울특별시 종로구 북촌로4길 7,공립,false,37.58002991,126.9851778,elem,true,data.go.kr
B000001849,서울전곡초등학교,7010000,동대문구,서울특별시동부교육지원청,서울특별시 동대문구 전농로 172,공립,false,37.58070429,127.0560124,elem,true,data.go.kr
B000001850,서울전농초등학교,7010000,동대문구,서울특별시동부교육지원청,서울특별시 동대문구 사가정로 66,공립,false,37.57473031,127.0543331,elem,true,data.go.kr
B000001848,서울전동초등학교,7010000,동대문구,서울특별시동부교육지원청,서울특별시 동대문구 전농로16길 61,공립,false,37.57908329,127.0608053,elem,true,data.go.kr
B000002227,서울정곡초등학교,7010000,강서구,서울특별시강서양천교육지원청,서울특별시 강서구 방화대로50길 22,공립,false,37.57695491,126.8189328,elem,true,data.go.kr
B000002390,서울정덕초등학교,7010000,성북구,서울특별시성북강북교육지원청,서울특별시 성북구 아리랑로 63,공립,false,37.59823995,127.0134213,elem,true,data.go.kr
B000002408,서울정릉초등학교,7010000,성북구,서울특별시성북강북교육지원청,서울특별시 성북구 솔샘로25가길 8,공립,false,37.61979605,127.0052561,elem,true,data.go.kr
B000002201,서울정목초등학교,7010000,양천구,서울특별시강서양천교육지원청,서울특별시 양천구 목동중앙로3길 30-10,공립,false,37.53652885,126.8700491,elem,true,data.go.kr
B000002407,서울정수초등학교,7010000,성북구,서울특별시성북강북교육지원청,서울특별시 성북구 정릉로24길 58,공립,false,37.60377489,127.0077189,elem,true,data.go.kr
B000001983,서울정심초등학교,7010000,금천구,서울특별시남부교육지원청,서울특별시 금천구 독산로78다길 89,공립,false,37.47199405,126.9082144,elem,true,data.go.kr
B000002329,서울조원초등학교,7010000,관악구,서울특별시동작관악교육지원청,서울특별시 관악구 조원로 67,공립,false,37.48417783,126.909581,elem,true,data.go.kr
B000001852,서울종암초등학교,7010000,동대문구,서울특별시동부교육지원청,서울특별시 동대문구 무학로44길 25,공립,false,37.58230741,127.0318564,elem,true,data.go.kr
B000002047,서울중계초등학교,7010000,노원구,서울특별시북부교육지원청,서울특별시 노원구 한글비석로19길 39,공립,false,37.65784243,127.0733117,elem,true,data.go.kr
B000001866,서울중곡초등학교,7010000,중랑구,서울특별시동부교육지원청,서울특별시 중랑구 면목로23길 20,공립,false,37.57489173,127.083439,elem,true,data.go.kr
B000002381,서울중광초등학교,7010000,광진구,서울특별시성동광진교육지원청,서울특별시 광진구 긴고랑로13길 59,공립,false,37.56524214,127.082693,elem,true,data.go.kr
B000002126,서울중대초등학교,7010000,송파구,서울특별시강동송파교육지원청,서울특별시 송파구 송파대로36길 8,공립,false,37.4998119,127.1136055,elem,true,data.go.kr
B000001941,서울중동초등학교,7010000,마포구,서울특별시서부교육지원청,서울특별시 마포구 월드컵북로 152,공립,false,37.56641061,126.9117752,elem,true,data.go.kr
B000001869,서울중랑초등학교,7010000,중랑구,서울특별시동부교육지원청,서울특별시 중랑구 봉우재로6길 26,공립,false,37.58966282,127.0755035,elem,true,data.go.kr
B000002382,서울중마초등학교,7010000,광진구,서울특별시성동광진교육지원청,서울특별시 광진구 동일로72길 43,공립,false,37.56579084,127.0790239,elem,true,data.go.kr
B000001868,서울중목초등학교,7010000,중랑구,서울특별시동부교육지원청,서울특별시 중랑구 동일로 665,공립,false,37.59008735,127.0793361,elem,true,data.go.kr
B000002071,서울중원초등학교,7010000,노원구,서울특별시북부교육지원청,서울특별시 노원구 섬밭로 316,공립,false,37.64398229,127.0627832,elem,true,data.go.kr
B000002075,서울중평초등학교,7010000,노원구,서울특별시북부교육지원청,서울특별시 노원구 섬밭로 241,공립,false,37.63753357,127.0639651,elem,true,data.go.kr
B000002074,서울중현초등학교,7010000,노원구,서울특별시북부교육지원청,서울특별시 노원구 섬밭로 181,공립,false,37.63251462,127.0659521,elem,true,data.go.kr
B000001876,서울중화초등학교,7010000,중랑구,서울특별시동부교육지원청,서울특별시 중랑구 신내로7가길 22,공립,false,37.60292163,127.094065,elem,true,data.go.kr
B000001879,서울중흥초등학교,7010000,중랑구,서울특별시동부교육지원청,서울특별시 중랑구 봉화산로 82,공립,false,37.60167188,127.0841422,elem,true,data.go.kr
B000001905,서울증산초등학교,7010000,은평구,서울특별시서부교육지원청,서울특별시 은평구 증산서길 61,공립,false,37.58256527,126.9042764,elem,true,data.go.kr
B000002211,서울지향초등학교,7010000,양천구,서울특별시강서양천교육지원청,서울특별시 양천구 신정로11길 74,공립,false,37.51283768,126.8370238,elem,true,data.go.kr
B000001884,서울진관초등학교,7010000,은평구,서울특별시서부교육지원청,서울특별시 은평구 진관4로 78-16,공립,false,37.64543483,126.9292124,elem,true,data.go.kr
B000002019,서울창경초등학교,7010000,도봉구,서울특별시북부교육지원청,서울특별시 도봉구 도봉로129길 54,공립,false,37.65660218,127.0346025,elem,true,data.go.kr
B000002026,서울창도초등학교,7010000,도봉구,서울특별시북부교육지원청,서울특별시 도봉구 방학로 32-28,공립,false,37.66413487,127.048784,elem,true,data.go.kr
B000002033,서울창동초등학교,7010000,도봉구,서울특별시북부교육지원청,서울특별시 도봉구 해등로16길 81,공립,false,37.65536304,127.0448329,elem,true,data.go.kr
B000002020,서울창림초등학교,7010000,도봉구,서울특별시북부교육지원청,서울특별시 도봉구 덕릉로63길 46,공립,false,37.64323708,127.0416041,elem,true,data.go.kr
B000001921,서울창서초등학교,7010000,서대문구,서울특별시서부교육지원청,서울특별시 서대문구 연세로5나길 30-3,공립,false,37.55814305,126.9334809,elem,true,data.go.kr
B000002092,서울창신초등학교,7010000,종로구,서울특별시중부교육지원청,서울특별시 종로구 지봉로 73,공립,false,37.57621147,127.0142837,elem,true,data.go.kr
B000002034,서울창원초등학교,7010000,도봉구,서울특별시북부교육지원청,서울특별시 도봉구 해등로 103,공립,false,37.65264409,127.0399799,elem,true,data.go.kr
B000002035,서울창일초등학교,7010000,도봉구,서울특별시북부교육지원청,서울특별시 도봉구 노해로66길 84,공립,false,37.64765764,127.0476085,elem,true,data.go.kr
B000001931,서울창천초등학교,7010000,마포구,서울특별시서부교육지원청,서울특별시 마포구 백범로1길 56,공립,false,37.55491782,126.9392951,elem,true,data.go.kr
B000002170,서울천동초등학교,7010000,강동구,서울특별시강동송파교육지원청,서울특별시 강동구 성안로 200,공립,false,37.5410159,127.1378287,elem,true,data.go.kr
B000001952,서울천왕초등학교,7010000,구로구,서울특별시남부교육지원청,서울특별시 구로구 천왕로1길 11,공립,false,37.48145598,126.8370629,elem,true,data.go.kr
B000002181,서울천일초등학교,7010000,강동구,서울특별시강동송파교육지원청,서울특별시 강동구 구천면로 266,공립,false,37.54436122,127.1334367,elem,true,data.go.kr
B000002182,서울천호초등학교,7010000,강동구,서울특별시강동송파교육지원청,서울특별시 강동구 구천면로 310-11,공립,false,37.54771897,127.1365923,elem,true,data.go.kr
B000002072,서울청계초등학교,7010000,노원구,서울특별시북부교육지원청,서울특별시 노원구 공릉로 431,공립,false,37.64503406,127.0661389,elem,true,data.go.kr
B000002103,서울청구초등학교,7010000,중구,서울특별시중부교육지원청,서울특별시 중구 다산로 170,공립,false,37.55911668,127.0137244,elem,true,data.go.kr
B000002303,서울청담초등학교,7010000,강남구,서울특별시강남서초교육지원청,서울특별시 강남구 압구정로71길 9,공립,false,37.52828187,127.045153,elem,true,data.go.kr
B000002409,서울청덕초등학교,7010000,성북구,서울특별시성북강북교육지원청,서울특별시 성북구 정릉로9라길 11,공립,false,37.61203173,127.0003334,elem,true,data.go.kr
B000001854,서울청량초등학교,7010000,동대문구,서울특별시동부교육지원청,서울특별시 동대문구 회기로25길 31,공립,false,37.5923094,127.0559085,elem,true,data.go.kr
B000002334,서울청룡초등학교,7010000,관악구,서울특별시동작관악교육지원청,서울특별시 관악구 관악로5길 61,공립,false,37.47672527,126.9512057,elem,true,data.go.kr
B000002083,서울청운초등학교,7010000,종로구,서울특별시중부교육지원청,서울특별시 종로구 자하문로 105,공립,false,37.58592131,126.9692423,elem,true,data.go.kr
B000002110,서울청파초등학교,7010000,용산구,서울특별시중부교육지원청,서울특별시 용산구 효창원로 228,공립,false,37.5473049,126.9635439,elem,true,data.go.kr
B000002017,서울초당초등학교,7010000,도봉구,서울특별시북부교육지원청,서울특별시 도봉구 해등로32길 11,공립,false,37.65862783,127.0219562,elem,true,data.go.kr
B000002104,서울충무초등학교,7010000,중구,서울특별시중부교육지원청,서울특별시 중구 퇴계로50길 13,공립,false,37.56194948,127.0012351,elem,true,data.go.kr
B000002225,서울치현초등학교,7010000,강서구,서울특별시강서양천교육지원청,서울특별시 강서구 방화대로47길 43,공립,false,37.57591915,126.8146456,elem,true,data.go.kr
B000001988,서울탑동초등학교,7010000,금천구,서울특별시남부교육지원청,서울특별시 금천구 탑골로 47-3,공립,false,37.45251655,126.9153675,elem,true,data.go.kr
B000002232,서울탑산초등학교,7010000,강서구,서울특별시강서양천교육지원청,서울특별시 강서구 허준로 109,공립,false,37.56701719,126.8523683,elem,true,data.go.kr
B000002049,서울태랑초등학교,7010000,노원구,서울특별시북부교육지원청,서울특별시 노원구 화랑로51나길 31,공립,false,37.62625056,127.0906031,elem,true,data.go.kr
B000002050,서울태릉초등학교,7010000,노원구,서울특별시북부교육지원청,서울특별시 노원구 노원로1길 36,공립,false,37.62310241,127.0850589,elem,true,data.go.kr
B000002155,서울토성초등학교,7010000,송파구,서울특별시강동송파교육지원청,서울특별시 송파구 풍성로20길 44,공립,false,37.53188286,127.1156331,elem,true,data.go.kr
B000002125,서울평화초등학교,7010000,송파구,서울특별시강동송파교육지원청,서울특별시 송파구 송파대로26길 22,공립,false,37.49156712,127.1228237,elem,true,data.go.kr
B000002304,서울포이초등학교,7010000,강남구,서울특별시강남서초교육지원청,서울특별시 강남구 개포로22길 87,공립,false,37.47591562,127.0525106,elem,true,data.go.kr
B000002154,서울풍납초등학교,7010000,송파구,서울특별시강동송파교육지원청,서울특별시 송파구 풍성로 43,공립,false,37.53440483,127.1172037,elem,true,data.go.kr
B000002156,서울풍성초등학교,7010000,송파구,서울특별시강동송파교육지원청,서울특별시 송파구 강동대로2길 13,공립,false,37.52629486,127.1134884,elem,true,data.go.kr
B000025614,서울하늘숲초등학교,7010000,구로구,서울특별시남부교육지원청,서울특별시 구로구 오리로 1106,공립,false,37.48418114,126.8416517,elem,true,data.go.kr
B000001937,서울하늘초등학교,7010000,마포구,서울특별시서부교육지원청,서울특별시 마포구 월드컵북로 502-14,공립,false,37.5858088,126.8808619,elem,true,data.go.kr
B000002290,서울학동초등학교,7010000,강남구,서울특별시강남서초교육지원청,서울특별시 강남구 선릉로115길 42,공립,false,37.51226106,127.0395978,elem,true,data.go.kr
B000002116,서울한강초등학교,7010000,용산구,서울특별시중부교육지원청,서울특별시 용산구 한강대로14길 9,공립,false,37.52522655,126.965079,elem,true,data.go.kr
B000002117,서울한남초등학교,7010000,용산구,서울특별시중부교육지원청,서울특별시 용산구 한남대로 112,공립,false,37.53920365,127.0055998,elem,true,data.go.kr
B000002171,서울한산초등학교,7010000,강동구,서울특별시강동송파교육지원청,서울특별시 강동구 풍성로 261,공립,false,37.52869458,127.141077,elem,true,data.go.kr
B000001945,서울한서초등학교,7010000,마포구,서울특별시서부교육지원청,서울특별시 마포구 대흥로24바길 27,공립,false,37.55364783,126.9497788,elem,true,data.go.kr
B000002065,서울한천초등학교,7010000,노원구,서울특별시북부교육지원청,서울특별시 노원구 마들로 45,공립,false,37.62070936,127.0692435,elem,true,data.go.kr
B000026183,서울항동초등학교,7010000,구로구,서울특별시남부교육지원청,서울특별시 구로구 연동로 178,공립,false,37.47718813,126.8239832,elem,true,data.go.kr
B000025372,서울해누리초등학교,7010000,송파구,서울특별시강동송파교육지원청,서울특별시 송파구 송파대로37길 95,공립,false,37.49824966,127.1021917,elem,true,data.go.kr
B000002347,서울행당초등학교,7010000,성동구,서울특별시성동광진교육지원청,서울특별시 성동구 고산자로8길 6,공립,false,37.55701913,127.0348734,elem,true,data.go.kr
B000002312,서울행림초등학교,7010000,동작구,서울특별시동작관악교육지원청,서울특별시 동작구 솔밭로 47,공립,false,37.48280761,126.9649643,elem,true,data.go.kr
B000002365,서울행현초등학교,7010000,성동구,서울특별시성동광진교육지원청,서울특별시 성동구 행당로 95,공립,false,37.55770899,127.029368,elem,true,data.go.kr
B000002087,서울혜화초등학교,7010000,종로구,서울특별시중부교육지원청,서울특별시 종로구 혜화로 32,공립,false,37.58863443,127.0002536,elem,true,data.go.kr
B000001853,서울홍릉초등학교,7010000,동대문구,서울특별시동부교육지원청,서울특별시 동대문구 회기로 90,공립,false,37.59068752,127.0477051,elem,true,data.go.kr
B000001922,서울홍연초등학교,7010000,서대문구,서울특별시서부교육지원청,서울특별시 서대문구 백련사길 55,공립,false,37.58211871,126.9306604,elem,true,data.go.kr
B000001914,서울홍은초등학교,7010000,서대문구,서울특별시서부교육지원청,서울특별시 서대문구 세검정로 105,공립,false,37.59754027,126.949458,elem,true,data.go.kr
B000001915,서울홍제초등학교,7010000,서대문구,서울특별시서부교육지원청,서울특별시 서대문구 홍은중앙로 13,공립,false,37.59350546,126.9454205,elem,true,data.go.kr
B000001851,서울홍파초등학교,7010000,동대문구,서울특별시동부교육지원청,서울특별시 동대문구 고산자로 518,공립,false,37.58622252,127.0395199,elem,true,data.go.kr
B000002424,서울화계초등학교,7010000,강북구,서울특별시성북강북교육지원청,서울특별시 강북구 솔매로50가길 25,공립,false,37.62388498,127.0297162,elem,true,data.go.kr
B000002243,서울화곡초등학교,7010000,강서구,서울특별시강서양천교육지원청,서울특별시 강서구 초록마을로 28,공립,false,37.54366962,126.8464717,elem,true,data.go.kr
B000002216,서울화일초등학교,7010000,강서구,서울특별시강서양천교육지원청,서울특별시 강서구 까치산로10길 70,공립,false,37.54072601,126.8474076,elem,true,data.go.kr
B000002093,서울효제초등학교,7010000,종로구,서울특별시중부교육지원청,서울특별시 종로구 대학로 12,공립,false,37.57268283,127.003491,elem,true,data.go.kr
B000002111,서울후암초등학교,7010000,용산구,서울특별시중부교육지원청,서울특별시 용산구 두텁바위로 140,공립,false,37.55136541,126.9817243,elem,true,data.go.kr
B000001838,서울휘경초등학교,7010000,동대문구,서울특별시동부교육지원청,서울특별시 동대문구 망우로6길 48,공립,false,37.58573583,127.0582142,elem,true,data.go.kr
B000001855,서울휘봉초등학교,7010000,동대문구,서울특별시동부교육지원청,서울특별시 동대문구 장안벚꽃로 309,공립,false,37.58567641,127.0700416,elem,true,data.go.kr
B000002323,서울흑석초등학교,7010000,동작구,서울특별시동작관악교육지원청,서울특별시 동작구 현충로 87,공립,false,37.50829272,126.9651701,elem,true,data.go.kr
B000002102,서울흥인초등학교,7010000,중구,서울특별시중부교육지원청,서울특별시 중구 청구로6길 11,공립,false,37.56087001,127.0145555,elem,true,data.go.kr
B000001908,선일초등학교,7010000,은평구,서울특별시서부교육지원청,서울특별시 은평구 갈현로29길 27,사립,false,37.62030421,126.9119931,elem,true,data.go.kr
B000002388,성동초등학교,7010000,광진구,서울특별시성동광진교육지원청,서울특별시 광진구 자양로4길 63,사립,false,37.53328137,127.089281,elem,true,data.go.kr
B000002413,성신초등학교,7010000,성북구,서울특별시성북강북교육지원청,서울특별시 성북구 북악산로 918,사립,false,37.59462313,127.0231285,elem,true,data.go.kr
B000002386,세종초등학교,7010000,광진구,서울특별시성동광진교육지원청,서울특별시 광진구 군자로 114,사립,false,37.5530111,127.0728646,elem,true,data.go.kr
B000002106,숭의초등학교,7010000,중구,서울특별시중부교육지원청,서울특별시 중구 소파로2길 10,사립,false,37.55785307,126.9874816,elem,true,data.go.kr
B000002122,신광초등학교,7010000,용산구,서울특별시중부교육지원청,서울특별시 용산구 청파로 263,사립,false,37.54289988,126.9694475,elem,true,data.go.kr
B000002431,영훈초등학교,7010000,강북구,서울특별시성북강북교육지원청,서울특별시 강북구 도봉로13가길 19,사립,false,37.61468187,127.0280933,elem,true,data.go.kr
B000001909,예일초등학교,7010000,은평구,서울특별시서부교육지원청,서울특별시 은평구 연서로 117,사립,false,37.6109459,126.9147928,elem,true,data.go.kr
B000002414,우촌초등학교,7010000,성북구,서울특별시성북강북교육지원청,서울특별시 성북구 성북로4길 52-1,사립,false,37.59560791,127.0114325,elem,true,data.go.kr
B000002094,운현초등학교,7010000,종로구,서울특별시중부교육지원청,서울특별시 종로구 삼일대로 460,사립,false,37.57663053,126.9881575,elem,true,data.go.kr
B000002251,유석초등학교,7010000,강서구,서울특별시강서양천교육지원청,서울특별시 강서구 화곡로69길 9,사립,false,37.56080588,126.8537249,elem,true,data.go.kr
B000001858,은석초등학교,7010000,동대문구,서울특별시동부교육지원청,서울특별시 동대문구 장안벚꽃로 205,사립,false,37.57855999,127.0757616,elem,true,data.go.kr
B000001927,이화여자대학교사범대학부속초등학교,7010000,서대문구,서울특별시서부교육지원청,서울특별시 서대문구 성산로 512-39,사립,false,37.56115022,126.9427504,elem,true,data.go.kr
B000002324,중앙대학교사범대학부속초등학교,7010000,동작구,서울특별시동작관악교육지원청,서울특별시 동작구 서달로 135,사립,false,37.50545264,126.9596777,elem,true,data.go.kr
B000002078,청원초등학교,7010000,노원구,서울특별시북부교육지원청,서울특별시 노원구 한글비석로 506,사립,false,37.66525155,127.0625329,elem,true,data.go.kr
B000001928,추계초등학교,7010000,서대문구,서울특별시서부교육지원청,서울특별시 서대문구 북아현로11가길 7,사립,false,37.56317672,126.9540593,elem,true,data.go.kr
B000001907,충암초등학교,7010000,은평구,서울특별시서부교육지원청,서울특별시 은평구 가좌로5길 5,사립,false,37.58464029,126.9218095,elem,true,data.go.kr
B000002079,태강삼육초등학교,7010000,노원구,서울특별시북부교육지원청,서울특별시 노원구 화랑로 815,사립,false,37.64335737,127.1088503,elem,true,data.go.kr
B000002039,한신초등학교,7010000,도봉구,서울특별시북부교육지원청,서울특별시 도봉구 노해로49길 69,사립,false,37.65335584,127.0324273,elem,true,data.go.kr
B000002366,한양초등학교,7010000,성동구,서울특별시성동광진교육지원청,서울특별시 성동구 살곶이길 208,사립,false,37.55762103,127.0502634,elem,true,data.go.kr
B000001951,홍익대학교사범대학부속초등학교,7010000,마포구,서울특별시서부교육지원청,서울특별시 마포구 성미산로 51,사립,false,37.55964474,126.9132084,elem,true,data.go.kr
B000002080,화랑초등학교,7010000,노원구,서울특별시북부교육지원청,서울특별시 노원구 화랑로 621,사립,false,37.62878266,127.0889915,elem,true,data.go.kr
B000002497,가남초등학교,7150000,부산진구,부산광역시남부교육지원청,부산광역시 부산진구 엄광로 325,공립,false,35.15451624,129.0440621,elem,true,data.go.kr
B000022709,가동초등학교,7150000,기장군,부산광역시해운대교육지원청,부산광역시 기장군 정관읍 정관5로 100,공립,false,35.32689908,129.1785529,elem,true,data.go.kr
B000002639,가락초등학교,7150000,강서구,부산광역시북부교육지원청,부산광역시 강서구 호계로 41,공립,false,35.19634003,128.8952655,elem,true,data.go.kr
B000002505,가야초등학교,7150000,부산진구,부산광역시남부교육지원청,부산광역시 부산진구 대학로 22,공립,false,35.1537258,129.0362693,elem,true,data.go.kr
B000002503,가평초등학교,7150000,부산진구,부산광역시남부교육지원청,부산광역시 부산진구 가야대로482번길 87,공립,false,35.14885285,129.0257667,elem,true,data.go.kr
B000002652,감전초등학교,7150000,사상구,부산광역시북부교육지원청,부산광역시 사상구 괘감로 132,공립,false,35.15574588,128.9886679,elem,true,data.go.kr
B000002470,감천초등학교,7150000,사하구,부산광역시서부교육지원청,부산광역시 사하구 원양로 368-2,공립,false,35.08257424,129.0071932,elem,true,data.go.kr
B000002690,강동초등학교,7150000,해운대구,부산광역시해운대교육지원청,부산광역시 해운대구 해운대로349번길 10,공립,false,35.17232166,129.1367469,elem,true,data.go.kr
B000026396,강서초등학교,7150000,강서구,부산광역시북부교육지원청,부산광역시 강서구 에코델타2로 94,공립,false,35.14898675,128.9187934,elem,true,data.go.kr
B000002508,개금초등학교,7150000,부산진구,부산광역시남부교육지원청,부산광역시 부산진구 가야대로443번길 25-10,공립,false,35.15452351,129.0195961,elem,true,data.go.kr
B000002502,개림초등학교,7150000,부산진구,부산광역시남부교육지원청,부산광역시 부산진구 백양대로320번길 40,공립,false,35.15633731,129.0161716,elem,true,data.go.kr
B000002506,개원초등학교,7150000,부산진구,부산광역시남부교육지원청,부산광역시 부산진구 백양관문로77번길 17,공립,false,35.16456635,129.0284098,elem,true,data.go.kr
B000002507,개포초등학교,7150000,부산진구,부산광역시남부교육지원청,부산광역시 부산진구 백양대로208번길 9,공립,false,35.15883224,129.0265888,elem,true,data.go.kr
B000002509,개화초등학교,7150000,부산진구,부산광역시남부교육지원청,부산광역시 부산진구 개금본동로66번길 12-12,공립,false,35.15857553,129.020604,elem,true,data.go.kr
B000002594,거제초등학교,7150000,연제구,부산광역시동래교육지원청,부산광역시 연제구 해맞이로 39,공립,false,35.17807396,129.0675717,elem,true,data.go.kr
B000002598,거학초등학교,7150000,연제구,부산광역시동래교육지원청,부산광역시 연제구 교대로24번길 36,공립,false,35.19747831,129.0768469,elem,true,data.go.kr
B000002577,공덕초등학교,7150000,금정구,부산광역시동래교육지원청,부산광역시 금정구 대두로 2,공립,false,35.29585964,129.1113124,elem,true,data.go.kr
B000002602,과정초등학교,7150000,연제구,부산광역시동래교육지원청,부산광역시 연제구 과정로164번길 37,공립,false,35.1867318,129.110350,elem,true,data.go.kr
B000002710,광남초등학교,7150000,수영구,부산광역시해운대교육지원청,부산광역시 수영구 광안해변로 115,공립,false,35.14507201,129.1134257,elem,true,data.go.kr
B000002706,광안초등학교,7150000,수영구,부산광역시해운대교육지원청,부산광역시 수영구 광안로35번길 42,공립,false,35.15741493,129.1171294,elem,true,data.go.kr
B000002432,광일초등학교,7150000,중구,부산광역시서부교육지원청,부산광역시 중구 중구로 74,공립,false,35.1040039,129.029845,elem,true,data.go.kr
B000002467,괴정초등학교,7150000,사하구,부산광역시서부교육지원청,부산광역시 사하구 낙동대로 152,공립,false,35.10376396,128.9997579,elem,true,data.go.kr
B000002549,교동초등학교,7150000,동래구,부산광역시동래교육지원청,부산광역시 동래구 시실로 73-13,공립,false,35.21545808,129.0921765,elem,true,data.go.kr
B000002718,교리초등학교,7150000,기장군,부산광역시해운대교육지원청,부산광역시 기장군 기장읍 차성로 427,공립,false,35.25506637,129.2167847,elem,true,data.go.kr
B000002615,구남초등학교,7150000,북구,부산광역시북부교육지원청,부산광역시 북구 구남로14번가길 23,공립,false,35.20029222,128.993570,elem,true,data.go.kr
B000002442,구덕초등학교,7150000,서구,부산광역시서부교육지원청,부산광역시 서구 보수대로 312,공립,false,35.1204163,129.0125412,elem,true,data.go.kr
B000002579,구서초등학교,7150000,금정구,부산광역시동래교육지원청,부산광역시 금정구 구서중앙로 35,공립,false,35.25420144,129.0871404,elem,true,data.go.kr
B000002475,구평초등학교,7150000,사하구,부산광역시서부교육지원청,부산광역시 사하구 사하로 9,공립,false,35.08661941,128.9890241,elem,true,data.go.kr
B000002613,구포초등학교,7150000,북구,부산광역시북부교육지원청,부산광역시 북구 백양대로1124번길 20,공립,false,35.20272144,129.0006961,elem,true,data.go.kr
B000002671,구학초등학교,7150000,사상구,부산광역시북부교육지원청,부산광역시 사상구 학감대로 49,공립,false,35.13775929,128.9922143,elem,true,data.go.kr
B000002569,금강초등학교,7150000,동래구,부산광역시동래교육지원청,부산광역시 동래구 사직북로28번길 125,공립,false,35.2031347,129.0641112,elem,true,data.go.kr
B000002618,금곡초등학교,7150000,북구,부산광역시북부교육지원청,부산광역시 북구 효열로 174,공립,false,35.26181709,129.0170467,elem,true,data.go.kr
B000002630,금명초등학교,7150000,북구,부산광역시북부교육지원청,부산광역시 북구 화명신도시로 197,공립,false,35.24171504,129.0109953,elem,true,data.go.kr
B000002571,금빛초등학교,7150000,금정구,부산광역시동래교육지원청,부산광역시 금정구 소정로 31,공립,false,35.22797751,129.080361,elem,true,data.go.kr
B000030754,금사초등학교,7150000,금정구,부산광역시동래교육지원청,부산광역시 금정구 금사로57번길 24,공립,false,35.21892241,129.1095532,elem,true,data.go.kr
B000002576,금샘초등학교,7150000,금정구,부산광역시동래교육지원청,부산광역시 금정구 금샘로 525,공립,false,35.26905892,129.0838921,elem,true,data.go.kr
B000002578,금성초등학교,7150000,금정구,부산광역시동래교육지원청,부산광역시 금정구 중리1길 15,공립,false,35.25063811,129.0573705,elem,true,data.go.kr
B000002575,금양초등학교,7150000,금정구,부산광역시동래교육지원청,부산광역시 금정구 중앙대로 1755,공립,false,35.24123522,129.0920128,elem,true,data.go.kr
B000002589,금정초등학교,7150000,금정구,부산광역시동래교육지원청,부산광역시 금정구 식물원로44번길 46,공립,false,35.22802827,129.0848988,elem,true,data.go.kr
B000002617,금창초등학교,7150000,북구,부산광역시북부교육지원청,부산광역시 북구 효열로235번길 14,공립,false,35.26569046,129.0197456,elem,true,data.go.kr
B000002721,기장초등학교,7150000,기장군,부산광역시해운대교육지원청,부산광역시 기장군 기장읍 읍내로 69,공립,false,35.24577217,129.2127656,elem,true,data.go.kr
B000002479,낙동초등학교,7150000,사하구,부산광역시서부교육지원청,부산광역시 사하구 제석로 41,공립,false,35.10540745,128.972348,elem,true,data.go.kr
B000002551,낙민초등학교,7150000,동래구,부산광역시동래교육지원청,부산광역시 동래구 충렬대로272번길 34,공립,false,35.19942578,129.088343,elem,true,data.go.kr
B000024100,남명초등학교,7150000,강서구,부산광역시북부교육지원청,부산광역시 강서구 명지오션시티11로 132,공립,false,35.08403561,128.9105908,elem,true,data.go.kr
B000002599,남문초등학교,7150000,연제구,부산광역시동래교육지원청,부산광역시 연제구 법원북로 23,공립,false,35.19421004,129.0695559,elem,true,data.go.kr
B000002440,남부민초등학교,7150000,서구,부산광역시서부교육지원청,부산광역시 서구 천마로 153,공립,false,35.08941857,129.0233325,elem,true,data.go.kr
B000002580,남산초등학교,7150000,금정구,부산광역시동래교육지원청,부산광역시 금정구 금강로 614,공립,false,35.26214065,129.0891842,elem,true,data.go.kr
B000002435,남성초등학교,7150000,중구,부산광역시서부교육지원청,부산광역시 중구 샘길 14,사립,false,35.10573605,129.0345523,elem,true,data.go.kr
B000002709,남천초등학교,7150000,수영구,부산광역시해운대교육지원청,부산광역시 수영구 남천서로 14,공립,false,35.14351561,129.1071268,elem,true,data.go.kr
B000002458,남항초등학교,7150000,영도구,부산광역시서부교육지원청,부산광역시 영도구 남항새싹길 55,공립,false,35.08366964,129.043117,elem,true,data.go.kr
B000002716,내리초등학교,7150000,기장군,부산광역시해운대교육지원청,부산광역시 기장군 기장읍 소정안길 50,공립,false,35.2057615,129.2055036,elem,true,data.go.kr
B000002566,내산초등학교,7150000,동래구,부산광역시동래교육지원청,부산광역시 동래구 중앙대로1335번길 38,공립,false,35.20735793,129.0766352,elem,true,data.go.kr
B000002550,내성초등학교,7150000,동래구,부산광역시동래교육지원청,부산광역시 동래구 동래로 173,공립,false,35.20461583,129.0897914,elem,true,data.go.kr
B000002636,녹명초등학교,7150000,강서구,부산광역시북부교육지원청,부산광역시 강서구 낙동남로 617,공립,false,35.11484347,128.8863922,elem,true,data.go.kr
B000024222,녹산초등학교,7150000,강서구,부산광역시북부교육지원청,부산광역시 강서구 과학산단2로20번길 55,공립,false,35.15147548,128.8371146,elem,true,data.go.kr
B000002465,다대초등학교,7150000,사하구,부산광역시서부교육지원청,부산광역시 사하구 다대로 499,공립,false,35.05968077,128.9757951,elem,true,data.go.kr
B000002466,다선초등학교,7150000,사하구,부산광역시서부교육지원청,부산광역시 사하구 다송로 57,공립,false,35.06300204,128.9856796,elem,true,data.go.kr
B000002478,다송초등학교,7150000,사하구,부산광역시서부교육지원청,부산광역시 사하구 다대로381번길 17,공립,false,35.06932631,128.9798381,elem,true,data.go.kr
B000002568,달북초등학교,7150000,동래구,부산광역시동래교육지원청,부산광역시 동래구 쇠미로 131,공립,false,35.20357435,129.0599975,elem,true,data.go.kr
B000022742,달산초등학교,7150000,기장군,부산광역시해운대교육지원청,부산광역시 기장군 정관읍 정관로 674,공립,false,35.31928499,129.186736,elem,true,data.go.kr
B000002512,당감초등학교,7150000,부산진구,부산광역시남부교육지원청,부산광역시 부산진구 당감로 22-5,공립,false,35.16428339,129.0412435,elem,true,data.go.kr
B000002480,당리초등학교,7150000,사하구,부산광역시서부교육지원청,부산광역시 사하구 다대로22번길 12,공립,false,35.09991131,128.9756932,elem,true,data.go.kr
B000002513,당평초등학교,7150000,부산진구,부산광역시남부교육지원청,부산광역시 부산진구 백양대로136번길 26,공립,false,35.16147667,129.0351718,elem,true,data.go.kr
B000002457,대교초등학교,7150000,영도구,부산광역시서부교육지원청,부산광역시 영도구 봉래나루로246번길 19,공립,false,35.09469424,129.0457513,elem,true,data.go.kr
B000002534,대남초등학교,7150000,남구,부산광역시남부교육지원청,부산광역시 남구 황령대로353번길 9-55,공립,false,35.14885579,129.0972346,elem,true,data.go.kr
B000002640,대사초등학교,7150000,강서구,부산광역시북부교육지원청,부산광역시 강서구 낙동북로73번길 29,공립,false,35.22041811,128.9385487,elem,true,data.go.kr
B000002643,대상초등학교,7150000,강서구,부산광역시북부교육지원청,부산광역시 강서구 대저로 249,공립,false,35.21411967,128.9802525,elem,true,data.go.kr
B000002443,대신초등학교,7150000,서구,부산광역시서부교육지원청,부산광역시 서구 대신로 63,공립,false,35.1161811,129.0117811,elem,true,data.go.kr
B000002535,대연초등학교,7150000,남구,부산광역시남부교육지원청,부산광역시 남구 진남로18번길 11,공립,false,35.1372365,129.0922864,elem,true,data.go.kr
B000026400,대저중앙초등학교,7150000,강서구,부산광역시북부교육지원청,부산광역시 강서구 에코델타2로 23,공립,false,35.1424244,128.916221,elem,true,data.go.kr
B000002645,대저초등학교,7150000,강서구,부산광역시북부교육지원청,부산광역시 강서구 대저로29번길 27,공립,false,35.21610222,128.9553077,elem,true,data.go.kr
B000002628,대천리초등학교,7150000,북구,부산광역시북부교육지원청,부산광역시 북구 산성로 87-10,공립,false,35.2424129,129.0226389,elem,true,data.go.kr
B000002536,대천초등학교,7150000,남구,부산광역시남부교육지원청,부산광역시 남구 조각공원로 19,공립,false,35.12920185,129.1010297,elem,true,data.go.kr
B000002719,대청초등학교,7150000,기장군,부산광역시해운대교육지원청,부산광역시 기장군 기장읍 차성서로 31,공립,false,35.23550289,129.2099118,elem,true,data.go.kr
B000002454,대평초등학교,7150000,영도구,부산광역시서부교육지원청,부산광역시 영도구 절영로 82,공립,false,35.08753561,129.0388823,elem,true,data.go.kr
B000002646,덕두초등학교,7150000,강서구,부산광역시북부교육지원청,부산광역시 강서구 공항로791번길 68,공립,false,35.17564815,128.9558698,elem,true,data.go.kr
B000002657,덕상초등학교,7150000,사상구,부산광역시북부교육지원청,부산광역시 사상구 덕상로 32,공립,false,35.17472977,128.9906464,elem,true,data.go.kr
B000002621,덕성초등학교,7150000,북구,부산광역시북부교육지원청,부산광역시 북구 만덕대로39번길 45,공립,false,35.21321919,129.0079893,elem,true,data.go.kr
B000002626,덕양초등학교,7150000,북구,부산광역시북부교육지원청,부산광역시 북구 함박봉로 42,공립,false,35.2092991,129.0230937,elem,true,data.go.kr
B000002612,덕천초등학교,7150000,북구,부산광역시북부교육지원청,부산광역시 북구 덕천2길 10,공립,false,35.20843594,129.0067754,elem,true,data.go.kr
B000002654,덕포초등학교,7150000,사상구,부산광역시북부교육지원청,부산광역시 사상구 삼덕로 83,공립,false,35.17393184,128.9860278,elem,true,data.go.kr
B000002666,동궁초등학교,7150000,사상구,부산광역시북부교육지원청,부산광역시 사상구 엄궁로 70-7,공립,false,35.1234597,128.9748133,elem,true,data.go.kr
B000002592,동래초등학교,7150000,금정구,부산광역시동래교육지원청,부산광역시 금정구 체육공원로44번길 26,사립,false,35.2471077,129.0984813,elem,true,data.go.kr
B000002606,동명초등학교,7150000,연제구,부산광역시동래교육지원청,부산광역시 연제구 쌍미천로44번길 17,공립,false,35.17817027,129.0908609,elem,true,data.go.kr
B000002702,동백초등학교,7150000,해운대구,부산광역시해운대교육지원청,부산광역시 해운대구 좌동순환로357번길 6,공립,false,35.16401941,129.1812187,elem,true,data.go.kr
B000002456,동삼초등학교,7150000,영도구,부산광역시서부교육지원청,부산광역시 영도구 태종로 610,공립,false,35.0798243,129.0734665,elem,true,data.go.kr
B000002585,동상초등학교,7150000,금정구,부산광역시동래교육지원청,부산광역시 금정구 옥봉로 5,공립,false,35.21130087,129.1069511,elem,true,data.go.kr
B000002528,동성초등학교,7150000,부산진구,부산광역시남부교육지원청,부산광역시 부산진구 동성로 26,사립,false,35.15268615,129.0695011,elem,true,data.go.kr
B000002441,동신초등학교,7150000,서구,부산광역시서부교육지원청,부산광역시 서구 대영로85번길 81-19,공립,false,35.11386049,129.0175904,elem,true,data.go.kr
B000002500,동양초등학교,7150000,부산진구,부산광역시남부교육지원청,부산광역시 부산진구 백양산로 99,공립,false,35.1766921,129.030768,elem,true,data.go.kr
B000002515,동원초등학교,7150000,부산진구,부산광역시남부교육지원청,부산광역시 부산진구 백양산로 43,공립,false,35.17320012,129.0311777,elem,true,data.go.kr
B000002492,동일중앙초등학교,7150000,동구,부산광역시남부교육지원청,부산광역시 동구 구봉로 46,공립,false,35.12451406,129.036772,elem,true,data.go.kr
B000002668,동주초등학교,7150000,사상구,부산광역시북부교육지원청,부산광역시 사상구 가야대로306번길 72,공립,false,35.14713448,129.0055597,elem,true,data.go.kr
B000002532,동천초등학교,7150000,남구,부산광역시남부교육지원청,부산광역시 남구 석포로26번길 22,공립,false,35.12161542,129.0831725,elem,true,data.go.kr
B000002514,동평초등학교,7150000,부산진구,부산광역시남부교육지원청,부산광역시 부산진구 당감서로65번길 31,공립,false,35.16771037,129.0352077,elem,true,data.go.kr
B000002533,동항초등학교,7150000,남구,부산광역시남부교육지원청,부산광역시 남구 우암로 42,공립,false,35.11401535,129.0829062,elem,true,data.go.kr
B000002582,동현초등학교,7150000,금정구,부산광역시동래교육지원청,부산광역시 금정구 동현로 36,공립,false,35.2220225,129.0927597,elem,true,data.go.kr
B000002572,두실초등학교,7150000,금정구,부산광역시동래교육지원청,부산광역시 금정구 중앙대로1893번길 33,공립,false,35.25315685,129.0894002,elem,true,data.go.kr
B000002624,만덕초등학교,7150000,북구,부산광역시북부교육지원청,부산광역시 북구 만덕1로 72,공립,false,35.21504262,129.028845,elem,true,data.go.kr
B000002711,망미초등학교,7150000,수영구,부산광역시해운대교육지원청,부산광역시 수영구 수미로35번길 27,공립,false,35.17491643,129.1143915,elem,true,data.go.kr
B000002633,명덕초등학교,7150000,북구,부산광역시북부교육지원청,부산광역시 북구 금곡대로186번길 43,공립,false,35.22545957,129.0118111,elem,true,data.go.kr
B000002559,명동초등학교,7150000,동래구,부산광역시동래교육지원청,부산광역시 동래구 명장로63번길 60-5,공립,false,35.20759141,129.1062241,elem,true,data.go.kr
B000002556,명륜초등학교,7150000,동래구,부산광역시동래교육지원청,부산광역시 동래구 동래로 91,공립,false,35.20803449,129.083270,elem,true,data.go.kr
B000024940,명문초등학교,7150000,강서구,부산광역시북부교육지원청,부산광역시 강서구 명지국제8로 195,공립,false,35.0997879,128.9139109,elem,true,data.go.kr
B000002560,명서초등학교,7150000,동래구,부산광역시동래교육지원청,부산광역시 동래구 명서로 121,공립,false,35.21207663,129.1008778,elem,true,data.go.kr
B000024939,명원초등학교,7150000,강서구,부산광역시북부교육지원청,부산광역시 강서구 명지국제6로 147,공립,false,35.09412838,128.9149353,elem,true,data.go.kr
B000024936,명일초등학교,7150000,강서구,부산광역시북부교육지원청,부산광역시 강서구 명지국제5로 170-5,공립,false,35.10951726,128.922704,elem,true,data.go.kr
B000002557,명장초등학교,7150000,동래구,부산광역시동래교육지원청,부산광역시 동래구 복천로 121,공립,false,35.20819025,129.0965594,elem,true,data.go.kr
B000024937,명지초등학교,7150000,강서구,부산광역시북부교육지원청,부산광역시 강서구 명지국제6로 296,공립,false,35.10226077,128.9241427,elem,true,data.go.kr
B000002611,명진초등학교,7150000,북구,부산광역시북부교육지원청,부산광역시 북구 화명신도시로 159,공립,false,35.23855895,129.0104449,elem,true,data.go.kr
B000002635,명호초등학교,7150000,강서구,부산광역시북부교육지원청,부산광역시 강서구 명지오션시티2로 41,공립,false,35.08526967,128.9004096,elem,true,data.go.kr
B000002660,모덕초등학교,7150000,사상구,부산광역시북부교육지원청,부산광역시 사상구 덕상로 120,공립,false,35.18270148,128.9919381,elem,true,data.go.kr
B000002659,모동초등학교,7150000,사상구,부산광역시북부교육지원청,부산광역시 사상구 모라로192번길 37,공립,false,35.18522962,129.0018958,elem,true,data.go.kr
B000002661,모라초등학교,7150000,사상구,부산광역시북부교육지원청,부산광역시 사상구 모라로64번길 46,공립,false,35.19004594,128.9864313,elem,true,data.go.kr
B000002662,모산초등학교,7150000,사상구,부산광역시북부교육지원청,부산광역시 사상구 모라로110번길 93,공립,false,35.18571631,128.9952076,elem,true,data.go.kr
B000024585,모전초등학교,7150000,기장군,부산광역시해운대교육지원청,부산광역시 기장군 정관읍 정관1로 17,공립,false,35.33968491,129.162335,elem,true,data.go.kr
B000002464,몰운대초등학교,7150000,사하구,부산광역시서부교육지원청,부산광역시 사하구 다대낙조2길 110,공립,false,35.0550486,128.9631301,elem,true,data.go.kr
B000002677,무정초등학교,7150000,해운대구,부산광역시해운대교육지원청,부산광역시 해운대구 반여로 68-11,공립,false,35.19815651,129.123779,elem,true,data.go.kr
B000002539,문현초등학교,7150000,남구,부산광역시남부교육지원청,부산광역시 남구 고동골로 86-13,공립,false,35.14532445,129.0729385,elem,true,data.go.kr
B000002567,미남초등학교,7150000,동래구,부산광역시동래교육지원청,부산광역시 동래구 충렬대로100번길 83,공립,false,35.20368445,129.0728408,elem,true,data.go.kr
B000002714,민락초등학교,7150000,수영구,부산광역시해운대교육지원청,부산광역시 수영구 광남로257번길 12,공립,false,35.16094672,129.1269417,elem,true,data.go.kr
B000002715,민안초등학교,7150000,수영구,부산광역시해운대교육지원청,부산광역시 수영구 감포로38번길 33,공립,false,35.16306608,129.1212164,elem,true,data.go.kr
B000002692,반산초등학교,7150000,해운대구,부산광역시해운대교육지원청,부산광역시 해운대구 재반로 171,공립,false,35.19344143,129.1296328,elem,true,data.go.kr
B000002682,반석초등학교,7150000,해운대구,부산광역시해운대교육지원청,부산광역시 해운대구 선수촌로207번길 14,공립,false,35.21140292,129.1249825,elem,true,data.go.kr
B000002679,반송초등학교,7150000,해운대구,부산광역시해운대교육지원청,부산광역시 해운대구 아랫반송로30번길 37-16,공립,false,35.22357974,129.1475253,elem,true,data.go.kr
B000002704,반안초등학교,7150000,해운대구,부산광역시해운대교육지원청,부산광역시 해운대구 명장로67번길 40-42,공립,false,35.20293351,129.1132302,elem,true,data.go.kr
B000030442,반여초등학교,7150000,해운대구,부산광역시해운대교육지원청,부산광역시 해운대구 재반로 301,공립,false,35.20272895,129.1294702,elem,true,data.go.kr
B000022707,방곡초등학교,7150000,기장군,부산광역시해운대교육지원청,부산광역시 기장군 정관읍 정관덕산길 61,공립,false,35.32292968,129.1867088,elem,true,data.go.kr
B000002712,배산초등학교,7150000,수영구,부산광역시해운대교육지원청,부산광역시 수영구 망미배산로48번길 85-15,공립,false,35.17716124,129.1019367,elem,true,data.go.kr
B000002647,배영초등학교,7150000,강서구,부산광역시북부교육지원청,부산광역시 강서구 공항로339번길 260,공립,false,35.15020326,128.9453246,elem,true,data.go.kr
B000002625,백산초등학교,7150000,북구,부산광역시북부교육지원청,부산광역시 북구 덕천로259번길 23,공립,false,35.21200432,129.032752,elem,true,data.go.kr
B000002623,백양초등학교,7150000,북구,부산광역시북부교육지원청,부산광역시 북구 상리로18번길 12,공립,false,35.20773508,129.0344087,elem,true,data.go.kr
B000002545,백운초등학교,7150000,남구,부산광역시남부교육지원청,부산광역시 남구 동명로 76,공립,false,35.11830866,129.1055296,elem,true,data.go.kr
B000002489,범일초등학교,7150000,동구,부산광역시남부교육지원청,부산광역시 동구 증산서로 55,공립,false,35.13957208,129.0496524,elem,true,data.go.kr
B000002462,보림초등학교,7150000,사하구,부산광역시서부교육지원청,부산광역시 사하구 장림로161번길 20,공립,false,35.08401645,128.9674304,elem,true,data.go.kr
B000002433,보수초등학교,7150000,중구,부산광역시서부교육지원청,부산광역시 중구 흑교로 74,공립,false,35.10607215,129.024219,elem,true,data.go.kr
B000002434,봉래초등학교,7150000,중구,부산광역시서부교육지원청,부산광역시 중구 대영로226번길 15,공립,false,35.11139514,129.0355665,elem,true,data.go.kr
B000002452,봉삼초등학교,7150000,영도구,부산광역시서부교육지원청,부산광역시 영도구 함지로79번길 39,공립,false,35.07478658,129.0636181,elem,true,data.go.kr
B000002461,봉학초등학교,7150000,영도구,부산광역시서부교육지원청,부산광역시 영도구 태종로 242,공립,false,35.09553513,129.0550147,elem,true,data.go.kr
B000002573,부곡초등학교,7150000,금정구,부산광역시동래교육지원청,부산광역시 금정구 기찰로22번길 15,공립,false,35.23411218,129.0932501,elem,true,data.go.kr
B000002438,부민초등학교,7150000,서구,부산광역시서부교육지원청,부산광역시 서구 고운들로 12,공립,false,35.10597008,129.0199211,elem,true,data.go.kr
B000002593,부산교육대학교부설초등학교,7150000,연제구,부산광역시동래교육지원청,부산광역시 연제구 교대로 24,국립,false,35.19569321,129.0770825,elem,true,data.go.kr
B000024979,부산삼육초등학교,7150000,금정구,부산광역시동래교육지원청,부산광역시 금정구 금정도서관로 17,사립,false,35.27276329,129.0947495,elem,true,data.go.kr
B000002447,부산알로이시오초등학교,7150000,서구,부산광역시서부교육지원청,부산광역시 서구 천해로13번길 16-9,사립,false,35.08331635,129.016349,elem,true,data.go.kr
B000002498,부산진초등학교,7150000,부산진구,부산광역시남부교육지원청,부산광역시 부산진구 범천로 30,공립,false,35.149993,129.056265,elem,true,data.go.kr
B000002501,부암초등학교,7150000,부산진구,부산광역시남부교육지원청,부산광역시 부산진구 신천대로263번길 26,공립,false,35.16499117,129.048779,elem,true,data.go.kr
B000002499,부전초등학교,7150000,부산진구,부산광역시남부교육지원청,부산광역시 부산진구 부전로65번길 25,공립,false,35.15495179,129.0531113,elem,true,data.go.kr
B000002697,부흥초등학교,7150000,해운대구,부산광역시해운대교육지원청,부산광역시 해운대구 좌동순환로 216,공립,false,35.17571116,129.1781936,elem,true,data.go.kr
B000002542,분포초등학교,7150000,남구,부산광역시남부교육지원청,부산광역시 남구 분포로 41,공립,false,35.12891273,129.1139761,elem,true,data.go.kr
B000002474,사남초등학교,7150000,사하구,부산광역시서부교육지원청,부산광역시 사하구 장평로 390,공립,false,35.09606507,128.9830521,elem,true,data.go.kr
B000002481,사동초등학교,7150000,사하구,부산광역시서부교육지원청,부산광역시 사하구 승학로 129-2,공립,false,35.10450247,128.9806236,elem,true,data.go.kr
B000002658,사상초등학교,7150000,사상구,부산광역시북부교육지원청,부산광역시 사상구 운산로 65,공립,false,35.16761073,128.9828439,elem,true,data.go.kr
B000002562,사직초등학교,7150000,동래구,부산광역시동래교육지원청,부산광역시 동래구 쇠미로81번길 7,공립,false,35.20080372,129.0541694,elem,true,data.go.kr
B000002473,사하초등학교,7150000,사하구,부산광역시서부교육지원청,부산광역시 사하구 낙동대로 266,공립,false,35.09997355,128.9868982,elem,true,data.go.kr
B000002663,삼덕초등학교,7150000,사상구,부산광역시북부교육지원청,부산광역시 사상구 삼덕로 24,공립,false,35.17416851,128.9785507,elem,true,data.go.kr
B000002703,삼어초등학교,7150000,해운대구,부산광역시해운대교육지원청,부산광역시 해운대구 삼어로91번길 73,공립,false,35.20869693,129.1158557,elem,true,data.go.kr
B000002705,상당초등학교,7150000,해운대구,부산광역시해운대교육지원청,부산광역시 해운대구 세실로 173,공립,false,35.17965572,129.1760308,elem,true,data.go.kr
B000002453,상리초등학교,7150000,영도구,부산광역시서부교육지원청,부산광역시 영도구 상리로 38,공립,false,35.08399667,129.0670777,elem,true,data.go.kr
B000002609,상학초등학교,7150000,북구,부산광역시북부교육지원청,부산광역시 북구 상학산복길 191,공립,false,35.21867855,129.0400208,elem,true,data.go.kr
B000002653,서감초등학교,7150000,사상구,부산광역시북부교육지원청,부산광역시 사상구 괘감로 64,공립,false,35.15782029,128.9820602,elem,true,data.go.kr
B000002586,서동초등학교,7150000,금정구,부산광역시동래교육지원청,부산광역시 금정구 동현로 147,공립,false,35.21911398,129.0968813,elem,true,data.go.kr
B000002587,서명초등학교,7150000,금정구,부산광역시동래교육지원청,부산광역시 금정구 명서로 48,공립,false,35.2151646,129.094634,elem,true,data.go.kr
B000002469,서천초등학교,7150000,사하구,부산광역시서부교육지원청,부산광역시 사하구 감천로105번길 10,공립,false,35.08874156,129.0038498,elem,true,data.go.kr
B000002537,석포초등학교,7150000,남구,부산광역시남부교육지원청,부산광역시 남구 석포로86번길 76,공립,false,35.12656566,129.0918348,elem,true,data.go.kr
B000002518,선암초등학교,7150000,부산진구,부산광역시남부교육지원청,부산광역시 부산진구 엄광로 412,공립,false,35.14936809,129.0488761,elem,true,data.go.kr
B000002491,성남초등학교,7150000,동구,부산광역시남부교육지원청,부산광역시 동구 범일로53번길 14,공립,false,35.13519264,129.0584713,elem,true,data.go.kr
B000002540,성동초등학교,7150000,남구,부산광역시남부교육지원청,부산광역시 남구 전포대로68번길 27,공립,false,35.14383316,129.0691045,elem,true,data.go.kr
B000002524,성북초등학교,7150000,부산진구,부산광역시남부교육지원청,부산광역시 부산진구 황령대로 79,공립,false,35.15129234,129.0681859,elem,true,data.go.kr
B000002517,성서초등학교,7150000,부산진구,부산광역시남부교육지원청,부산광역시 부산진구 중앙번영로 25,공립,false,35.14505161,129.0623365,elem,true,data.go.kr
B000002523,성전초등학교,7150000,부산진구,부산광역시남부교육지원청,부산광역시 부산진구 전포대로298번길 15,공립,false,35.16398833,129.0663612,elem,true,data.go.kr
B000002516,성지초등학교,7150000,부산진구,부산광역시남부교육지원청,부산광역시 부산진구 시민공원로 62,공립,false,35.16425951,129.0568706,elem,true,data.go.kr
B000002548,성천초등학교,7150000,남구,부산광역시남부교육지원청,부산광역시 남구 장고개로 64-41,공립,false,35.13082801,129.0722321,elem,true,data.go.kr
B000002676,센텀초등학교,7150000,해운대구,부산광역시해운대교육지원청,부산광역시 해운대구 센텀중앙로 166,공립,false,35.18114063,129.1219392,elem,true,data.go.kr
B000002445,송도초등학교,7150000,서구,부산광역시서부교육지원청,부산광역시 서구 충무대로 25,공립,false,35.07835449,129.0160433,elem,true,data.go.kr
B000002693,송수초등학교,7150000,해운대구,부산광역시해운대교육지원청,부산광역시 해운대구 해운대로76번길 35,공립,false,35.189884,129.1192592,elem,true,data.go.kr
B000002681,송운초등학교,7150000,해운대구,부산광역시해운대교육지원청,부산광역시 해운대구 신반송로 20,공립,false,35.22861126,129.1573917,elem,true,data.go.kr
B000002675,송정초등학교,7150000,해운대구,부산광역시해운대교육지원청,부산광역시 해운대구 해운대로 1164-9,공립,false,35.18957289,129.2047686,elem,true,data.go.kr
B000024215,송정초등학교,7150000,강서구,부산광역시북부교육지원청,부산광역시 강서구 신호산단4로 10,공립,false,35.08536457,128.8735012,elem,true,data.go.kr
B000002713,수미초등학교,7150000,수영구,부산광역시해운대교육지원청,부산광역시 수영구 연수로310번길 91,공립,false,35.16878706,129.1037245,elem,true,data.go.kr
B000002494,수성초등학교,7150000,동구,부산광역시남부교육지원청,부산광역시 동구 망양로 807,공립,false,35.134524,129.0427196,elem,true,data.go.kr
B000002563,수안초등학교,7150000,동래구,부산광역시동래교육지원청,부산광역시 동래구 온천천로 215,공립,false,35.20047925,129.0804245,elem,true,data.go.kr
B000002707,수영초등학교,7150000,수영구,부산광역시해운대교육지원청,부산광역시 수영구 광서로16번길 33,공립,false,35.16569999,129.112332,elem,true,data.go.kr
B000002493,수정초등학교,7150000,동구,부산광역시남부교육지원청,부산광역시 동구 진성로 29,공립,false,35.13126429,129.0467273,elem,true,data.go.kr
B000002472,승학초등학교,7150000,사하구,부산광역시서부교육지원청,부산광역시 사하구 낙동대로135번길 55,공립,false,35.10214455,129.0032881,elem,true,data.go.kr
B000002698,신곡초등학교,7150000,해운대구,부산광역시해운대교육지원청,부산광역시 해운대구 좌동순환로 290,공립,false,35.16997592,129.1818688,elem,true,data.go.kr
B000002619,신금초등학교,7150000,북구,부산광역시북부교육지원청,부산광역시 북구 효열로 42,공립,false,35.25086987,129.014795,elem,true,data.go.kr
B000002483,신남초등학교,7150000,사하구,부산광역시서부교육지원청,부산광역시 사하구 비봉로 88,공립,false,35.09835479,128.9615995,elem,true,data.go.kr
B000002631,신덕초등학교,7150000,북구,부산광역시북부교육지원청,부산광역시 북구 함박봉로140번가길 25,공립,false,35.20294033,129.0325761,elem,true,data.go.kr
B000002695,신도초등학교,7150000,해운대구,부산광역시해운대교육지원청,부산광역시 해운대구 좌동순환로 34,공립,false,35.16948324,129.1673801,elem,true,data.go.kr
B000024938,신명초등학교,7150000,강서구,부산광역시북부교육지원청,부산광역시 강서구 명지국제7로 178,공립,false,35.09523277,128.9207165,elem,true,data.go.kr
B000002694,신재초등학교,7150000,해운대구,부산광역시해운대교육지원청,부산광역시 해운대구 해운대로81번길 55,공립,false,35.19176988,129.1227741,elem,true,data.go.kr
B000002717,신정초등학교,7150000,기장군,부산광역시해운대교육지원청,부산광역시 기장군 정관읍 정관로 460,공립,false,35.32865657,129.1676858,elem,true,data.go.kr
B000002726,신진초등학교,7150000,기장군,부산광역시해운대교육지원청,부산광역시 기장군 철마면 고촌로28번길 10,공립,false,35.24091918,129.1714604,elem,true,data.go.kr
B000002614,신천초등학교,7150000,북구,부산광역시북부교육지원청,부산광역시 북구 모분재로 83,공립,false,35.2003819,129.0086033,elem,true,data.go.kr
B000002482,신촌초등학교,7150000,사하구,부산광역시서부교육지원청,부산광역시 사하구 다대로135번길 30-21,공립,false,35.09137471,128.9806632,elem,true,data.go.kr
B000002484,신평초등학교,7150000,사하구,부산광역시서부교육지원청,부산광역시 사하구 장평로299번안길 19,공립,false,35.09433999,128.9715254,elem,true,data.go.kr
B000002649,신호초등학교,7150000,강서구,부산광역시북부교육지원청,부산광역시 강서구 신호산단2로75번길 12,공립,false,35.08196953,128.8785862,elem,true,data.go.kr
B000002444,아미초등학교,7150000,서구,부산광역시서부교육지원청,부산광역시 서구 해돋이로 241,공립,false,35.09877555,129.0155836,elem,true,data.go.kr
B000002564,안남초등학교,7150000,동래구,부산광역시동래교육지원청,부산광역시 동래구 연안로 46,공립,false,35.19170351,129.1077338,elem,true,data.go.kr
B000002558,안락초등학교,7150000,동래구,부산광역시동래교육지원청,부산광역시 동래구 명안로53번길 22,공립,false,35.20208677,129.1030796,elem,true,data.go.kr
B000002555,안민초등학교,7150000,동래구,부산광역시동래교육지원청,부산광역시 동래구 온천천로381번길 19,공립,false,35.19402913,129.0937899,elem,true,data.go.kr
B000002553,안진초등학교,7150000,동래구,부산광역시동래교육지원청,부산광역시 동래구 안남로 63,공립,false,35.19474685,129.0991925,elem,true,data.go.kr
B000002622,양덕초등학교,7150000,북구,부산광역시북부교육지원청,부산광역시 북구 팽나무로 58,공립,false,35.205895,129.0118896,elem,true,data.go.kr
B000002519,양동초등학교,7150000,부산진구,부산광역시남부교육지원청,부산광역시 부산진구 황령산로605번길 35-10,공립,false,35.17152018,129.0810439,elem,true,data.go.kr
B000002521,양성초등학교,7150000,부산진구,부산광역시남부교육지원청,부산광역시 부산진구 양성로 34,공립,false,35.17035507,129.0660942,elem,true,data.go.kr
B000002700,양운초등학교,7150000,해운대구,부산광역시해운대교육지원청,부산광역시 해운대구 대천로67번길 36,공립,false,35.17474688,129.166705,elem,true,data.go.kr
B000002520,양정초등학교,7150000,부산진구,부산광역시남부교육지원청,부산광역시 부산진구 중앙대로941번길 24,공립,false,35.17493498,129.0704392,elem,true,data.go.kr
B000002620,양천초등학교,7150000,북구,부산광역시북부교육지원청,부산광역시 북구 덕천로 132,공립,false,35.20952422,129.0193212,elem,true,data.go.kr
B000002665,엄궁초등학교,7150000,사상구,부산광역시북부교육지원청,부산광역시 사상구 엄궁로191번길 23,공립,false,35.12918626,128.9743987,elem,true,data.go.kr
B000002561,여고초등학교,7150000,동래구,부산광역시동래교육지원청,부산광역시 동래구 여고로63번가길 12,공립,false,35.19790151,129.0689614,elem,true,data.go.kr
B000002595,연동초등학교,7150000,연제구,부산광역시동래교육지원청,부산광역시 연제구 고분로56번길 40,공립,false,35.18393246,129.0884679,elem,true,data.go.kr
B000002596,연미초등학교,7150000,연제구,부산광역시동래교육지원청,부산광역시 연제구 금련로38번길 84,공립,false,35.17070549,129.0921122,elem,true,data.go.kr
B000002607,연산초등학교,7150000,연제구,부산광역시동래교육지원청,부산광역시 연제구 월드컵대로 41,공립,false,35.17826118,129.0841184,elem,true,data.go.kr
B000002605,연서초등학교,7150000,연제구,부산광역시동래교육지원청,부산광역시 연제구 거제천로270번길 30,공립,false,35.19095316,129.0866023,elem,true,data.go.kr
B000002601,연신초등학교,7150000,연제구,부산광역시동래교육지원청,부산광역시 연제구 신금로23번길 30,공립,false,35.19248231,129.0931595,elem,true,data.go.kr
B000002597,연일초등학교,7150000,연제구,부산광역시동래교육지원청,부산광역시 연제구 고분로 126-4,공립,false,35.18431973,129.0954537,elem,true,data.go.kr
B000002608,연제초등학교,7150000,연제구,부산광역시동래교육지원청,부산광역시 연제구 중앙대로1065번길 14,공립,false,35.18405401,129.0778742,elem,true,data.go.kr
B000002522,연지초등학교,7150000,부산진구,부산광역시남부교육지원청,부산광역시 부산진구 연지로 29,공립,false,35.1727095,129.0521377,elem,true,data.go.kr
B000002603,연천초등학교,7150000,연제구,부산광역시동래교육지원청,부산광역시 연제구 과정로225번길 46,공립,false,35.18621999,129.1004919,elem,true,data.go.kr
B000024219,연포초등학교,7150000,남구,부산광역시남부교육지원청,부산광역시 남구 못골로 17,공립,false,35.13724304,129.0840862,elem,true,data.go.kr
B000002526,연학초등학교,7150000,부산진구,부산광역시남부교육지원청,부산광역시 부산진구 초읍천로43번길 6,공립,false,35.17640628,129.046620,elem,true,data.go.kr
B000002448,영도초등학교,7150000,영도구,부산광역시서부교육지원청,부산광역시 영도구 꿈나무길 41,공립,false,35.09012596,129.0462132,elem,true,data.go.kr
B000002554,예원초등학교,7150000,동래구,부산광역시동래교육지원청,부산광역시 동래구 사직로 78,공립,false,35.19588224,129.0573916,elem,true,data.go.kr
B000002529,오륙도초등학교,7150000,남구,부산광역시남부교육지원청,부산광역시 남구 오륙도로 57,공립,false,35.10423905,129.1161864,elem,true,data.go.kr
B000024555,오션초등학교,7150000,강서구,부산광역시북부교육지원청,부산광역시 강서구 명지오션시티6로 72,공립,false,35.08029669,128.9070666,elem,true,data.go.kr
B000002471,옥천초등학교,7150000,사하구,부산광역시서부교육지원청,부산광역시 사하구 사하로 134,공립,false,35.09388695,128.9936902,elem,true,data.go.kr
B000022720,온샘초등학교,7150000,동래구,부산광역시동래교육지원청,부산광역시 동래구 충렬대로75번길 25,공립,false,35.20949877,129.0686661,elem,true,data.go.kr
B000002552,온천초등학교,7150000,동래구,부산광역시동래교육지원청,부산광역시 동래구 충렬대로107번길 124,공립,false,35.21255477,129.0736773,elem,true,data.go.kr
B000002632,와석초등학교,7150000,북구,부산광역시북부교육지원청,부산광역시 북구 화명대로94번길 83,공립,false,35.23079664,129.0174223,elem,true,data.go.kr
B000002541,용당초등학교,7150000,남구,부산광역시남부교육지원청,부산광역시 남구 신선로 341,공립,false,35.11669795,129.0939473,elem,true,data.go.kr
B000002530,용문초등학교,7150000,남구,부산광역시남부교육지원청,부산광역시 남구 신선로 542,공립,false,35.13067534,129.1081405,elem,true,data.go.kr
B000002544,용산초등학교,7150000,남구,부산광역시남부교육지원청,부산광역시 남구 동명로176번길 55,공립,false,35.11653695,129.1160682,elem,true,data.go.kr
B000024208,용소초등학교,7150000,남구,부산광역시남부교육지원청,부산광역시 남구 수영로325번길 114,공립,false,35.14284782,129.0995041,elem,true,data.go.kr
B000002634,용수초등학교,7150000,북구,부산광역시북부교육지원청,부산광역시 북구 화명신도시로 53,공립,false,35.22913767,129.0090771,elem,true,data.go.kr
B000002720,용암초등학교,7150000,기장군,부산광역시해운대교육지원청,부산광역시 기장군 기장읍 기장해안로 577,공립,false,35.22530669,129.2268633,elem,true,data.go.kr
B000002543,용호초등학교,7150000,남구,부산광역시남부교육지원청,부산광역시 남구 용호로42번길 94,공립,false,35.1224793,129.108986,elem,true,data.go.kr
B000002547,우암초등학교,7150000,남구,부산광역시남부교육지원청,부산광역시 남구 우암로 190-19,공립,false,35.12534348,129.0763824,elem,true,data.go.kr
B000002680,운봉초등학교,7150000,해운대구,부산광역시해운대교육지원청,부산광역시 해운대구 신반송로 11-20,공립,false,35.22928255,129.1591831,elem,true,data.go.kr
B000002531,운산초등학교,7150000,남구,부산광역시남부교육지원청,부산광역시 남구 용호로269번길 89,공립,false,35.11020374,129.1152252,elem,true,data.go.kr
B000002678,운송초등학교,7150000,해운대구,부산광역시해운대교육지원청,부산광역시 해운대구 반송로 839,공립,false,35.2286372,129.1460873,elem,true,data.go.kr
B000002724,월내초등학교,7150000,기장군,부산광역시해운대교육지원청,부산광역시 기장군 장안읍 길천2길 25,공립,false,35.32806314,129.2824798,elem,true,data.go.kr
B000002730,월평초등학교,7150000,기장군,부산광역시해운대교육지원청,부산광역시 기장군 정관읍 월평1길 21,공립,false,35.35969505,129.1383592,elem,true,data.go.kr
B000002486,을숙도초등학교,7150000,사하구,부산광역시서부교육지원청,부산광역시 사하구 낙동대로 581,공립,false,35.11554515,128.9612467,elem,true,data.go.kr
B000002477,응봉초등학교,7150000,사하구,부산광역시서부교육지원청,부산광역시 사하구 다대낙조2길 26,공립,false,35.05285702,128.9650909,elem,true,data.go.kr
B000002683,인지초등학교,7150000,해운대구,부산광역시해운대교육지원청,부산광역시 해운대구 반여로 128,공립,false,35.20288052,129.1251174,elem,true,data.go.kr
B000025605,일광초등학교,7150000,기장군,부산광역시해운대교육지원청,부산광역시 기장군 일광읍 해빛로 46,공립,false,35.2681181,129.2229034,elem,true,data.go.kr
B000002463,장림초등학교,7150000,사하구,부산광역시서부교육지원청,부산광역시 사하구 장림번영로103번길 10,공립,false,35.08217075,128.9765367,elem,true,data.go.kr
B000002684,장산초등학교,7150000,해운대구,부산광역시해운대교육지원청,부산광역시 해운대구 선수촌로 68,공립,false,35.20004201,129.1196543,elem,true,data.go.kr
B000002581,장서초등학교,7150000,금정구,부산광역시동래교육지원청,부산광역시 금정구 금강로453번길 26-7,공립,false,35.24805073,129.0854915,elem,true,data.go.kr
B000002723,장안초등학교,7150000,기장군,부산광역시해운대교육지원청,부산광역시 기장군 장안읍 장안로 67-4,공립,false,35.34650207,129.2540999,elem,true,data.go.kr
B000002588,장전초등학교,7150000,금정구,부산광역시동래교육지원청,부산광역시 금정구 수림로 90,공립,false,35.24137313,129.082757,elem,true,data.go.kr
B000002691,재송초등학교,7150000,해운대구,부산광역시해운대교육지원청,부산광역시 해운대구 재반로64번길 33,공립,false,35.18643767,129.1277656,elem,true,data.go.kr
B000002525,전포초등학교,7150000,부산진구,부산광역시남부교육지원청,부산광역시 부산진구 전포대로255번길 38,공립,false,35.15945713,129.0633316,elem,true,data.go.kr
B000002450,절영초등학교,7150000,영도구,부산광역시서부교육지원청,부산광역시 영도구 함지로 37,공립,false,35.07288845,129.063044,elem,true,data.go.kr
B000002731,정관초등학교,7150000,기장군,부산광역시해운대교육지원청,부산광역시 기장군 정관읍 정관로 530,공립,false,35.32321474,129.171850,elem,true,data.go.kr
B000022704,정원초등학교,7150000,기장군,부산광역시해운대교육지원청,부산광역시 기장군 정관읍 정관로 423,공립,false,35.33196766,129.1672729,elem,true,data.go.kr
B000002696,좌동초등학교,7150000,해운대구,부산광역시해운대교육지원청,부산광역시 해운대구 세실로 127,공립,false,35.17601553,129.1751421,elem,true,data.go.kr
B000002674,좌산초등학교,7150000,해운대구,부산광역시해운대교육지원청,부산광역시 해운대구 좌동순환로311번길 7,공립,false,35.16885764,129.1838569,elem,true,data.go.kr
B000002725,좌천초등학교,7150000,기장군,부산광역시해운대교육지원청,부산광역시 기장군 장안읍 좌천로 13-66,공립,false,35.31195204,129.2395575,elem,true,data.go.kr
B000002670,주감초등학교,7150000,사상구,부산광역시북부교육지원청,부산광역시 사상구 양지로 48,공립,false,35.15391434,129.0014957,elem,true,data.go.kr
B000002511,주례초등학교,7150000,부산진구,부산광역시남부교육지원청,부산광역시 부산진구 진사로61번길 28-7,공립,false,35.14579457,129.0194516,elem,true,data.go.kr
B000002669,주양초등학교,7150000,사상구,부산광역시북부교육지원청,부산광역시 사상구 백양대로 372-6,공립,false,35.15368245,129.0121457,elem,true,data.go.kr
B000002667,주학초등학교,7150000,사상구,부산광역시북부교육지원청,부산광역시 사상구 가야대로366번길 120,공립,false,35.14606624,129.0121591,elem,true,data.go.kr
B000002722,죽성초등학교,7150000,기장군,부산광역시해운대교육지원청,부산광역시 기장군 기장읍 죽성로 270,공립,false,35.24275627,129.2436029,elem,true,data.go.kr
B000002451,중리초등학교,7150000,영도구,부산광역시서부교육지원청,부산광역시 영도구 와치로 286,공립,false,35.07420189,129.0701926,elem,true,data.go.kr
B000002476,중현초등학교,7150000,사하구,부산광역시서부교육지원청,부산광역시 사하구 다대낙조2길 8,공립,false,35.0511217,128.9664641,elem,true,data.go.kr
B000002600,창신초등학교,7150000,연제구,부산광역시동래교육지원청,부산광역시 연제구 종합운동장로12번길 15,공립,false,35.19281291,129.0658519,elem,true,data.go.kr
B000002656,창진초등학교,7150000,사상구,부산광역시북부교육지원청,부산광역시 사상구 사상로223번길 100,공립,false,35.16617253,128.9778323,elem,true,data.go.kr
B000002650,천가초등학교,7150000,강서구,부산광역시북부교육지원청,부산광역시 강서구 동선길 135,공립,false,35.05234602,128.8312677,elem,true,data.go.kr
B000002446,천마초등학교,7150000,서구,부산광역시서부교육지원청,부산광역시 서구 천해로7번길 38,공립,false,35.08166097,129.0182257,elem,true,data.go.kr
B000002727,철마초등학교,7150000,기장군,부산광역시해운대교육지원청,부산광역시 기장군 철마면 철마로 493,공립,false,35.27521738,129.1512365,elem,true,data.go.kr
B000002459,청동초등학교,7150000,영도구,부산광역시서부교육지원청,부산광역시 영도구 태종로422번길 51,공립,false,35.08811888,129.0673548,elem,true,data.go.kr
B000002590,청룡초등학교,7150000,금정구,부산광역시동래교육지원청,부산광역시 금정구 팔송로 6,공립,false,35.27279359,129.0917544,elem,true,data.go.kr
B000002460,청학초등학교,7150000,영도구,부산광역시서부교육지원청,부산광역시 영도구 청학로 49,공립,false,35.09320176,129.0595039,elem,true,data.go.kr
B000002496,초량초등학교,7150000,동구,부산광역시남부교육지원청,부산광역시 동구 초량상로 49,공립,false,35.11571241,129.0363325,elem,true,data.go.kr
B000002527,초읍초등학교,7150000,부산진구,부산광역시남부교육지원청,부산광역시 부산진구 성지로104번길 26,공립,false,35.18074608,129.0539727,elem,true,data.go.kr
B000002565,충렬초등학교,7150000,동래구,부산광역시동래교육지원청,부산광역시 동래구 안락로125번길 22,공립,false,35.20041739,129.1117016,elem,true,data.go.kr
B000002728,칠암초등학교,7150000,기장군,부산광역시해운대교육지원청,부산광역시 기장군 일광읍 박영준길 19,공립,false,35.29848293,129.2554506,elem,true,data.go.kr
B000002455,태종대초등학교,7150000,영도구,부산광역시서부교육지원청,부산광역시 영도구 태종로 802,공립,false,35.06490578,129.0805999,elem,true,data.go.kr
B000002437,토성초등학교,7150000,서구,부산광역시서부교육지원청,부산광역시 서구 구덕로134번길 45,공립,false,35.099243,129.0212815,elem,true,data.go.kr
B000002604,토현초등학교,7150000,연제구,부산광역시동래교육지원청,부산광역시 연제구 토현로 48,공립,false,35.18129174,129.1117661,elem,true,data.go.kr
B000002616,포천초등학교,7150000,북구,부산광역시북부교육지원청,부산광역시 북구 시랑로 115,공립,false,35.19664206,129.0091031,elem,true,data.go.kr
B000002488,하남초등학교,7150000,사하구,부산광역시서부교육지원청,부산광역시 사하구 하신번영로 186,공립,false,35.09953035,128.9600692,elem,true,data.go.kr
B000002487,하단초등학교,7150000,사하구,부산광역시서부교육지원청,부산광역시 사하구 하신중앙로 321,공립,false,35.10545886,128.9648646,elem,true,data.go.kr
B000002610,학사초등학교,7150000,북구,부산광역시북부교육지원청,부산광역시 북구 용당로15번길 20,공립,false,35.2314328,129.0080672,elem,true,data.go.kr
B000002672,학장초등학교,7150000,사상구,부산광역시북부교육지원청,부산광역시 사상구 대동로 205,공립,false,35.14614928,128.9845724,elem,true,data.go.kr
B000002664,학진초등학교,7150000,사상구,부산광역시북부교육지원청,부산광역시 사상구 대동로 34-16,공립,false,35.13302673,128.9751445,elem,true,data.go.kr
B000002688,해강초등학교,7150000,해운대구,부산광역시해운대교육지원청,부산광역시 해운대구 해운대해변로 73,공립,false,35.16215501,129.1417212,elem,true,data.go.kr
B000002687,해동초등학교,7150000,해운대구,부산광역시해운대교육지원청,부산광역시 해운대구 우동1로 104,공립,false,35.17030489,129.1554468,elem,true,data.go.kr
B000002689,해림초등학교,7150000,해운대구,부산광역시해운대교육지원청,부산광역시 해운대구 해운대로469번길 42,공립,false,35.16501944,129.1438976,elem,true,data.go.kr
B000025609,해빛초등학교,7150000,기장군,부산광역시해운대교육지원청,부산광역시 기장군 일광읍 해빛6로 9,공립,false,35.26449792,129.2214621,elem,true,data.go.kr
B000002699,해송초등학교,7150000,해운대구,부산광역시해운대교육지원청,부산광역시 해운대구 좌동순환로402번길 32,공립,false,35.16424597,129.179501,elem,true,data.go.kr
B000002701,해운대초등학교,7150000,해운대구,부산광역시해운대교육지원청,부산광역시 해운대구 중동2로24번길 30,공립,false,35.16490741,129.1656491,elem,true,data.go.kr
B000002673,해원초등학교,7150000,해운대구,부산광역시해운대교육지원청,부산광역시 해운대구 마린시티2로 10,공립,false,35.15882051,129.1439005,elem,true,data.go.kr
B000002574,현곡초등학교,7150000,금정구,부산광역시동래교육지원청,부산광역시 금정구 동부곡로27번라길 20,공립,false,35.22691628,129.0967464,elem,true,data.go.kr
B000002570,혜화초등학교,7150000,동래구,부산광역시동래교육지원청,부산광역시 동래구 명장로99번길 25,사립,false,35.20226047,129.1132938,elem,true,data.go.kr
B000002708,호암초등학교,7150000,수영구,부산광역시해운대교육지원청,부산광역시 수영구 호암로 57,공립,false,35.15816303,129.1063722,elem,true,data.go.kr
B000002439,화랑초등학교,7150000,서구,부산광역시서부교육지원청,부산광역시 서구 대영로86번길 56,공립,false,35.10824213,129.0205044,elem,true,data.go.kr
B000002627,화명초등학교,7150000,북구,부산광역시북부교육지원청,부산광역시 북구 대천천길 65,공립,false,35.24224054,129.018073,elem,true,data.go.kr
B000002629,화잠초등학교,7150000,북구,부산광역시북부교육지원청,부산광역시 북구 화명대로 97-25,공립,false,35.2359298,129.0173597,elem,true,data.go.kr
B000024422,화정초등학교,7150000,북구,부산광역시북부교육지원청,부산광역시 북구 의성로 23,공립,false,35.21820451,129.0099171,elem,true,data.go.kr
B000002485,효림초등학교,7150000,사하구,부산광역시서부교육지원청,부산광역시 사하구 장평로 106,공립,false,35.07537995,128.9741021,elem,true,data.go.kr
B000024072,경북대학교사범대학부설초등학교,7240000,중구,대구광역시동부교육지원청,대구광역시 중구 달구벌대로 2150,국립,false,35.86358373,128.5980664,elem,true,data.go.kr
B000002741,계성초등학교,7240000,중구,대구광역시동부교육지원청,대구광역시 중구 달성로 15,사립,false,35.86566471,128.5811278,elem,true,data.go.kr
B000002867,남대구초등학교,7240000,남구,대구광역시남부교육지원청,대구광역시 남구 중앙대로47길 55,공립,false,35.8535697,128.5864793,elem,true,data.go.kr
B000002944,대구가창초등학교,7240000,달성군,대구광역시달성교육지원청,대구광역시 달성군 가창면 가창로 640,공립,false,35.77105069,128.648247,elem,true,data.go.kr
B000002898,대구감삼초등학교,7240000,달서구,대구광역시남부교육지원청,대구광역시 달서구 당산로 123,공립,false,35.84917998,128.5451459,elem,true,data.go.kr
B000002888,대구감천초등학교,7240000,달서구,대구광역시남부교육지원청,대구광역시 달서구 구마로12길 60,공립,false,35.83522361,128.5330966,elem,true,data.go.kr
B000002769,대구강동초등학교,7240000,동구,대구광역시동부교육지원청,대구광역시 동구 동호로7길 17,공립,false,35.86803973,128.7302386,elem,true,data.go.kr
B000024033,대구강림초등학교,7240000,달성군,대구광역시달성교육지원청,대구광역시 달성군 옥포읍 돌미로 15,공립,false,35.78124474,128.4367988,elem,true,data.go.kr
B000002827,대구강북초등학교,7240000,북구,대구광역시서부교육지원청,대구광역시 북구 구암서로 50,공립,false,35.94086182,128.5667658,elem,true,data.go.kr
B000002793,대구경동초등학교,7240000,수성구,대구광역시동부교육지원청,대구광역시 수성구 청호로76길 12,공립,false,35.85220646,128.6393548,elem,true,data.go.kr
B000002809,대구경운초등학교,7240000,서구,대구광역시서부교육지원청,대구광역시 서구 평리로54길 16,공립,false,35.86088038,128.5527191,elem,true,data.go.kr
B000002835,대구경진초등학교,7240000,북구,대구광역시서부교육지원청,대구광역시 북구 경진로12길 5,공립,false,35.8920273,128.6170925,elem,true,data.go.kr
B000007263,대구고매초등학교,7240000,군위군,대구광역시군위교육지원청,대구광역시 군위군 효령면 용매로 970,공립,false,36.09704449,128.582054,elem,true,data.go.kr
B000002783,대구고산초등학교,7240000,수성구,대구광역시동부교육지원청,대구광역시 수성구 달구벌대로 3067,공립,false,35.84395419,128.693156,elem,true,data.go.kr
B000002748,대구공산초등학교,7240000,동구,대구광역시동부교육지원청,대구광역시 동구 팔공로197길 35,공립,false,35.9564807,128.6906261,elem,true,data.go.kr
B000002826,대구관남초등학교,7240000,북구,대구광역시서부교육지원청,대구광역시 북구 칠곡중앙대로91길 10,공립,false,35.93683639,128.5477779,elem,true,data.go.kr
B000002824,대구관문초등학교,7240000,북구,대구광역시서부교육지원청,대구광역시 북구 매전로 32,공립,false,35.90869955,128.5461555,elem,true,data.go.kr
B000002825,대구관음초등학교,7240000,북구,대구광역시서부교육지원청,대구광역시 북구 관음동로17길 16,공립,false,35.93992241,128.5471137,elem,true,data.go.kr
B000002848,대구관천초등학교,7240000,북구,대구광역시서부교육지원청,대구광역시 북구 구암로22길 17,공립,false,35.93053458,128.5520401,elem,true,data.go.kr
B000002840,대구교동초등학교,7240000,북구,대구광역시서부교육지원청,대구광역시 북구 관음중앙로34길 4,공립,false,35.94475315,128.5494463,elem,true,data.go.kr
B000002872,대구교육대학교대구부설초등학교,7240000,달서구,대구광역시남부교육지원청,대구광역시 달서구 도원남로 19,국립,false,35.80596892,128.5323853,elem,true,data.go.kr
B000002829,대구구암초등학교,7240000,북구,대구광역시서부교육지원청,대구광역시 북구 학정로 245,공립,false,35.9281013,128.5577604,elem,true,data.go.kr
B000002948,대구구지초등학교,7240000,달성군,대구광역시달성교육지원청,대구광역시 달성군 구지면 창리로11길 45-11,공립,false,35.66021157,128.4125882,elem,true,data.go.kr
B000026788,대구국우초등학교,7240000,북구,대구광역시서부교육지원청,대구광역시 북구 도남중앙로10길 45,공립,false,35.95582279,128.5856952,elem,true,data.go.kr
B000007260,대구군위초등학교,7240000,군위군,대구광역시군위교육지원청,대구광역시 군위군 군위읍 동서5길 28,공립,false,36.23912975,128.5682032,elem,true,data.go.kr
B000002942,대구금계초등학교,7240000,달성군,대구광역시달성교육지원청,대구광역시 달성군 옥포읍 금계길 55,공립,false,35.78888934,128.443749,elem,true,data.go.kr
B000002935,대구금포초등학교,7240000,달성군,대구광역시달성교육지원청,대구광역시 달성군 논공읍 금포초등길 28,공립,false,35.77429302,128.4254986,elem,true,data.go.kr
B000002864,대구남덕초등학교,7240000,남구,대구광역시남부교육지원청,대구광역시 남구 앞산순환로93길 33,공립,false,35.83306282,128.5739472,elem,true,data.go.kr
B000002862,대구남도초등학교,7240000,남구,대구광역시남부교육지원청,대구광역시 남구 현충동길 74,공립,false,35.84427387,128.5813642,elem,true,data.go.kr
B000002938,대구남동초등학교,7240000,달성군,대구광역시달성교육지원청,대구광역시 달성군 논공읍 논공로 258,공립,false,35.72463823,128.456469,elem,true,data.go.kr
B000002863,대구남명초등학교,7240000,남구,대구광역시남부교육지원청,대구광역시 남구 큰골4길 41,공립,false,35.83436385,128.5819866,elem,true,data.go.kr
B000002905,대구남부초등학교,7240000,달서구,대구광역시남부교육지원청,대구광역시 달서구 야외음악당로15길 1,공립,false,35.8441231,128.5524346,elem,true,data.go.kr
B000002739,대구남산초등학교,7240000,중구,대구광역시동부교육지원청,대구광역시 중구 남산로 70,공립,false,35.86322075,128.5827674,elem,true,data.go.kr
B000002880,대구남송초등학교,7240000,달서구,대구광역시남부교육지원청,대구광역시 달서구 송현로 192,공립,false,35.83490796,128.5453631,elem,true,data.go.kr
B000002901,대구내당초등학교,7240000,달서구,대구광역시남부교육지원청,대구광역시 달서구 명덕로 22-9,공립,false,35.86063972,128.5723832,elem,true,data.go.kr
B000002807,대구내서초등학교,7240000,서구,대구광역시서부교육지원청,대구광역시 서구 달구벌대로371길 35,공립,false,35.86381964,128.566760,elem,true,data.go.kr
B000002782,대구노변초등학교,7240000,수성구,대구광역시동부교육지원청,대구광역시 수성구 노변공원로 52,공립,false,35.83774464,128.6976282,elem,true,data.go.kr
B000002879,대구노전초등학교,7240000,달서구,대구광역시남부교육지원청,대구광역시 달서구 한실로 43,공립,false,35.80817454,128.5312233,elem,true,data.go.kr
B000002937,대구논공초등학교,7240000,달성군,대구광역시달성교육지원청,대구광역시 달성군 논공읍 논공로7길 41,공립,false,35.73107603,128.4376482,elem,true,data.go.kr
B000002924,대구다사초등학교,7240000,달성군,대구광역시달성교육지원청,대구광역시 달성군 다사읍 다사로 86,공립,false,35.8694288,128.4584848,elem,true,data.go.kr
B000002845,대구달산초등학교,7240000,북구,대구광역시서부교육지원청,대구광역시 북구 옥산로17길 37,공립,false,35.88770026,128.5851901,elem,true,data.go.kr
B000002817,대구달서초등학교,7240000,서구,대구광역시서부교육지원청,대구광역시 서구 국채보상로34길 35,공립,false,35.86684409,128.5505467,elem,true,data.go.kr
B000002806,대구달성초등학교,7240000,서구,대구광역시서부교육지원청,대구광역시 서구 고성로 127,공립,false,35.88281808,128.5792104,elem,true,data.go.kr
B000002878,대구대곡초등학교,7240000,달서구,대구광역시남부교육지원청,대구광역시 달서구 도원남로 60,공립,false,35.8032986,128.5357039,elem,true,data.go.kr
B000002874,대구대남초등학교,7240000,달서구,대구광역시남부교육지원청,대구광역시 달서구 월배로68길 91,공립,false,35.82410265,128.5517486,elem,true,data.go.kr
B000002866,대구대덕초등학교,7240000,남구,대구광역시남부교육지원청,대구광역시 남구 대명서로 28,공립,false,35.83048863,128.5616736,elem,true,data.go.kr
B000002865,대구대명초등학교,7240000,남구,대구광역시남부교육지원청,대구광역시 남구 대명로 100,공립,false,35.83889592,128.5688413,elem,true,data.go.kr
B000002870,대구대봉초등학교,7240000,남구,대구광역시남부교육지원청,대구광역시 남구 대봉로26길 33,공립,false,35.85166409,128.6048079,elem,true,data.go.kr
B000002839,대구대산초등학교,7240000,북구,대구광역시서부교육지원청,대구광역시 북구 신천동로 900,공립,false,35.89611556,128.5931912,elem,true,data.go.kr
B000002883,대구대서초등학교,7240000,달서구,대구광역시남부교육지원청,대구광역시 달서구 송현로 9,공립,false,35.82006524,128.5499433,elem,true,data.go.kr
B000002811,대구대성초등학교,7240000,서구,대구광역시서부교육지원청,대구광역시 서구 국채보상로 426,공립,false,35.87040591,128.5771526,elem,true,data.go.kr
B000024035,대구대실초등학교,7240000,달성군,대구광역시달성교육지원청,대구광역시 달성군 다사읍 대실역남로1길 31,공립,false,35.85308854,128.4678979,elem,true,data.go.kr
B000002897,대구대진초등학교,7240000,달서구,대구광역시남부교육지원청,대구광역시 달서구 상화로 70,공립,false,35.80666215,128.5217068,elem,true,data.go.kr
B000002842,대구대천초등학교,7240000,북구,대구광역시서부교육지원청,대구광역시 북구 구암로21길 54,공립,false,35.93720911,128.5543646,elem,true,data.go.kr
B000002787,대구대청초등학교,7240000,수성구,대구광역시동부교육지원청,대구광역시 수성구 교학로12길 42,공립,false,35.85090611,128.6501674,elem,true,data.go.kr
B000002757,대구덕성초등학교,7240000,동구,대구광역시동부교육지원청,대구광역시 동구 아양로34길 50,공립,false,35.88210504,128.6284765,elem,true,data.go.kr
B000002904,대구덕인초등학교,7240000,달서구,대구광역시남부교육지원청,대구광역시 달서구 대명천로43길 66,공립,false,35.83856871,128.5344725,elem,true,data.go.kr
B000002851,대구도남초등학교,7240000,북구,대구광역시서부교육지원청,대구광역시 북구 구리로 202,공립,false,35.94868547,128.5771887,elem,true,data.go.kr
B000002928,대구도림초등학교,7240000,달성군,대구광역시달성교육지원청,대구광역시 달성군 다사읍 서재로26길 94,공립,false,35.87810529,128.4997991,elem,true,data.go.kr
B000002877,대구도원초등학교,7240000,달서구,대구광역시남부교육지원청,대구광역시 달서구 도원남로 100-30,공립,false,35.80470737,128.5421307,elem,true,data.go.kr
B000002939,대구동곡초등학교,7240000,달성군,대구광역시달성교육지원청,대구광역시 달성군 하빈면 달구벌대로55길 104-4,공립,false,35.87936389,128.4173532,elem,true,data.go.kr
B000002735,대구동덕초등학교,7240000,중구,대구광역시동부교육지원청,대구광역시 중구 동덕로26길 20,공립,false,35.86476327,128.6046765,elem,true,data.go.kr
B000002795,대구동도초등학교,7240000,수성구,대구광역시동부교육지원청,대구광역시 수성구 동대구로57길 8,공립,false,35.85709448,128.6240176,elem,true,data.go.kr
B000002773,대구동문초등학교,7240000,수성구,대구광역시동부교육지원청,대구광역시 수성구 효행로2길 111,공립,false,35.87481761,128.6524258,elem,true,data.go.kr
B000002853,대구동변초등학교,7240000,북구,대구광역시서부교육지원청,대구광역시 북구 동변로 60,공립,false,35.91913153,128.604165,elem,true,data.go.kr
B000002759,대구동부초등학교,7240000,동구,대구광역시동부교육지원청,대구광역시 동구 신암북로7길 22,공립,false,35.88802465,128.619832,elem,true,data.go.kr
B000002772,대구동산초등학교,7240000,수성구,대구광역시동부교육지원청,대구광역시 수성구 동대구로42길 29,공립,false,35.84914164,128.628072,elem,true,data.go.kr
B000002797,대구동성초등학교,7240000,수성구,대구광역시동부교육지원청,대구광역시 수성구 수성로 311,공립,false,35.85344552,128.6127108,elem,true,data.go.kr
B000002758,대구동신초등학교,7240000,동구,대구광역시동부교육지원청,대구광역시 동구 송라로 123,공립,false,35.87827471,128.6150277,elem,true,data.go.kr
B000002788,대구동원초등학교,7240000,수성구,대구광역시동부교육지원청,대구광역시 수성구 국채보상로 1000,공립,false,35.86486801,128.6398865,elem,true,data.go.kr
B000002740,대구동인초등학교,7240000,중구,대구광역시동부교육지원청,대구광역시 중구 국채보상로 728,공립,false,35.86808439,128.6095062,elem,true,data.go.kr
B000002774,대구동일초등학교,7240000,수성구,대구광역시동부교육지원청,대구광역시 수성구 들안로 311,공립,false,35.85810017,128.6168819,elem,true,data.go.kr
B000002792,대구동천초등학교,7240000,수성구,대구광역시동부교육지원청,대구광역시 수성구 상록로16길 20,공립,false,35.86584724,128.6252642,elem,true,data.go.kr
B000002750,대구동촌초등학교,7240000,동구,대구광역시동부교육지원청,대구광역시 동구 동촌로 168,공립,false,35.88202794,128.6589293,elem,true,data.go.kr
B000002856,대구동평초등학교,7240000,북구,대구광역시서부교육지원청,대구광역시 북구 동천로 84,공립,false,35.93900005,128.5608205,elem,true,data.go.kr
B000002767,대구동호초등학교,7240000,동구,대구광역시동부교육지원청,대구광역시 동구 동호로 25,공립,false,35.86535031,128.7204845,elem,true,data.go.kr
B000002808,대구두류초등학교,7240000,서구,대구광역시서부교육지원청,대구광역시 서구 달구벌대로357길 22,공립,false,35.86161552,128.5599761,elem,true,data.go.kr
B000002799,대구두산초등학교,7240000,수성구,대구광역시동부교육지원청,대구광역시 수성구 동대구로6길 31,공립,false,35.83259729,128.6260889,elem,true,data.go.kr
B000002784,대구들안길초등학교,7240000,수성구,대구광역시동부교육지원청,대구광역시 수성구 들안로16길 58,공립,false,35.83889748,128.6184098,elem,true,data.go.kr
B000002786,대구만촌초등학교,7240000,수성구,대구광역시동부교육지원청,대구광역시 수성구 국채보상로214길 33,공립,false,35.86668961,128.6479227,elem,true,data.go.kr
B000002926,대구매곡초등학교,7240000,달성군,대구광역시달성교육지원청,대구광역시 달성군 다사읍 대실역북로3길 6,공립,false,35.86225581,128.4681199,elem,true,data.go.kr
B000002777,대구매동초등학교,7240000,수성구,대구광역시동부교육지원청,대구광역시 수성구 천을로31길 16,공립,false,35.84523197,128.7092147,elem,true,data.go.kr
B000002832,대구매천초등학교,7240000,북구,대구광역시서부교육지원청,대구광역시 북구 매천로 179,공립,false,35.91332651,128.5410367,elem,true,data.go.kr
B000002776,대구매호초등학교,7240000,수성구,대구광역시동부교육지원청,대구광역시 수성구 달구벌대로647길 30,공립,false,35.84150742,128.7121182,elem,true,data.go.kr
B000002932,대구명곡초등학교,7240000,달성군,대구광역시달성교육지원청,대구광역시 달성군 화원읍 명곡로 40,공립,false,35.79667071,128.4961175,elem,true,data.go.kr
B000002738,대구명덕초등학교,7240000,중구,대구광역시동부교육지원청,대구광역시 중구 남산로2길 125,공립,false,35.85754073,128.5890267,elem,true,data.go.kr
B000002833,대구문성초등학교,7240000,북구,대구광역시서부교육지원청,대구광역시 북구 복현로 180,공립,false,35.90581213,128.6203559,elem,true,data.go.kr
B000002941,대구반송초등학교,7240000,달성군,대구광역시달성교육지원청,대구광역시 달성군 옥포읍 용연사길 5,공립,false,35.75661793,128.4946927,elem,true,data.go.kr
B000002746,대구반야월초등학교,7240000,동구,대구광역시동부교육지원청,대구광역시 동구 안심로49길 70,공립,false,35.86827216,128.7107606,elem,true,data.go.kr
B000002751,대구방촌초등학교,7240000,동구,대구광역시동부교육지원청,대구광역시 동구 동촌로42길 35-14,공립,false,35.88064626,128.6630356,elem,true,data.go.kr
B000002790,대구범물초등학교,7240000,수성구,대구광역시동부교육지원청,대구광역시 수성구 지범로41길 33,공립,false,35.82148369,128.6448582,elem,true,data.go.kr
B000002794,대구범어초등학교,7240000,수성구,대구광역시동부교육지원청,대구광역시 수성구 달구벌대로489길 55,공립,false,35.86056415,128.6334733,elem,true,data.go.kr
B000002791,대구범일초등학교,7240000,수성구,대구광역시동부교육지원청,대구광역시 수성구 범안로4길 22,공립,false,35.81631646,128.6388284,elem,true,data.go.kr
B000002789,대구복명초등학교,7240000,수성구,대구광역시동부교육지원청,대구광역시 수성구 범안로20길 8,공립,false,35.8176268,128.6472131,elem,true,data.go.kr
B000002834,대구복현초등학교,7240000,북구,대구광역시서부교육지원청,대구광역시 북구 공항로 58,공립,false,35.89760701,128.6215386,elem,true,data.go.kr
B000002899,대구본리초등학교,7240000,달서구,대구광역시남부교육지원청,대구광역시 달서구 장기로 198,공립,false,35.84457479,128.5386389,elem,true,data.go.kr
B000002869,대구봉덕초등학교,7240000,남구,대구광역시남부교육지원청,대구광역시 남구 효성로 71,공립,false,35.83968334,128.5968429,elem,true,data.go.kr
B000024106,대구봉무초등학교,7240000,동구,대구광역시동부교육지원청,대구광역시 동구 팔공로53길 30,공립,false,35.92580017,128.6374377,elem,true,data.go.kr
B000007264,대구부계초등학교,7240000,군위군,대구광역시군위교육지원청,대구광역시 군위군 부계면 치산효령로 1376,공립,false,36.10164233,128.6628172,elem,true,data.go.kr
B000002936,대구북동초등학교,7240000,달성군,대구광역시달성교육지원청,대구광역시 달성군 논공읍 논공로11길 18,공립,false,35.72947978,128.4413202,elem,true,data.go.kr
B000002854,대구북부초등학교,7240000,북구,대구광역시서부교육지원청,대구광역시 북구 동천로 20,공립,false,35.93347965,128.559214,elem,true,data.go.kr
B000002813,대구북비산초등학교,7240000,서구,대구광역시서부교육지원청,대구광역시 서구 통학로48길 7,공립,false,35.88154517,128.5645911,elem,true,data.go.kr
B000002753,대구불로초등학교,7240000,동구,대구광역시동부교육지원청,대구광역시 동구 방천로3길 19,공립,false,35.89748035,128.633502,elem,true,data.go.kr
B000002812,대구비봉초등학교,7240000,서구,대구광역시서부교육지원청,대구광역시 서구 달서로45길 30,공립,false,35.88276366,128.5686561,elem,true,data.go.kr
B000002819,대구비산초등학교,7240000,서구,대구광역시서부교육지원청,대구광역시 서구 통학로 202,공립,false,35.8787485,128.5643247,elem,true,data.go.kr
B000024047,대구비슬초등학교,7240000,달성군,대구광역시달성교육지원청,대구광역시 달성군 유가읍 테크노북로 144,공립,false,35.69605801,128.4587333,elem,true,data.go.kr
B000024055,대구사수초등학교,7240000,북구,대구광역시서부교육지원청,대구광역시 북구 내곡로 124,공립,false,35.90014837,128.5152482,elem,true,data.go.kr
B000002779,대구사월초등학교,7240000,수성구,대구광역시동부교육지원청,대구광역시 수성구 달구벌대로656길 46,공립,false,35.83405178,128.7150404,elem,true,data.go.kr
B000002838,대구산격초등학교,7240000,북구,대구광역시서부교육지원청,대구광역시 북구 산격로10길 14,공립,false,35.89455113,128.6063966,elem,true,data.go.kr
B000002736,대구삼덕초등학교,7240000,중구,대구광역시동부교육지원청,대구광역시 중구 달구벌대로447길 10,공립,false,35.86355823,128.6078444,elem,true,data.go.kr
B000024054,대구삼영초등학교,7240000,북구,대구광역시서부교육지원청,대구광역시 북구 내곡로 63,공립,false,35.90168904,128.5096899,elem,true,data.go.kr
B000002805,대구삼육초등학교,7240000,수성구,대구광역시동부교육지원청,대구광역시 수성구 청수로 22-23,사립,false,35.83976721,128.6106654,elem,true,data.go.kr
B000002886,대구상원초등학교,7240000,달서구,대구광역시남부교육지원청,대구광역시 달서구 월곡로20길 15,공립,false,35.80636651,128.5506746,elem,true,data.go.kr
B000002882,대구상인초등학교,7240000,달서구,대구광역시남부교육지원청,대구광역시 달서구 월곡로 211,공립,false,35.81293403,128.5426728,elem,true,data.go.kr
B000024415,대구새론초등학교,7240000,동구,대구광역시동부교육지원청,대구광역시 동구 과학로13길 5,공립,false,35.88439053,128.7170845,elem,true,data.go.kr
B000002821,대구서도초등학교,7240000,서구,대구광역시서부교육지원청,대구광역시 서구 평리로 395,공립,false,35.86727153,128.5653531,elem,true,data.go.kr
B000024039,대구서동초등학교,7240000,달성군,대구광역시달성교육지원청,대구광역시 달성군 다사읍 서재로7길 55,공립,false,35.8718048,128.4884318,elem,true,data.go.kr
B000002858,대구서변초등학교,7240000,북구,대구광역시서부교육지원청,대구광역시 북구 호국로43길 35,공립,false,35.9207565,128.5950136,elem,true,data.go.kr
B000002810,대구서부초등학교,7240000,서구,대구광역시서부교육지원청,대구광역시 서구 달서로26길 25,공립,false,35.87387969,128.5737138,elem,true,data.go.kr
B000002927,대구서재초등학교,7240000,달성군,대구광역시달성교육지원청,대구광역시 달성군 다사읍 서재로 100,공립,false,35.87192218,128.4983801,elem,true,data.go.kr
B000002818,대구서평초등학교,7240000,서구,대구광역시서부교육지원청,대구광역시 서구 서대구로45길 60,공립,false,35.87825232,128.5479041,elem,true,data.go.kr
B000002912,대구선원초등학교,7240000,달서구,대구광역시남부교육지원청,대구광역시 달서구 선원로33길 105,공립,false,35.86101498,128.5155245,elem,true,data.go.kr
B000002918,대구성곡초등학교,7240000,달서구,대구광역시남부교육지원청,대구광역시 달서구 선원남로 127,공립,false,35.85809784,128.5135151,elem,true,data.go.kr
B000002900,대구성남초등학교,7240000,달서구,대구광역시남부교육지원청,대구광역시 달서구 성당로47길 35,공립,false,35.85332963,128.5722856,elem,true,data.go.kr
B000002903,대구성당초등학교,7240000,달서구,대구광역시남부교육지원청,대구광역시 달서구 대명천로 118,공립,false,35.84050576,128.5472902,elem,true,data.go.kr
B000002803,대구성동초등학교,7240000,수성구,대구광역시동부교육지원청,대구광역시 수성구 청수로45길 27,공립,false,35.84090465,128.6322834,elem,true,data.go.kr
B000002868,대구성명초등학교,7240000,남구,대구광역시남부교육지원청,대구광역시 남구 성당로30길 55,공립,false,35.84515662,128.5708211,elem,true,data.go.kr
B000002857,대구성북초등학교,7240000,북구,대구광역시서부교육지원청,대구광역시 북구 호국로57길 42,공립,false,35.92640879,128.5942863,elem,true,data.go.kr
B000002911,대구성산초등학교,7240000,달서구,대구광역시남부교육지원청,대구광역시 달서구 선원남로 173,공립,false,35.85789464,128.5189193,elem,true,data.go.kr
B000002909,대구성서초등학교,7240000,달서구,대구광역시남부교육지원청,대구광역시 달서구 달구벌대로 1339,공립,false,35.85196163,128.5144493,elem,true,data.go.kr
B000002908,대구성지초등학교,7240000,달서구,대구광역시남부교육지원청,대구광역시 달서구 새동네로 27,공립,false,35.85329006,128.5187152,elem,true,data.go.kr
B000024036,대구세천초등학교,7240000,달성군,대구광역시달성교육지원청,대구광역시 달성군 다사읍 세천로 182-9,공립,false,35.87439381,128.4814697,elem,true,data.go.kr
B000024037,대구세현초등학교,7240000,달성군,대구광역시달성교육지원청,대구광역시 달성군 구지면 국가산단대로66길 10,공립,false,35.65978473,128.4198073,elem,true,data.go.kr
B000007261,대구송원초등학교,7240000,군위군,대구광역시군위교육지원청,대구광역시 군위군 소보면 송백로 1394,공립,false,36.25434194,128.4760713,elem,true,data.go.kr
B000002891,대구송일초등학교,7240000,달서구,대구광역시남부교육지원청,대구광역시 달서구 학산로2길 38,공립,false,35.82413307,128.5328213,elem,true,data.go.kr
B000002747,대구송정초등학교,7240000,동구,대구광역시동부교육지원청,대구광역시 동구 안심로90길 9,공립,false,35.87060567,128.7340252,elem,true,data.go.kr
B000002887,대구송현초등학교,7240000,달서구,대구광역시남부교육지원청,대구광역시 달서구 송현로 128,공립,false,35.82868737,128.5448569,elem,true,data.go.kr
B000002796,대구수성초등학교,7240000,수성구,대구광역시동부교육지원청,대구광역시 수성구 상화로5길 40,공립,false,35.83721988,128.6105947,elem,true,data.go.kr
B000002734,대구수창초등학교,7240000,중구,대구광역시동부교육지원청,대구광역시 중구 달성로22길 30,공립,false,35.87429166,128.5834453,elem,true,data.go.kr
B000002771,대구숙천초등학교,7240000,동구,대구광역시동부교육지원청,대구광역시 동구 숙천로 17,공립,false,35.87696975,128.7533077,elem,true,data.go.kr
B000002775,대구시지초등학교,7240000,수성구,대구광역시동부교육지원청,대구광역시 수성구 달구벌대로631길 17,공립,false,35.84378451,128.7031905,elem,true,data.go.kr
B000002907,대구신당초등학교,7240000,달서구,대구광역시남부교육지원청,대구광역시 달서구 서당로 14,공립,false,35.85329484,128.4962674,elem,true,data.go.kr
B000002778,대구신매초등학교,7240000,수성구,대구광역시동부교육지원청,대구광역시 수성구 달구벌대로650길 26,공립,false,35.83660884,128.7092663,elem,true,data.go.kr
B000002906,대구신서초등학교,7240000,달서구,대구광역시남부교육지원청,대구광역시 달서구 계대동문로3길 46,공립,false,35.85793519,128.4947454,elem,true,data.go.kr
B000002755,대구신성초등학교,7240000,동구,대구광역시동부교육지원청,대구광역시 동구 동북로71길 29,공립,false,35.89012307,128.6289423,elem,true,data.go.kr
B000002831,대구신암초등학교,7240000,북구,대구광역시서부교육지원청,대구광역시 북구 경대로 21,공립,false,35.88376431,128.611623,elem,true,data.go.kr
B000002892,대구신월초등학교,7240000,달서구,대구광역시남부교육지원청,대구광역시 달서구 조암남로 100,공립,false,35.82056001,128.5224969,elem,true,data.go.kr
B000002743,대구신천초등학교,7240000,동구,대구광역시동부교육지원청,대구광역시 동구 송라로6길 5,공립,false,35.87162754,128.6210089,elem,true,data.go.kr
B000002902,대구신흥초등학교,7240000,달서구,대구광역시남부교육지원청,대구광역시 달서구 두류공원로 257,공립,false,35.85633367,128.5563376,elem,true,data.go.kr
B000002754,대구아양초등학교,7240000,동구,대구광역시동부교육지원청,대구광역시 동구 아양로 221,공립,false,35.88746268,128.6374338,elem,true,data.go.kr
B000002761,대구안일초등학교,7240000,동구,대구광역시동부교육지원청,대구광역시 동구 율하동로23길 66,공립,false,35.87142509,128.6952241,elem,true,data.go.kr
B000024056,대구연경초등학교,7240000,북구,대구광역시서부교육지원청,대구광역시 북구 연경중앙로11길 19,공립,false,35.94573483,128.6160323,elem,true,data.go.kr
B000002871,대구영선초등학교,7240000,남구,대구광역시남부교육지원청,대구광역시 남구 영선길 96,공립,false,35.85290128,128.5960139,elem,true,data.go.kr
B000002843,대구옥산초등학교,7240000,북구,대구광역시서부교육지원청,대구광역시 북구 칠성시장로23길 55,공립,false,35.8808955,128.5978756,elem,true,data.go.kr
B000002943,대구옥포초등학교,7240000,달성군,대구광역시달성교육지원청,대구광역시 달성군 옥포읍 비슬로 2220,공립,false,35.78778718,128.4641599,elem,true,data.go.kr
B000002916,대구와룡초등학교,7240000,달서구,대구광역시남부교육지원청,대구광역시 달서구 선원남로 22,공립,false,35.85707321,128.5018281,elem,true,data.go.kr
B000002925,대구왕선초등학교,7240000,달성군,대구광역시달성교육지원청,대구광역시 달성군 다사읍 대실역북로 93,공립,false,35.86319531,128.465206,elem,true,data.go.kr
B000002945,대구용계초등학교,7240000,달성군,대구광역시달성교육지원청,대구광역시 달성군 가창면 가창로221길 1,공립,false,35.80456757,128.6216025,elem,true,data.go.kr
B000002913,대구용산초등학교,7240000,달서구,대구광역시남부교육지원청,대구광역시 달서구 와룡로49길 80,공립,false,35.85522492,128.5320515,elem,true,data.go.kr
B000002914,대구용전초등학교,7240000,달서구,대구광역시남부교육지원청,대구광역시 달서구 용산로 260,공립,false,35.86109075,128.5312139,elem,true,data.go.kr
B000002801,대구용지초등학교,7240000,수성구,대구광역시동부교육지원청,대구광역시 수성구 지산로 12,공립,false,35.82203127,128.6327623,elem,true,data.go.kr
B000024043,대구용천초등학교,7240000,달서구,대구광역시남부교육지원청,대구광역시 달서구 조암남로32길 55,공립,false,35.81972464,128.5125985,elem,true,data.go.kr
B000002752,대구용호초등학교,7240000,동구,대구광역시동부교육지원청,대구광역시 동구 동촌로56길 82,공립,false,35.8773574,128.6723645,elem,true,data.go.kr
B000002780,대구욱수초등학교,7240000,수성구,대구광역시동부교육지원청,대구광역시 수성구 신매로 20,공립,false,35.83137706,128.7077554,elem,true,data.go.kr
B000002828,대구운암초등학교,7240000,북구,대구광역시서부교육지원청,대구광역시 북구 대천로 148,공립,false,35.93560291,128.565682,elem,true,data.go.kr
B000002885,대구월곡초등학교,7240000,달서구,대구광역시남부교육지원청,대구광역시 달서구 상인로 40,공립,false,35.8121612,128.5492653,elem,true,data.go.kr
B000002895,대구월배초등학교,7240000,달서구,대구광역시남부교육지원청,대구광역시 달서구 월배로 131,공립,false,35.81642856,128.528311,elem,true,data.go.kr
B000002881,대구월서초등학교,7240000,달서구,대구광역시남부교육지원청,대구광역시 달서구 월배로39길 46,공립,false,35.82174515,128.5318133,elem,true,data.go.kr
B000002890,대구월성초등학교,7240000,달서구,대구광역시남부교육지원청,대구광역시 달서구 학산로7길 26,공립,false,35.83108781,128.5318978,elem,true,data.go.kr
B000002894,대구월암초등학교,7240000,달서구,대구광역시남부교육지원청,대구광역시 달서구 조암로6길 55,공립,false,35.828572,128.5217032,elem,true,data.go.kr
B000002884,대구월촌초등학교,7240000,달서구,대구광역시남부교육지원청,대구광역시 달서구 상인서로 60,공립,false,35.81635707,128.5432703,elem,true,data.go.kr
B000024049,대구유가초등학교,7240000,달성군,대구광역시달성교육지원청,대구광역시 달성군 유가읍 테크노대로5길 34,공립,false,35.6922735,128.4677385,elem,true,data.go.kr
B000002876,대구유천초등학교,7240000,달서구,대구광역시남부교육지원청,대구광역시 달서구 달서대로 39,공립,false,35.8125707,128.5118589,elem,true,data.go.kr
B000002742,대구율금초등학교,7240000,동구,대구광역시동부교육지원청,대구광역시 동구 안심로16길 70,공립,false,35.86188872,128.6918365,elem,true,data.go.kr
B000002766,대구율원초등학교,7240000,동구,대구광역시동부교육지원청,대구광역시 동구 율하동로 55,공립,false,35.86480807,128.7007398,elem,true,data.go.kr
B000002762,대구율하초등학교,7240000,동구,대구광역시동부교육지원청,대구광역시 동구 율하동로15길 1,공립,false,35.86781392,128.7015382,elem,true,data.go.kr
B000007266,대구의흥초등학교,7240000,군위군,대구광역시군위교육지원청,대구광역시 군위군 의흥면 읍내길 67-17,공립,false,36.17526237,128.7181122,elem,true,data.go.kr
B000002917,대구이곡초등학교,7240000,달서구,대구광역시남부교육지원청,대구광역시 달서구 선원남로 120,공립,false,35.85684549,128.5137308,elem,true,data.go.kr
B000002822,대구이현초등학교,7240000,서구,대구광역시서부교육지원청,대구광역시 서구 국채보상로37길 35,공립,false,35.87348606,128.5503997,elem,true,data.go.kr
B000002814,대구인지초등학교,7240000,서구,대구광역시서부교육지원청,대구광역시 서구 서대구로66길 20,공립,false,35.88618347,128.5672852,elem,true,data.go.kr
B000002768,대구입석초등학교,7240000,동구,대구광역시동부교육지원청,대구광역시 동구 아양로 300,공립,false,35.89069195,128.6439985,elem,true,data.go.kr
B000002873,대구장기초등학교,7240000,달서구,대구광역시남부교육지원청,대구광역시 달서구 장기로 280,공립,false,35.84439346,128.5290125,elem,true,data.go.kr
B000002920,대구장동초등학교,7240000,달서구,대구광역시남부교육지원청,대구광역시 달서구 달구벌대로304길 112,공립,false,35.84478484,128.5317635,elem,true,data.go.kr
B000002915,대구장산초등학교,7240000,달서구,대구광역시남부교육지원청,대구광역시 달서구 장산로 30,공립,false,35.85483742,128.5265018,elem,true,data.go.kr
B000002919,대구장성초등학교,7240000,달서구,대구광역시남부교육지원청,대구광역시 달서구 달구벌대로 1429-11,공립,false,35.85035905,128.523264,elem,true,data.go.kr
B000002893,대구조암초등학교,7240000,달서구,대구광역시남부교육지원청,대구광역시 달서구 조암로5길 19,공립,false,35.82402286,128.5284353,elem,true,data.go.kr
B000002733,대구종로초등학교,7240000,중구,대구광역시동부교육지원청,대구광역시 중구 경상감영길 49,공립,false,35.87249671,128.5897301,elem,true,data.go.kr
B000002929,대구죽곡초등학교,7240000,달성군,대구광역시달성교육지원청,대구광역시 달성군 다사읍 죽곡1길 18,공립,false,35.85679928,128.4633312,elem,true,data.go.kr
B000002910,대구죽전초등학교,7240000,달서구,대구광역시남부교육지원청,대구광역시 달서구 죽전길 127,공립,false,35.85778703,128.5399269,elem,true,data.go.kr
B000002816,대구중리초등학교,7240000,서구,대구광역시서부교육지원청,대구광역시 서구 국채보상로 135,공립,false,35.86971383,128.5454392,elem,true,data.go.kr
B000002785,대구중앙초등학교,7240000,수성구,대구광역시동부교육지원청,대구광역시 수성구 만촌로 125,공립,false,35.87001242,128.640349,elem,true,data.go.kr
B000002763,대구지묘초등학교,7240000,동구,대구광역시동부교육지원청,대구광역시 동구 파계로6길 54-3,공립,false,35.9428758,128.6389777,elem,true,data.go.kr
B000002798,대구지봉초등학교,7240000,수성구,대구광역시동부교육지원청,대구광역시 수성구 지범로31길 45,공립,false,35.82544725,128.6408048,elem,true,data.go.kr
B000002800,대구지산초등학교,7240000,수성구,대구광역시동부교육지원청,대구광역시 수성구 지범로17길 3-14,공립,false,35.82695925,128.6301905,elem,true,data.go.kr
B000002896,대구진월초등학교,7240000,달서구,대구광역시남부교육지원청,대구광역시 달서구 진천로4길 32,공립,false,35.81090267,128.5282878,elem,true,data.go.kr
B000002875,대구진천초등학교,7240000,달서구,대구광역시남부교육지원청,대구광역시 달서구 상화로9길 65,공립,false,35.8112815,128.5195472,elem,true,data.go.kr
B000002930,대구천내초등학교,7240000,달성군,대구광역시달성교육지원청,대구광역시 달성군 화원읍 성천로 192,공립,false,35.80943449,128.501982,elem,true,data.go.kr
B000002781,대구청림초등학교,7240000,수성구,대구광역시동부교육지원청,대구광역시 수성구 고산로 51,공립,false,35.83563358,128.7033758,elem,true,data.go.kr
B000002737,대구초등학교,7240000,중구,대구광역시동부교육지원청,대구광역시 중구 명륜로23길 80,공립,false,35.86403787,128.5953715,elem,true,data.go.kr
B000002841,대구칠곡초등학교,7240000,북구,대구광역시서부교육지원청,대구광역시 북구 칠곡중앙대로110길 5,공립,false,35.94517087,128.5517244,elem,true,data.go.kr
B000002844,대구칠성초등학교,7240000,북구,대구광역시서부교육지원청,대구광역시 북구 침산남로32길 17,공립,false,35.88703348,128.5932407,elem,true,data.go.kr
B000002846,대구침산초등학교,7240000,북구,대구광역시서부교육지원청,대구광역시 북구 성북로 25,공립,false,35.89111551,128.585073,elem,true,data.go.kr
B000002849,대구태암초등학교,7240000,북구,대구광역시서부교육지원청,대구광역시 북구 칠곡중앙대로52길 56,공립,false,35.92308728,128.5505021,elem,true,data.go.kr
B000002850,대구태전초등학교,7240000,북구,대구광역시서부교육지원청,대구광역시 북구 칠곡중앙대로75길 16,공립,false,35.93024595,128.5460016,elem,true,data.go.kr
B000002847,대구태현초등학교,7240000,북구,대구광역시서부교육지원청,대구광역시 북구 태전로 95,공립,false,35.92816804,128.5406321,elem,true,data.go.kr
B000024048,대구테크노초등학교,7240000,달성군,대구광역시달성교육지원청,대구광역시 달성군 유가읍 현풍로 245,공립,false,35.70006861,128.4634402,elem,true,data.go.kr
B000002802,대구파동초등학교,7240000,수성구,대구광역시동부교육지원청,대구광역시 수성구 파동로51길 34,공립,false,35.82401679,128.6074144,elem,true,data.go.kr
B000024040,대구팔공초등학교,7240000,동구,대구광역시동부교육지원청,대구광역시 동구 연경지묘로 150,공립,false,35.9471327,128.6252872,elem,true,data.go.kr
B000002859,대구팔달초등학교,7240000,북구,대구광역시서부교육지원청,대구광역시 북구 매천로2길 19-6,공립,false,35.89795044,128.5449083,elem,true,data.go.kr
B000002820,대구평리초등학교,7240000,서구,대구광역시서부교육지원청,대구광역시 서구 국채보상로53길 6-5,공립,false,35.87239568,128.5613416,elem,true,data.go.kr
B000024046,대구포산초등학교,7240000,달성군,대구광역시달성교육지원청,대구광역시 달성군 현풍읍 테크노북로 80,공립,false,35.69481994,128.452641,elem,true,data.go.kr
B000002940,대구하빈초등학교,7240000,달성군,대구광역시달성교육지원청,대구광역시 달성군 하빈면 하빈로 391-1,공립,false,35.90163733,128.4421117,elem,true,data.go.kr
B000002852,대구학남초등학교,7240000,북구,대구광역시서부교육지원청,대구광역시 북구 학정동로 23,공립,false,35.94624601,128.5662722,elem,true,data.go.kr
B000002889,대구학산초등학교,7240000,달서구,대구광역시남부교육지원청,대구광역시 달서구 월성로 76,공립,false,35.83110936,128.5260827,elem,true,data.go.kr
B000002860,대구학정초등학교,7240000,북구,대구광역시서부교육지원청,대구광역시 북구 학남로 32,공립,false,35.94822595,128.5689765,elem,true,data.go.kr
B000024108,대구한샘초등학교,7240000,달서구,대구광역시남부교육지원청,대구광역시 달서구 월배로11길 42,공립,false,35.81698367,128.5188133,elem,true,data.go.kr
B000024044,대구한솔초등학교,7240000,달서구,대구광역시남부교육지원청,대구광역시 달서구 조암남로 172-13,공립,false,35.81654474,128.5156958,elem,true,data.go.kr
B000024051,대구한실초등학교,7240000,달서구,대구광역시남부교육지원청,대구광역시 달서구 한실로6길 108,공립,false,35.79831931,128.5285639,elem,true,data.go.kr
B000002855,대구함지초등학교,7240000,북구,대구광역시서부교육지원청,대구광역시 북구 동천로 33,공립,false,35.93473483,128.5578627,elem,true,data.go.kr
B000002745,대구해서초등학교,7240000,동구,대구광역시동부교육지원청,대구광역시 동구 팔공로 220-4,공립,false,35.91807034,128.6430541,elem,true,data.go.kr
B000002744,대구해안초등학교,7240000,동구,대구광역시동부교육지원청,대구광역시 동구 옻골로 50,공립,false,35.89617793,128.6830243,elem,true,data.go.kr
B000002946,대구현풍초등학교,7240000,달성군,대구광역시달성교육지원청,대구광역시 달성군 현풍읍 비슬로134길 167-6,공립,false,35.69810979,128.4484953,elem,true,data.go.kr
B000002921,대구호산초등학교,7240000,달서구,대구광역시남부교육지원청,대구광역시 달서구 달서대로109길 116,공립,false,35.84907047,128.4790049,elem,true,data.go.kr
B000002931,대구화남초등학교,7240000,달성군,대구광역시달성교육지원청,대구광역시 달성군 화원읍 명천로 181,공립,false,35.80002003,128.498009,elem,true,data.go.kr
B000002934,대구화동초등학교,7240000,달성군,대구광역시달성교육지원청,대구광역시 달성군 화원읍 성암로 38,공립,false,35.79954584,128.5096929,elem,true,data.go.kr
B000002933,대구화원초등학교,7240000,달성군,대구광역시달성교육지원청,대구광역시 달성군 화원읍 비슬로 2580,공립,false,35.80302218,128.4993245,elem,true,data.go.kr
B000002804,대구황금초등학교,7240000,수성구,대구광역시동부교육지원청,대구광역시 수성구 들안로32길 22,공립,false,35.84422126,128.6183787,elem,true,data.go.kr
B000002764,대구효동초등학교,7240000,동구,대구광역시동부교육지원청,대구광역시 동구 효동로 78-7,공립,false,35.88412627,128.6447693,elem,true,data.go.kr
B000007262,대구효령초등학교,7240000,군위군,대구광역시군위교육지원청,대구광역시 군위군 효령면 치산효령로 2386,공립,false,36.15676228,128.5860147,elem,true,data.go.kr
B000002861,대구효명초등학교,7240000,남구,대구광역시남부교육지원청,대구광역시 남구 앞산순환로 707,공립,false,35.83465147,128.601058,elem,true,data.go.kr
B000002765,대구효목초등학교,7240000,동구,대구광역시동부교육지원청,대구광역시 동구 화랑로27길 25,공립,false,35.8760038,128.6415759,elem,true,data.go.kr
B000002760,대구효신초등학교,7240000,동구,대구광역시동부교육지원청,대구광역시 동구 동부로34길 70,공립,false,35.87266981,128.6321173,elem,true,data.go.kr
B000002756,동대구초등학교,7240000,동구,대구광역시동부교육지원청,대구광역시 동구 신암남로 45,공립,false,35.87969333,128.620970,elem,true,data.go.kr
B000002836,북대구초등학교,7240000,북구,대구광역시서부교육지원청,대구광역시 북구 동북로37길 68,공립,false,35.90328492,128.6095212,elem,true,data.go.kr
B000002815,서대구초등학교,7240000,서구,대구광역시서부교육지원청,대구광역시 서구 서대구로63길 28-13,공립,false,35.88941379,128.5577335,elem,true,data.go.kr
B000002770,영신초등학교,7240000,동구,대구광역시동부교육지원청,대구광역시 동구 팔공로50길 32,사립,false,35.92000422,128.646424,elem,true,data.go.kr
B000002923,효성초등학교,7240000,달서구,대구광역시남부교육지원청,대구광역시 달서구 송현로 81,사립,false,35.82406479,128.5429938,elem,true,data.go.kr
B000003178,갑룡초등학교,7310000,강화군,인천광역시강화교육지원청,인천광역시 강화군 강화읍 갑룡길 88,공립,false,37.74321915,126.5036224,elem,true,data.go.kr
B000003179,강화초등학교,7310000,강화군,인천광역시강화교육지원청,인천광역시 강화군 강화읍 북문길 36,공립,false,37.75034709,126.4861312,elem,true,data.go.kr
B000003106,경인교육대학교부설초등학교,7310000,계양구,인천광역시북부교육지원청,인천광역시 계양구 안남로 612,국립,false,37.53764346,126.7125071,elem,true,data.go.kr
B000003192,교동초등학교,7310000,강화군,인천광역시강화교육지원청,인천광역시 강화군 교동면 대룡안길 29,공립,false,37.78418473,126.2813257,elem,true,data.go.kr
B000003173,길상초등학교,7310000,강화군,인천광역시강화교육지원청,인천광역시 강화군 길상면 삼랑성길 22,공립,false,37.63846399,126.4904289,elem,true,data.go.kr
B000003188,내가초등학교,7310000,강화군,인천광역시강화교육지원청,인천광역시 강화군 내가면 강화서로 264,공립,false,37.72149999,126.3913304,elem,true,data.go.kr
B000003177,대월초등학교,7310000,강화군,인천광역시강화교육지원청,인천광역시 강화군 강화읍 대월로 216,공립,false,37.76056025,126.490173,elem,true,data.go.kr
B000002994,대청초등학교,7310000,옹진군,인천광역시남부교육지원청,인천광역시 옹진군 대청면 대청로244번길 110,공립,false,37.83260281,124.6968435,elem,true,data.go.kr
B000002996,덕적초등학교,7310000,옹진군,인천광역시남부교육지원청,인천광역시 옹진군 덕적면 덕적남로 15,공립,false,37.22538058,126.1481953,elem,true,data.go.kr
B000003186,명신초등학교,7310000,강화군,인천광역시강화교육지원청,인천광역시 강화군 하점면 강화서로560번길 22,공립,false,37.7446252,126.3905401,elem,true,data.go.kr
B000002998,백령초등학교,7310000,옹진군,인천광역시남부교육지원청,인천광역시 옹진군 백령면 백령로316번길 91,공립,false,37.97538221,124.7153331,elem,true,data.go.kr
B000002997,북포초등학교,7310000,옹진군,인천광역시남부교육지원청,인천광역시 옹진군 백령면 가을길 117,공립,false,37.95861923,124.6616246,elem,true,data.go.kr
B000003183,불은초등학교,7310000,강화군,인천광역시강화교육지원청,인천광역시 강화군 불은면 불은남로544번길 9,공립,false,37.6836163,126.4874954,elem,true,data.go.kr
B000003190,삼산초등학교,7310000,강화군,인천광역시강화교육지원청,인천광역시 강화군 삼산면 삼산북로 451,공립,false,37.7030456,126.3216158,elem,true,data.go.kr
B000003184,삼성초등학교,7310000,강화군,인천광역시강화교육지원청,인천광역시 강화군 불은면 중앙로 609,공립,false,37.70759295,126.4495644,elem,true,data.go.kr
B000003077,상인천초등학교,7310000,남동구,인천광역시동부교육지원청,인천광역시 남동구 석산로141번길 29,공립,false,37.4623041,126.7074153,elem,true,data.go.kr
B000003194,서도초등학교,7310000,강화군,인천광역시강화교육지원청,인천광역시 강화군 서도면 주문도길 173,공립,false,37.64803766,126.2524746,elem,true,data.go.kr
B000003182,선원초등학교,7310000,강화군,인천광역시강화교육지원청,인천광역시 강화군 선원면 강화동로 924,공립,false,37.71504985,126.4799441,elem,true,data.go.kr
B000003181,송해초등학교,7310000,강화군,인천광역시강화교육지원청,인천광역시 강화군 송해면 전망대로 93-12,공립,false,37.7694551,126.4610541,elem,true,data.go.kr
B000003174,양도초등학교,7310000,강화군,인천광역시강화교육지원청,인천광역시 강화군 양도면 강화남로 1036,공립,false,37.68897162,126.4193695,elem,true,data.go.kr
B000003187,양사초등학교,7310000,강화군,인천광역시강화교육지원청,인천광역시 강화군 양사면 덕하로 145,공립,false,37.80312265,126.4215131,elem,true,data.go.kr
B000002993,연평초등학교,7310000,옹진군,인천광역시남부교육지원청,인천광역시 옹진군 연평면 연평로137번길 101,공립,false,37.66412421,125.7010233,elem,true,data.go.kr
B000002970,영화초등학교,7310000,동구,인천광역시남부교육지원청,인천광역시 동구 우각로 39,사립,false,37.47139745,126.6403955,elem,true,data.go.kr
B000002995,영흥초등학교,7310000,옹진군,인천광역시남부교육지원청,인천광역시 옹진군 영흥면 영흥로 440-8,공립,false,37.25379102,126.4668803,elem,true,data.go.kr
B000002960,인성초등학교,7310000,중구,인천광역시남부교육지원청,인천광역시 중구 신포로39번길 42,사립,false,37.4739458,126.624248,elem,true,data.go.kr
B000003148,인천가림초등학교,7310000,서구,인천광역시서부교육지원청,인천광역시 서구 장고개로293번길 29,공립,false,37.49058351,126.6810501,elem,true,data.go.kr
B000003162,인천가석초등학교,7310000,서구,인천광역시서부교육지원청,인천광역시 서구 서달로 174,공립,false,37.51475728,126.6796755,elem,true,data.go.kr
B000026333,인천가원초등학교,7310000,서구,인천광역시서부교육지원청,인천광역시 서구 청중로478번길 6,공립,false,37.52921844,126.6641213,elem,true,data.go.kr
B000003164,인천가정초등학교,7310000,서구,인천광역시서부교육지원청,인천광역시 서구 장고개로 336-1,공립,false,37.49166135,126.6884322,elem,true,data.go.kr
B000003163,인천가좌초등학교,7310000,서구,인천광역시서부교육지원청,인천광역시 서구 장고개로309번길 5,공립,false,37.4901503,126.6835279,elem,true,data.go.kr
B000003168,인천가현초등학교,7310000,서구,인천광역시서부교육지원청,인천광역시 서구 염곡로 417,공립,false,37.52231349,126.6684961,elem,true,data.go.kr
B000003074,인천간석초등학교,7310000,남동구,인천광역시동부교육지원청,인천광역시 남동구 석산로208번길 37,공립,false,37.45925947,126.7154465,elem,true,data.go.kr
B000003137,인천간재울초등학교,7310000,서구,인천광역시서부교육지원청,인천광역시 서구 승학로 433,공립,false,37.56033764,126.6722937,elem,true,data.go.kr
B000003011,인천갈산초등학교,7310000,부평구,인천광역시북부교육지원청,인천광역시 부평구 갈월동로 55,공립,false,37.5125544,126.7283628,elem,true,data.go.kr
B000003024,인천갈월초등학교,7310000,부평구,인천광역시북부교육지원청,인천광역시 부평구 주부토로 165,공립,false,37.51033274,126.7250527,elem,true,data.go.kr
B000003043,인천개흥초등학교,7310000,부평구,인천광역시북부교육지원청,인천광역시 부평구 길주남로65번길 11,공립,false,37.50457552,126.7277395,elem,true,data.go.kr
B000003150,인천건지초등학교,7310000,서구,인천광역시서부교육지원청,인천광역시 서구 건지로318번길 39,공립,false,37.49548863,126.6774856,elem,true,data.go.kr
B000003152,인천검단초등학교,7310000,서구,인천광역시서부교육지원청,인천광역시 서구 마전로115번길 24,공립,false,37.61079703,126.6697067,elem,true,data.go.kr
B000026473,인천검단호수초등학교,7310000,서구,인천광역시서부교육지원청,인천광역시 서구 불로동 483-6,공립,false,37.60885144,126.6834777,elem,true,data.go.kr
B000003171,인천검암초등학교,7310000,서구,인천광역시서부교육지원청,인천광역시 서구 승학로599번길 45,공립,false,37.56796266,126.678293,elem,true,data.go.kr
B000003134,인천경명초등학교,7310000,서구,인천광역시서부교육지원청,인천광역시 서구 크리스탈로 130,공립,false,37.5369986,126.6373144,elem,true,data.go.kr
B000003138,인천경서초등학교,7310000,서구,인천광역시서부교육지원청,인천광역시 서구 경서로31번길 31,공립,false,37.55666143,126.650985,elem,true,data.go.kr
B000025751,인천경연초등학교,7310000,서구,인천광역시서부교육지원청,인천광역시 서구 차오름로 64,공립,false,37.5384535,126.6262122,elem,true,data.go.kr
B000002981,인천경원초등학교,7310000,미추홀구,인천광역시남부교육지원청,인천광역시 미추홀구 경인로 511,공립,false,37.46136602,126.6957692,elem,true,data.go.kr
B000003123,인천계산초등학교,7310000,계양구,인천광역시북부교육지원청,인천광역시 계양구 경명대로 1005,공립,false,37.54493497,126.718468,elem,true,data.go.kr
B000003122,인천계양초등학교,7310000,계양구,인천광역시북부교육지원청,인천광역시 계양구 장제로 1288,공립,false,37.57922129,126.7336487,elem,true,data.go.kr
B000003132,인천계양초등학교상야분교장,7310000,계양구,인천광역시북부교육지원청,인천광역시 계양구 벌말로 572-1,공립,true,37.57921669,126.7804405,elem,true,data.go.kr
B000003089,인천고잔초등학교,7310000,남동구,인천광역시동부교육지원청,인천광역시 남동구 아암대로1503번길 48,공립,false,37.3929197,126.7285336,elem,true,data.go.kr
B000003135,인천공촌초등학교,7310000,서구,인천광역시서부교육지원청,인천광역시 서구 심곡로188번길 21,공립,false,37.54867977,126.6832573,elem,true,data.go.kr
B000002957,인천공항초등학교,7310000,중구,인천광역시남부교육지원청,인천광역시 중구 신도시남로 43,공립,false,37.49186253,126.4860008,elem,true,data.go.kr
B000002999,인천공항초등학교신도분교장,7310000,옹진군,인천광역시남부교육지원청,인천광역시 옹진군 북도면 신도로896번길 18-31,공립,true,37.52007825,126.4427803,elem,true,data.go.kr
B000002980,인천관교초등학교,7310000,미추홀구,인천광역시남부교육지원청,인천광역시 미추홀구 인하로 414,공립,false,37.44625655,126.692780,elem,true,data.go.kr
B000003015,인천구산초등학교,7310000,부평구,인천광역시북부교육지원청,인천광역시 부평구 부개로 93,공립,false,37.50605262,126.7394438,elem,true,data.go.kr
B000003075,인천구월서초등학교,7310000,남동구,인천광역시동부교육지원청,인천광역시 남동구 문화서로77번길 14,공립,false,37.45302564,126.6950329,elem,true,data.go.kr
B000003095,인천구월초등학교,7310000,남동구,인천광역시동부교육지원청,인천광역시 남동구 인주대로721번길 49,공립,false,37.45173667,126.7168365,elem,true,data.go.kr
B000003046,인천굴포초등학교,7310000,부평구,인천광역시북부교육지원청,인천광역시 부평구 충선로234번길 19,공립,false,37.51102652,126.7369232,elem,true,data.go.kr
B000003121,인천귤현초등학교,7310000,계양구,인천광역시북부교육지원청,인천광역시 계양구 귤현길 15,공립,false,37.56854736,126.7470101,elem,true,data.go.kr
B000003161,인천금곡초등학교,7310000,서구,인천광역시서부교육지원청,인천광역시 서구 완정로228번길 19,공립,false,37.6054434,126.650610,elem,true,data.go.kr
B000003021,인천금마초등학교,7310000,부평구,인천광역시북부교육지원청,인천광역시 부평구 일신로 88,공립,false,37.47847426,126.7492925,elem,true,data.go.kr
B000003116,인천길주초등학교,7310000,계양구,인천광역시북부교육지원청,인천광역시 계양구 용종로 90,공립,false,37.54202031,126.7427317,elem,true,data.go.kr
B000003104,인천남동초등학교,7310000,남동구,인천광역시동부교육지원청,인천광역시 남동구 장승남로33번길 10,공립,false,37.44479911,126.7370609,elem,true,data.go.kr
B000002983,인천남부초등학교,7310000,미추홀구,인천광역시남부교육지원청,인천광역시 미추홀구 인주대로366번길 22,공립,false,37.45036277,126.6758729,elem,true,data.go.kr
B000003004,인천남부초등학교이작분교장,7310000,옹진군,인천광역시남부교육지원청,인천광역시 옹진군 자월면 대이작로 60,공립,true,37.17676235,126.2527598,elem,true,data.go.kr
B000003070,인천남촌초등학교,7310000,남동구,인천광역시동부교육지원청,인천광역시 남동구 남촌로 101,공립,false,37.42976361,126.713181,elem,true,data.go.kr
B000003098,인천논곡초등학교,7310000,남동구,인천광역시동부교육지원청,인천광역시 남동구 함박뫼로 429,공립,false,37.41056023,126.709953,elem,true,data.go.kr
B000003097,인천논현초등학교,7310000,남동구,인천광역시동부교육지원청,인천광역시 남동구 소래역로 102,공립,false,37.40518025,126.7305927,elem,true,data.go.kr
B000003151,인천능내초등학교,7310000,서구,인천광역시서부교육지원청,인천광역시 서구 검단로540번길 23,공립,false,37.60244235,126.6665079,elem,true,data.go.kr
B000003051,인천능허대초등학교,7310000,연수구,인천광역시동부교육지원청,인천광역시 연수구 한진로 12,공립,false,37.42412228,126.6487672,elem,true,data.go.kr
B000003157,인천단봉초등학교,7310000,서구,인천광역시서부교육지원청,인천광역시 서구 단봉로 122,공립,false,37.59843764,126.6377448,elem,true,data.go.kr
B000030907,인천달빛초등학교,7310000,중구,인천광역시남부교육지원청,인천광역시 중구 운서동 3105,공립,false,37.48397038,126.5020622,elem,true,data.go.kr
B000003103,인천담방초등학교,7310000,남동구,인천광역시동부교육지원청,인천광역시 남동구 매소홀로 1027,공립,false,37.4404917,126.7363191,elem,true,data.go.kr
B000003120,인천당산초등학교,7310000,계양구,인천광역시북부교육지원청,인천광역시 계양구 동양로 122,공립,false,37.55869681,126.7595313,elem,true,data.go.kr
B000003165,인천당하초등학교,7310000,서구,인천광역시서부교육지원청,인천광역시 서구 청마로 144,공립,false,37.59005774,126.6776991,elem,true,data.go.kr
B000003009,인천대정초등학교,7310000,부평구,인천광역시북부교육지원청,인천광역시 부평구 안남로 115,공립,false,37.4932149,126.7098548,elem,true,data.go.kr
B000002986,인천대화초등학교,7310000,미추홀구,인천광역시남부교육지원청,인천광역시 미추홀구 석정로301번길 13,공립,false,37.46903368,126.6685133,elem,true,data.go.kr
B000025752,인천도담초등학교,7310000,서구,인천광역시서부교육지원청,인천광역시 서구 청라커낼로 217,공립,false,37.52782132,126.6439914,elem,true,data.go.kr
B000003083,인천도림초등학교,7310000,남동구,인천광역시동부교육지원청,인천광역시 남동구 논고개로334번길 21,공립,false,37.41903649,126.7320005,elem,true,data.go.kr
B000002978,인천도화초등학교,7310000,미추홀구,인천광역시남부교육지원청,인천광역시 미추홀구 경인로 242,공립,false,37.46314321,126.667845,elem,true,data.go.kr
B000003060,인천동막초등학교,7310000,연수구,인천광역시동부교육지원청,인천광역시 연수구 원인재로 36,공립,false,37.40304705,126.6745542,elem,true,data.go.kr
B000002969,인천동명초등학교,7310000,동구,인천광역시남부교육지원청,인천광역시 동구 송림로70번길 10,사립,false,37.47411142,126.6420423,elem,true,data.go.kr
B000003086,인천동방초등학교,7310000,남동구,인천광역시동부교육지원청,인천광역시 남동구 논현역로 31,공립,false,37.40316071,126.7195491,elem,true,data.go.kr
B000003080,인천동부초등학교,7310000,남동구,인천광역시동부교육지원청,인천광역시 남동구 만수서로33번길 25,공립,false,37.46304522,126.7275621,elem,true,data.go.kr
B000003026,인천동수초등학교,7310000,부평구,인천광역시북부교육지원청,인천광역시 부평구 동수로120번길 10,공립,false,37.48438604,126.7311002,elem,true,data.go.kr
B000003040,인천동암초등학교,7310000,부평구,인천광역시북부교육지원청,인천광역시 부평구 동암남로35번길 4,공립,false,37.47210513,126.7067791,elem,true,data.go.kr
B000003059,인천동춘초등학교,7310000,연수구,인천광역시동부교육지원청,인천광역시 연수구 앵고개로 224,공립,false,37.40969974,126.6686618,elem,true,data.go.kr
B000003008,인천마곡초등학교,7310000,부평구,인천광역시북부교육지원청,인천광역시 부평구 마곡로27번길 16,공립,false,37.51206357,126.6978699,elem,true,data.go.kr
B000003042,인천마장초등학교,7310000,부평구,인천광역시북부교육지원청,인천광역시 부평구 안남로 266,공립,false,37.50618935,126.7091215,elem,true,data.go.kr
B000003166,인천마전초등학교,7310000,서구,인천광역시서부교육지원청,인천광역시 서구 완정로34번길 23,공립,false,37.59749871,126.6709335,elem,true,data.go.kr
B000002963,인천만석초등학교,7310000,동구,인천광역시남부교육지원청,인천광역시 동구 제물량로 412,공립,false,37.48449887,126.6279399,elem,true,data.go.kr
B000003079,인천만수북초등학교,7310000,남동구,인천광역시동부교육지원청,인천광역시 남동구 백범로180번길 25,공립,false,37.4601282,126.7289698,elem,true,data.go.kr
B000003082,인천만수초등학교,7310000,남동구,인천광역시동부교육지원청,인천광역시 남동구 소래로 652,공립,false,37.44730181,126.7347827,elem,true,data.go.kr
B000025193,인천만월초등학교,7310000,남동구,인천광역시동부교육지원청,인천광역시 남동구 선수촌로 28,공립,false,37.44180662,126.7155208,elem,true,data.go.kr
B000003068,인천먼우금초등학교,7310000,연수구,인천광역시동부교육지원청,인천광역시 연수구 해돋이로84번길 33,공립,false,37.39330645,126.6541879,elem,true,data.go.kr
B000003048,인천명선초등학교,7310000,연수구,인천광역시동부교육지원청,인천광역시 연수구 컨벤시아대로42번길 64,공립,false,37.40258015,126.6474045,elem,true,data.go.kr
B000003130,인천명현초등학교,7310000,계양구,인천광역시북부교육지원청,인천광역시 계양구 봉오대로569번길 10,공립,false,37.53190716,126.7126128,elem,true,data.go.kr
B000003155,인천목향초등학교,7310000,서구,인천광역시서부교육지원청,인천광역시 서구 고산후로 377,공립,false,37.61620512,126.6943003,elem,true,data.go.kr
B000003063,인천문남초등학교,7310000,연수구,인천광역시동부교육지원청,인천광역시 연수구 먼우금로 273,공립,false,37.42099336,126.6792927,elem,true,data.go.kr
B000002979,인천문학초등학교,7310000,미추홀구,인천광역시남부교육지원청,인천광역시 미추홀구 매소홀로 553,공립,false,37.4398904,126.6828332,elem,true,data.go.kr
B000003034,인천미산초등학교,7310000,부평구,인천광역시북부교육지원청,인천광역시 부평구 원적로 391,공립,false,37.50457911,126.7098019,elem,true,data.go.kr
B000025246,인천미송초등학교,7310000,연수구,인천광역시동부교육지원청,인천광역시 연수구 아카데미로 667,공립,false,37.41477678,126.6133042,elem,true,data.go.kr
B000003069,인천박문초등학교,7310000,연수구,인천광역시동부교육지원청,인천광역시 연수구 봉재산로 138-22,사립,false,37.403119,126.6654985,elem,true,data.go.kr
B000003159,인천발산초등학교,7310000,서구,인천광역시서부교육지원청,인천광역시 서구 고산후로78번길 6,공립,false,37.59011616,126.6991478,elem,true,data.go.kr
B000026332,인천백석초등학교,7310000,서구,인천광역시서부교육지원청,인천광역시 서구 청마로 55,공립,false,37.58980222,126.6717483,elem,true,data.go.kr
B000003039,인천백운초등학교,7310000,부평구,인천광역시북부교육지원청,인천광역시 부평구 아트센터로 130,공립,false,37.48004913,126.7048644,elem,true,data.go.kr
B000002977,인천백학초등학교,7310000,미추홀구,인천광역시남부교육지원청,인천광역시 미추홀구 매소홀로446번길 25,공립,false,37.43892166,126.671948,elem,true,data.go.kr
B000025690,인천별빛초등학교,7310000,중구,인천광역시남부교육지원청,인천광역시 중구 은하수로 402,공립,false,37.49086001,126.5505513,elem,true,data.go.kr
B000003117,인천병방초등학교,7310000,계양구,인천광역시북부교육지원청,인천광역시 계양구 병방로 2,공립,false,37.5466581,126.7403118,elem,true,data.go.kr
B000003146,인천봉수초등학교,7310000,서구,인천광역시서부교육지원청,인천광역시 서구 봉오대로267번길 11-4,공립,false,37.52638812,126.6786861,elem,true,data.go.kr
B000003149,인천봉화초등학교,7310000,서구,인천광역시서부교육지원청,인천광역시 서구 건지로250번길 43,공립,false,37.49535502,126.6703195,elem,true,data.go.kr
B000003018,인천부개서초등학교,7310000,부평구,인천광역시북부교육지원청,인천광역시 부평구 부일로 39,공립,false,37.48977696,126.7343965,elem,true,data.go.kr
B000003025,인천부개초등학교,7310000,부평구,인천광역시북부교육지원청,인천광역시 부평구 마분로 9,공립,false,37.48566269,126.7382918,elem,true,data.go.kr
B000003007,인천부곡초등학교,7310000,부평구,인천광역시북부교육지원청,인천광역시 부평구 마장로272번길 73,공립,false,37.50351243,126.707099,elem,true,data.go.kr
B000003019,인천부광초등학교,7310000,부평구,인천광역시북부교육지원청,인천광역시 부평구 충선로 104,공립,false,37.49907609,126.7366456,elem,true,data.go.kr
B000003017,인천부내초등학교,7310000,부평구,인천광역시북부교육지원청,인천광역시 부평구 수변로 129,공립,false,37.49815308,126.7417021,elem,true,data.go.kr
B000003033,인천부마초등학교,7310000,부평구,인천광역시북부교육지원청,인천광역시 부평구 안남로253번길 41,공립,false,37.50634715,126.7058972,elem,true,data.go.kr
B000003027,인천부원초등학교,7310000,부평구,인천광역시북부교육지원청,인천광역시 부평구 원적로472번길 29,공립,false,37.50247054,126.7199279,elem,true,data.go.kr
B000003016,인천부일초등학교,7310000,부평구,인천광역시북부교육지원청,인천광역시 부평구 부흥북로 175,공립,false,37.50120165,126.741505,elem,true,data.go.kr
B000003030,인천부평남초등학교,7310000,부평구,인천광역시북부교육지원청,인천광역시 부평구 경인로911번길 28,공립,false,37.48870871,126.7202026,elem,true,data.go.kr
B000003029,인천부평동초등학교,7310000,부평구,인천광역시북부교육지원청,인천광역시 부평구 부평대로88번길 19,공립,false,37.49951398,126.7244083,elem,true,data.go.kr
B000003023,인천부평북초등학교,7310000,부평구,인천광역시북부교육지원청,인천광역시 부평구 주부토로 292,공립,false,37.52086593,126.7293597,elem,true,data.go.kr
B000003006,인천부평서초등학교,7310000,부평구,인천광역시북부교육지원청,인천광역시 부평구 부평문화로53번길 19,공립,false,37.49511249,126.7218358,elem,true,data.go.kr
B000003125,인천부평초등학교,7310000,계양구,인천광역시북부교육지원청,인천광역시 계양구 어사대로 20,공립,false,37.5421158,126.7229874,elem,true,data.go.kr
B000003127,인천부현동초등학교,7310000,계양구,인천광역시북부교육지원청,인천광역시 계양구 용종로 5,공립,false,37.53456549,126.7404465,elem,true,data.go.kr
B000003126,인천부현초등학교,7310000,계양구,인천광역시북부교육지원청,인천광역시 계양구 장제로755번길 30,공립,false,37.5363774,126.7320664,elem,true,data.go.kr
B000003028,인천부흥초등학교,7310000,부평구,인천광역시북부교육지원청,인천광역시 부평구 부흥로366번길 34,공립,false,37.49625571,126.7311865,elem,true,data.go.kr
B000003154,인천불로초등학교,7310000,서구,인천광역시서부교육지원청,인천광역시 서구 검단로744번1길 50,공립,false,37.61381127,126.6888476,elem,true,data.go.kr
B000003088,인천사리울초등학교,7310000,남동구,인천광역시동부교육지원청,인천광역시 남동구 아암대로1437번길 50,공립,false,37.38857805,126.7235882,elem,true,data.go.kr
B000003035,인천산곡남초등학교,7310000,부평구,인천광역시북부교육지원청,인천광역시 부평구 부흥로144번길 30,공립,false,37.49689974,126.7062072,elem,true,data.go.kr
B000003031,인천산곡북초등학교,7310000,부평구,인천광역시북부교육지원청,인천광역시 부평구 산청로 18,공립,false,37.51140879,126.7016548,elem,true,data.go.kr
B000003032,인천산곡초등학교,7310000,부평구,인천광역시북부교육지원청,인천광역시 부평구 길주로354번길 39,공립,false,37.50684551,126.7012024,elem,true,data.go.kr
B000002958,인천삼목초등학교,7310000,중구,인천광역시남부교육지원청,인천광역시 중구 신도시북로 42,공립,false,37.49866348,126.486412,elem,true,data.go.kr
B000003000,인천삼목초등학교장봉분교장,7310000,옹진군,인천광역시남부교육지원청,인천광역시 옹진군 북도면 장봉로 553,공립,true,37.5339125,126.3376011,elem,true,data.go.kr
B000003044,인천삼산초등학교,7310000,부평구,인천광역시북부교육지원청,인천광역시 부평구 후정동로 44,공립,false,37.52132548,126.7382531,elem,true,data.go.kr
B000003076,인천상아초등학교,7310000,남동구,인천광역시동부교육지원청,인천광역시 남동구 석산로184번길 66,공립,false,37.45747832,126.7120977,elem,true,data.go.kr
B000003022,인천상정초등학교,7310000,부평구,인천광역시북부교육지원청,인천광역시 부평구 상정로 50,공립,false,37.47985202,126.6988075,elem,true,data.go.kr
B000003099,인천새말초등학교,7310000,남동구,인천광역시동부교육지원청,인천광역시 남동구 만수로50번길 12,공립,false,37.45985909,126.7338477,elem,true,data.go.kr
B000025206,인천새봄초등학교,7310000,연수구,인천광역시동부교육지원청,인천광역시 연수구 앵고개로104번길 34,공립,false,37.40969162,126.6576225,elem,true,data.go.kr
B000003170,인천서곶초등학교,7310000,서구,인천광역시서부교육지원청,인천광역시 서구 대평로56번길 9,공립,false,37.54784271,126.6694055,elem,true,data.go.kr
B000002968,인천서림초등학교,7310000,동구,인천광역시남부교육지원청,인천광역시 동구 금곡로 105,공립,false,37.47540994,126.6460179,elem,true,data.go.kr
B000003061,인천서면초등학교,7310000,연수구,인천광역시동부교육지원청,인천광역시 연수구 먼우금로 54,공립,false,37.40366537,126.6708267,elem,true,data.go.kr
B000003114,인천서운초등학교,7310000,계양구,인천광역시북부교육지원청,인천광역시 계양구 서운로 12,공립,false,37.52691177,126.7447561,elem,true,data.go.kr
B000003105,인천서창초등학교,7310000,남동구,인천광역시동부교육지원청,인천광역시 남동구 장아산로174번길 8,공립,false,37.43592687,126.7500721,elem,true,data.go.kr
B000002985,인천서화초등학교,7310000,미추홀구,인천광역시남부교육지원청,인천광역시 미추홀구 송림로 250,공립,false,37.47398641,126.6608141,elem,true,data.go.kr
B000002967,인천서흥초등학교,7310000,동구,인천광역시남부교육지원청,인천광역시 동구 샛골로 189,공립,false,37.47865812,126.6445955,elem,true,data.go.kr
B000003167,인천석남서초등학교,7310000,서구,인천광역시서부교육지원청,인천광역시 서구 건지로249번길 6,공립,false,37.50014147,126.6703935,elem,true,data.go.kr
B000003144,인천석남초등학교,7310000,서구,인천광역시서부교육지원청,인천광역시 서구 서달로130번길 4,공립,false,37.50977877,126.680264,elem,true,data.go.kr
B000002982,인천석암초등학교,7310000,미추홀구,인천광역시남부교육지원청,인천광역시 미추홀구 주안동로 46,공립,false,37.462350,126.6867275,elem,true,data.go.kr
B000003078,인천석정초등학교,7310000,남동구,인천광역시동부교육지원청,인천광역시 남동구 석정로539번길 32,공립,false,37.46708126,126.6957525,elem,true,data.go.kr
B000003093,인천석천초등학교,7310000,남동구,인천광역시동부교육지원청,인천광역시 남동구 남동대로 828,공립,false,37.4559795,126.7087815,elem,true,data.go.kr
B000003052,인천선학초등학교,7310000,연수구,인천광역시동부교육지원청,인천광역시 연수구 선학로 67,공립,false,37.4241425,126.7006245,elem,true,data.go.kr
B000003071,인천성리초등학교,7310000,남동구,인천광역시동부교육지원청,인천광역시 남동구 성리로 32-2,공립,false,37.4457368,126.7099273,elem,true,data.go.kr
B000003112,인천성지초등학교,7310000,계양구,인천광역시북부교육지원청,인천광역시 계양구 아나지로247번길 8,공립,false,37.52649282,126.7200667,elem,true,data.go.kr
B000003096,인천소래초등학교,7310000,남동구,인천광역시동부교육지원청,인천광역시 남동구 장도로 2,공립,false,37.4044376,126.7343599,elem,true,data.go.kr
B000003119,인천소양초등학교,7310000,계양구,인천광역시북부교육지원청,인천광역시 계양구 박촌로 53,공립,false,37.55625874,126.7425332,elem,true,data.go.kr
B000026504,인천송담초등학교,7310000,연수구,인천광역시동부교육지원청,인천광역시 연수구 아카데미로 627,공립,false,37.41010104,126.614909,elem,true,data.go.kr
B000003050,인천송도초등학교,7310000,연수구,인천광역시동부교육지원청,인천광역시 연수구 비류대로214번길 21,공립,false,37.42676606,126.6586027,elem,true,data.go.kr
B000002966,인천송림초등학교,7310000,동구,인천광역시남부교육지원청,인천광역시 동구 화도진로 10,공립,false,37.47377103,126.6374351,elem,true,data.go.kr
B000025189,인천송명초등학교,7310000,연수구,인천광역시동부교육지원청,인천광역시 연수구 송도교육로 19,공립,false,37.37448648,126.6560771,elem,true,data.go.kr
B000025225,인천송빛초등학교,7310000,연수구,인천광역시동부교육지원청,인천광역시 연수구 아카데미로343번길 27,공립,false,37.38567542,126.6128027,elem,true,data.go.kr
B000025256,인천송원초등학교,7310000,연수구,인천광역시동부교육지원청,인천광역시 연수구 송도과학로51번길 60,공립,false,37.38595715,126.6692883,elem,true,data.go.kr
B000002952,인천송월초등학교,7310000,중구,인천광역시남부교육지원청,인천광역시 중구 자유공원로 106-8,공립,false,37.47887903,126.6246821,elem,true,data.go.kr
B000025226,인천송일초등학교,7310000,연수구,인천광역시동부교육지원청,인천광역시 연수구 컨벤시아대로252번길 15,공립,false,37.38418802,126.635135,elem,true,data.go.kr
B000003092,인천송천초등학교,7310000,남동구,인천광역시동부교육지원청,인천광역시 남동구 앵고개로815번길 45,공립,false,37.39543232,126.7226454,elem,true,data.go.kr
B000002964,인천송현초등학교,7310000,동구,인천광역시남부교육지원청,인천광역시 동구 송화로 45,공립,false,37.48190454,126.6340347,elem,true,data.go.kr
B000002971,인천숭의초등학교,7310000,미추홀구,인천광역시남부교육지원청,인천광역시 미추홀구 장천로 99,공립,false,37.46371972,126.6557067,elem,true,data.go.kr
B000002984,인천승학초등학교,7310000,미추홀구,인천광역시남부교육지원청,인천광역시 미추홀구 주승로 259,공립,false,37.44040271,126.6965588,elem,true,data.go.kr
B000030928,인천신검단중학교,7310000,서구,인천광역시서부교육지원청,인천광역시 서구 불로동 247-16,공립,false,37.60926532,126.6992891,elem,true,data.go.kr
B000026471,인천신검단초등학교,7310000,서구,인천광역시서부교육지원청,인천광역시 서구 금정로 55,공립,false,37.60908782,126.7005355,elem,true,data.go.kr
B000002950,인천신광초등학교,7310000,중구,인천광역시남부교육지원청,인천광역시 중구 인중로 63,공립,false,37.4636758,126.634803,elem,true,data.go.kr
B000003115,인천신대초등학교,7310000,계양구,인천광역시북부교육지원청,인천광역시 계양구 계산새로 133,공립,false,37.53895621,126.7435806,elem,true,data.go.kr
B000003143,인천신석초등학교,7310000,서구,인천광역시서부교육지원청,인천광역시 서구 새오개로 9,공립,false,37.51050462,126.6640321,elem,true,data.go.kr
B000002951,인천신선초등학교,7310000,중구,인천광역시남부교육지원청,인천광역시 중구 축항대로291번길 33,공립,false,37.45138643,126.6275735,elem,true,data.go.kr
B000003067,인천신송초등학교,7310000,연수구,인천광역시동부교육지원청,인천광역시 연수구 해돋이로56번길 28,공립,false,37.3906441,126.657771,elem,true,data.go.kr
B000003094,인천신월초등학교,7310000,남동구,인천광역시동부교육지원청,인천광역시 남동구 인주대로776번길 14,공립,false,37.44792853,126.7233722,elem,true,data.go.kr
B000003065,인천신정초등학교,7310000,연수구,인천광역시동부교육지원청,인천광역시 연수구 아트센터대로97번길 72,공립,false,37.39732894,126.6444905,elem,true,data.go.kr
B000003036,인천신촌초등학교,7310000,부평구,인천광역시북부교육지원청,인천광역시 부평구 경원대로 1215,공립,false,37.48675419,126.7067291,elem,true,data.go.kr
B000003147,인천신현북초등학교,7310000,서구,인천광역시서부교육지원청,인천광역시 서구 원창로 147,공립,false,37.51838361,126.6667051,elem,true,data.go.kr
B000003169,인천신현초등학교,7310000,서구,인천광역시서부교육지원청,인천광역시 서구 율도로77번길 1,공립,false,37.51473968,126.6701041,elem,true,data.go.kr
B000002949,인천신흥초등학교,7310000,중구,인천광역시남부교육지원청,인천광역시 중구 제물량로 134,공립,false,37.47024571,126.6282027,elem,true,data.go.kr
B000003142,인천심곡초등학교,7310000,서구,인천광역시서부교육지원청,인천광역시 서구 심곡로 114,공립,false,37.5436333,126.6826226,elem,true,data.go.kr
B000003038,인천십정초등학교,7310000,부평구,인천광역시북부교육지원청,인천광역시 부평구 배곶북로 10-6,공립,false,37.4742768,126.6982451,elem,true,data.go.kr
B000026466,인천아라초등학교,7310000,서구,인천광역시서부교육지원청,인천광역시 서구 서로2로 42,공립,false,37.58493755,126.7033388,elem,true,data.go.kr
B000026468,인천아람초등학교,7310000,서구,인천광역시서부교육지원청,인천광역시 서구 이음1로 289,공립,false,37.58710386,126.7167189,elem,true,data.go.kr
B000003111,인천안남초등학교,7310000,계양구,인천광역시북부교육지원청,인천광역시 계양구 경명대로1114번길 26,공립,false,37.5412094,126.7324017,elem,true,data.go.kr
B000003124,인천안산초등학교,7310000,계양구,인천광역시북부교육지원청,인천광역시 계양구 임학서로 15,공립,false,37.54409319,126.7317526,elem,true,data.go.kr
B000003090,인천약산초등학교,7310000,남동구,인천광역시동부교육지원청,인천광역시 남동구 간석로26번길 10,공립,false,37.46774114,126.7102298,elem,true,data.go.kr
B000003141,인천양지초등학교,7310000,서구,인천광역시서부교육지원청,인천광역시 서구 승학로197번길 11,공립,false,37.54002481,126.6711946,elem,true,data.go.kr
B000003118,인천양촌초등학교,7310000,계양구,인천광역시북부교육지원청,인천광역시 계양구 장제로 954,공립,false,37.5506269,126.7443725,elem,true,data.go.kr
B000003058,인천연성초등학교,7310000,연수구,인천광역시동부교육지원청,인천광역시 연수구 원인재로 116,공립,false,37.40852626,126.6793816,elem,true,data.go.kr
B000025210,인천연송초등학교,7310000,연수구,인천광역시동부교육지원청,인천광역시 연수구 해돋이로 248,공립,false,37.39991028,126.6391413,elem,true,data.go.kr
B000003062,인천연수초등학교,7310000,연수구,인천광역시동부교육지원청,인천광역시 연수구 원인재로 324,공립,false,37.42225853,126.6949016,elem,true,data.go.kr
B000002955,인천연안초등학교,7310000,중구,인천광역시남부교육지원청,인천광역시 중구 연안부두로33번길 53,공립,false,37.45368752,126.6076254,elem,true,data.go.kr
B000002992,인천연학초등학교,7310000,미추홀구,인천광역시남부교육지원청,인천광역시 미추홀구 주승로 20,공립,false,37.44356467,126.6719174,elem,true,data.go.kr
B000003054,인천연화초등학교,7310000,연수구,인천광역시동부교육지원청,인천광역시 연수구 원인재로 150,공립,false,37.41162047,126.6813944,elem,true,data.go.kr
B000003013,인천영선초등학교,7310000,부평구,인천광역시북부교육지원청,인천광역시 부평구 충선로 293,공립,false,37.51537396,126.7344356,elem,true,data.go.kr
B000002959,인천영종초등학교,7310000,중구,인천광역시남부교육지원청,인천광역시 중구 하늘달빛로 133,공립,false,37.48865901,126.5537236,elem,true,data.go.kr
B000002962,인천영종초등학교금산분교장,7310000,중구,인천광역시남부교육지원청,인천광역시 중구 백운로414번길 63-50,공립,true,37.51341888,126.521452,elem,true,data.go.kr
B000025228,인천예송초등학교,7310000,연수구,인천광역시동부교육지원청,인천광역시 연수구 컨벤시아대로252번길 75,공립,false,37.38745671,126.6303141,elem,true,data.go.kr
B000003064,인천옥련초등학교,7310000,연수구,인천광역시동부교육지원청,인천광역시 연수구 한진로 30,공립,false,37.42551392,126.6488193,elem,true,data.go.kr
B000003153,인천완정초등학교,7310000,서구,인천광역시서부교육지원청,인천광역시 서구 완정로 99,공립,false,37.59847454,126.6642469,elem,true,data.go.kr
B000003156,인천왕길초등학교,7310000,서구,인천광역시서부교육지원청,인천광역시 서구 봉수대로1440번길 20,공립,false,37.60198104,126.6510585,elem,true,data.go.kr
B000003041,인천용마초등학교,7310000,부평구,인천광역시북부교육지원청,인천광역시 부평구 세월천로30번길 58,공립,false,37.51585568,126.7073832,elem,true,data.go.kr
B000002954,인천용유초등학교,7310000,중구,인천광역시남부교육지원청,인천광역시 중구 남북로87번길 4,공립,false,37.44822388,126.4123542,elem,true,data.go.kr
B000002973,인천용일초등학교,7310000,미추홀구,인천광역시남부교육지원청,인천광역시 미추홀구 인주대로 244,공립,false,37.45245007,126.6633622,elem,true,data.go.kr
B000002972,인천용정초등학교,7310000,미추홀구,인천광역시남부교육지원청,인천광역시 미추홀구 독정안길 26,공립,false,37.45943698,126.657235,elem,true,data.go.kr
B000025512,인천용학초등학교,7310000,미추홀구,인천광역시남부교육지원청,인천광역시 미추홀구 용정공원로83번길 9,공립,false,37.44676348,126.6434992,elem,true,data.go.kr
B000002975,인천용현남초등학교,7310000,미추홀구,인천광역시남부교육지원청,인천광역시 미추홀구 매소홀로 133,공립,false,37.4478941,126.641960,elem,true,data.go.kr
B000003005,인천용현남초등학교자월분교장,7310000,옹진군,인천광역시남부교육지원청,인천광역시 옹진군 자월면 자월서로 177,공립,true,37.2530353,126.3066329,elem,true,data.go.kr
B000002974,인천용현초등학교,7310000,미추홀구,인천광역시남부교육지원청,인천광역시 미추홀구 낙섬동로 83,공립,false,37.45311116,126.6408079,elem,true,data.go.kr
B000002956,인천운남초등학교,7310000,중구,인천광역시남부교육지원청,인천광역시 중구 운남서로 38,공립,false,37.49040132,126.5303946,elem,true,data.go.kr
B000002953,인천운서초등학교,7310000,중구,인천광역시남부교육지원청,인천광역시 중구 운서2로 57,공립,false,37.483529,126.5120243,elem,true,data.go.kr
B000003158,인천원당초등학교,7310000,서구,인천광역시서부교육지원청,인천광역시 서구 원당대로820번길 16,공립,false,37.59251428,126.6913305,elem,true,data.go.kr
B000003087,인천원동초등학교,7310000,남동구,인천광역시동부교육지원청,인천광역시 남동구 논고개로 38,공립,false,37.39689725,126.7308567,elem,true,data.go.kr
B000025685,인천윤슬초등학교,7310000,중구,인천광역시남부교육지원청,인천광역시 중구 운서동 865,공립,false,37.48426206,126.5020588,elem,true,data.go.kr
B000003084,인천은봉초등학교,7310000,남동구,인천광역시동부교육지원청,인천광역시 남동구 은봉로312번길 11,공립,false,37.40547311,126.7252797,elem,true,data.go.kr
B000025248,인천은송초등학교,7310000,연수구,인천광역시동부교육지원청,인천광역시 연수구 센트럴로 460,공립,false,37.4139322,126.6297242,elem,true,data.go.kr
B000003172,인천은지초등학교,7310000,서구,인천광역시서부교육지원청,인천광역시 서구 승학로572번길 22,공립,false,37.56470084,126.6849902,elem,true,data.go.kr
B000026470,인천이음초등학교,7310000,서구,인천광역시서부교육지원청,인천광역시 서구 이음1로 447,공립,false,37.5987693,126.7126821,elem,true,data.go.kr
B000003101,인천인동초등학교,7310000,남동구,인천광역시동부교육지원청,인천광역시 남동구 백범로248번길 38,공립,false,37.46258155,126.7225981,elem,true,data.go.kr
B000003081,인천인수초등학교,7310000,남동구,인천광역시동부교육지원청,인천광역시 남동구 인수로 3,공립,false,37.45409709,126.7354837,elem,true,data.go.kr
B000002991,인천인주초등학교,7310000,미추홀구,인천광역시남부교육지원청,인천광역시 미추홀구 매소홀로475번길 53,공립,false,37.44238998,126.6737257,elem,true,data.go.kr
B000003020,인천일신초등학교,7310000,부평구,인천광역시북부교육지원청,인천광역시 부평구 항동로75번길 36,공립,false,37.48385816,126.7423924,elem,true,data.go.kr
B000003129,인천작동초등학교,7310000,계양구,인천광역시북부교육지원청,인천광역시 계양구 까치말로 35,공립,false,37.52928914,126.7359408,elem,true,data.go.kr
B000003128,인천작전초등학교,7310000,계양구,인천광역시북부교육지원청,인천광역시 계양구 주부토로 456,공립,false,37.53512867,126.7291294,elem,true,data.go.kr
B000003085,인천장도초등학교,7310000,남동구,인천광역시동부교육지원청,인천광역시 남동구 포구로 112,공립,false,37.40789739,126.7336259,elem,true,data.go.kr
B000025196,인천장서초등학교,7310000,남동구,인천광역시동부교육지원청,인천광역시 남동구 서창남순환로 109,공립,false,37.42921635,126.7453281,elem,true,data.go.kr
B000003102,인천장수초등학교,7310000,남동구,인천광역시동부교육지원청,인천광역시 남동구 담방로 121,공립,false,37.45033829,126.7416507,elem,true,data.go.kr
B000025202,인천장아초등학교,7310000,남동구,인천광역시동부교육지원청,인천광역시 남동구 서창방산로 93,공립,false,37.42451149,126.7536905,elem,true,data.go.kr
B000003073,인천정각초등학교,7310000,남동구,인천광역시동부교육지원청,인천광역시 남동구 구월로 228,공립,false,37.45604107,126.7152654,elem,true,data.go.kr
B000003100,인천조동초등학교,7310000,남동구,인천광역시동부교육지원청,인천광역시 남동구 백범로124번길 164,공립,false,37.46075342,126.7397554,elem,true,data.go.kr
B000002989,인천주안남초등학교,7310000,미추홀구,인천광역시남부교육지원청,인천광역시 미추홀구 인주대로434번길 11,공립,false,37.44955342,126.6850024,elem,true,data.go.kr
B000002987,인천주안북초등학교,7310000,미추홀구,인천광역시남부교육지원청,인천광역시 미추홀구 석정로375번길 14,공립,false,37.46816063,126.6780956,elem,true,data.go.kr
B000025677,인천주안초등학교,7310000,미추홀구,인천광역시남부교육지원청,인천광역시 미추홀구 남주길69번길 16,공립,false,37.45465257,126.6738236,elem,true,data.go.kr
B000003091,인천주원초등학교,7310000,남동구,인천광역시동부교육지원청,인천광역시 남동구 주안로259번길 28,공립,false,37.46515907,126.7004171,elem,true,data.go.kr
B000027505,인천중산초등학교,7310000,중구,인천광역시남부교육지원청,인천광역시 중구 두미포로 100,공립,false,37.49471569,126.5653914,elem,true,data.go.kr
B000003053,인천중앙초등학교,7310000,연수구,인천광역시동부교육지원청,인천광역시 연수구 새말로 153,공립,false,37.41725067,126.6859818,elem,true,data.go.kr
B000003014,인천진산초등학교,7310000,부평구,인천광역시북부교육지원청,인천광역시 부평구 굴포로 194-10,공립,false,37.51294482,126.7416908,elem,true,data.go.kr
B000003160,인천창신초등학교,7310000,서구,인천광역시서부교육지원청,인천광역시 서구 고산후로161번길 6,공립,false,37.59892346,126.6982147,elem,true,data.go.kr
B000002965,인천창영초등학교,7310000,동구,인천광역시남부교육지원청,인천광역시 동구 우각로15번길 16,공립,false,37.47158502,126.6396954,elem,true,data.go.kr
B000003145,인천천마초등학교,7310000,서구,인천광역시서부교육지원청,인천광역시 서구 서달로 58-5,공립,false,37.5048986,126.6793047,elem,true,data.go.kr
B000025236,인천첨단초등학교,7310000,연수구,인천광역시동부교육지원청,인천광역시 연수구 송도교육로 20,공립,false,37.37314562,126.6549766,elem,true,data.go.kr
B000003139,인천청라초등학교,7310000,서구,인천광역시서부교육지원청,인천광역시 서구 청라에메랄드로 139,공립,false,37.53774888,126.6556967,elem,true,data.go.kr
B000022834,인천청람초등학교,7310000,서구,인천광역시서부교육지원청,인천광역시 서구 청라커낼로 336,공립,false,37.53869636,126.6453133,elem,true,data.go.kr
B000003057,인천청량초등학교,7310000,연수구,인천광역시동부교육지원청,인천광역시 연수구 먼우금로 158,공립,false,37.41192857,126.6747258,elem,true,data.go.kr
B000022839,인천청일초등학교,7310000,서구,인천광역시서부교육지원청,인천광역시 서구 크리스탈로 46,공립,false,37.52925923,126.6373634,elem,true,data.go.kr
B000003010,인천청천초등학교,7310000,부평구,인천광역시북부교육지원청,인천광역시 부평구 산청로127번길 10,공립,false,37.52046929,126.7003896,elem,true,data.go.kr
B000003056,인천청학초등학교,7310000,연수구,인천광역시동부교육지원청,인천광역시 연수구 함박뫼로 25,공립,false,37.41996839,126.6704681,elem,true,data.go.kr
B000025756,인천청호초등학교,7310000,서구,인천광역시서부교육지원청,인천광역시 서구 청라한울로 44,공립,false,37.53864489,126.6415165,elem,true,data.go.kr
B000003140,인천초은초등학교,7310000,서구,인천광역시서부교육지원청,인천광역시 서구 청라에메랄드로 33,공립,false,37.52842319,126.6558477,elem,true,data.go.kr
B000003049,인천축현초등학교,7310000,연수구,인천광역시동부교육지원청,인천광역시 연수구 청량로 176,공립,false,37.42252517,126.6542596,elem,true,data.go.kr
B000024924,인천하늘초등학교,7310000,중구,인천광역시남부교육지원청,인천광역시 중구 은하수로 294,공립,false,37.49794594,126.5579456,elem,true,data.go.kr
B000003037,인천하정초등학교,7310000,부평구,인천광역시북부교육지원청,인천광역시 부평구 이규보로 14,공립,false,37.47526064,126.7007076,elem,true,data.go.kr
B000002976,인천학산초등학교,7310000,미추홀구,인천광역시남부교육지원청,인천광역시 미추홀구 한나루로357번길 66,공립,false,37.43982892,126.658160,elem,true,data.go.kr
B000002990,인천학익초등학교,7310000,미추홀구,인천광역시남부교육지원청,인천광역시 미추홀구 한나루로403번길 122,공립,false,37.44706316,126.6586364,elem,true,data.go.kr
B000003045,인천한길초등학교,7310000,부평구,인천광역시북부교육지원청,인천광역시 부평구 영성중로 32,공립,false,37.51911675,126.7455438,elem,true,data.go.kr
B000026155,인천한들초등학교,7310000,서구,인천광역시서부교육지원청,인천광역시 서구 한중로 25,공립,false,37.57963661,126.6728081,elem,true,data.go.kr
B000026469,인천한별초등학교,7310000,서구,인천광역시서부교육지원청,인천광역시 서구 서로3로 201,공립,false,37.59736864,126.7066138,elem,true,data.go.kr
B000022832,인천한빛초등학교,7310000,남동구,인천광역시동부교육지원청,인천광역시 남동구 서창남순환로 190-28,공립,false,37.42419512,126.7441353,elem,true,data.go.kr
B000003055,인천함박초등학교,7310000,연수구,인천광역시동부교육지원청,인천광역시 연수구 함박뫼로 87,공립,false,37.42425785,126.6772791,elem,true,data.go.kr
B000026467,인천해든초등학교,7310000,서구,인천광역시서부교육지원청,인천광역시 서구 서로3로 60,공립,false,37.58528544,126.7076761,elem,true,data.go.kr
B000003110,인천해서초등학교,7310000,계양구,인천광역시북부교육지원청,인천광역시 계양구 계산로 42-1,공립,false,37.54015932,126.7177114,elem,true,data.go.kr
B000003066,인천해송초등학교,7310000,연수구,인천광역시동부교육지원청,인천광역시 연수구 인천타워대로54번길 46,공립,false,37.3809103,126.6492847,elem,true,data.go.kr
B000003133,인천해원초등학교,7310000,서구,인천광역시서부교육지원청,인천광역시 서구 청라사파이어로140번길 5,공립,false,37.52761134,126.6260936,elem,true,data.go.kr
B000025222,인천현송초등학교,7310000,연수구,인천광역시동부교육지원청,인천광역시 연수구 아카데미로312번길 96,공립,false,37.39385504,126.6203812,elem,true,data.go.kr
B000003113,인천화전초등학교,7310000,계양구,인천광역시북부교육지원청,인천광역시 계양구 효서로303번길 8,공립,false,37.52846783,126.7315531,elem,true,data.go.kr
B000003108,인천효성남초등학교,7310000,계양구,인천광역시북부교육지원청,인천광역시 계양구 새벌로 125,공립,false,37.52817374,126.7155508,elem,true,data.go.kr
B000003107,인천효성동초등학교,7310000,계양구,인천광역시북부교육지원청,인천광역시 계양구 새벌로171번길 4,공립,false,37.53277166,126.7158644,elem,true,data.go.kr
B000003131,인천효성서초등학교,7310000,계양구,인천광역시북부교육지원청,인천광역시 계양구 봉오대로 457,공립,false,37.5279826,126.6986766,elem,true,data.go.kr
B000003109,인천효성초등학교,7310000,계양구,인천광역시북부교육지원청,인천광역시 계양구 안남로 601,공립,false,37.536806,126.7106067,elem,true,data.go.kr
B000003012,인천후정초등학교,7310000,부평구,인천광역시북부교육지원청,인천광역시 부평구 영성서로 56,공립,false,37.5231572,126.743587,elem,true,data.go.kr
B000003175,조산초등학교,7310000,강화군,인천광역시강화교육지원청,인천광역시 강화군 양도면 강화남로 510,공립,false,37.65331522,126.4383617,elem,true,data.go.kr
B000003185,하점초등학교,7310000,강화군,인천광역시강화교육지원청,인천광역시 강화군 하점면 강화대로 1190,공립,false,37.77369223,126.4141874,elem,true,data.go.kr
B000003047,한일초등학교,7310000,부평구,인천광역시북부교육지원청,인천광역시 부평구 원적로 247,사립,false,37.50573808,126.6937058,elem,true,data.go.kr
B000003180,합일초등학교,7310000,강화군,인천광역시강화교육지원청,인천광역시 강화군 강화읍 합일길 3,공립,false,37.74428793,126.4828082,elem,true,data.go.kr
B000003189,해명초등학교,7310000,강화군,인천광역시강화교육지원청,인천광역시 강화군 삼산면 삼산남로 345,공립,false,37.66870002,126.362707,elem,true,data.go.kr
B000003176,화도초등학교,7310000,강화군,인천광역시강화교육지원청,인천광역시 강화군 화도면 마니산로 717,공립,false,37.63186752,126.4187675,elem,true,data.go.kr
B000003230,각화초등학교,7380000,북구,광주광역시동부교육지원청,광주광역시 북구 각화대로39번길 10,공립,false,35.18242651,126.9357419,elem,true,data.go.kr
B000026363,건국초등학교,7380000,북구,광주광역시동부교육지원청,광주광역시 북구 첨단연신로108번길 86,공립,false,35.21068262,126.8658333,elem,true,data.go.kr
B000030667,경양초등학교,7380000,북구,광주광역시동부교육지원청,광주광역시 북구 서강로 133,공립,false,35.18390762,126.8753149,elem,true,data.go.kr
B000003270,계수초등학교,7380000,서구,광주광역시서부교육지원청,광주광역시 서구 상무시민로 51,공립,false,35.15623874,126.8445194,elem,true,data.go.kr
B000003314,고실초등학교,7380000,광산구,광주광역시서부교육지원청,광주광역시 광산구 풍영로 300,공립,false,35.19835185,126.8165922,elem,true,data.go.kr
B000003208,광림초등학교,7380000,서구,광주광역시서부교육지원청,광주광역시 서구 하남대로710번길 19,공립,false,35.16945074,126.8708963,elem,true,data.go.kr
B000003197,광주계림초등학교,7380000,동구,광주광역시동부교육지원청,광주광역시 동구 중앙로 320,공립,false,35.1604965,126.9219738,elem,true,data.go.kr
B000003269,광주광천초등학교,7380000,서구,광주광역시서부교육지원청,광주광역시 서구 월산로 266,공립,false,35.15965951,126.8888574,elem,true,data.go.kr
B000003209,광주교육대학교광주부설초등학교,7380000,북구,광주광역시동부교육지원청,광주광역시 북구 필문대로 55,국립,false,35.16471468,126.9256972,elem,true,data.go.kr
B000003280,광주극락초등학교,7380000,서구,광주광역시서부교육지원청,광주광역시 서구 상무버들로54번길 5,공립,false,35.16562206,126.8581823,elem,true,data.go.kr
B000003200,광주남초등학교,7380000,동구,광주광역시동부교육지원청,광주광역시 동구 지원로5번길 20,공립,false,35.125543,126.9330661,elem,true,data.go.kr
B000003289,광주농성초등학교,7380000,남구,광주광역시서부교육지원청,광주광역시 남구 금화로481번길 7,공립,false,35.14822852,126.8906951,elem,true,data.go.kr
B000003282,광주대성초등학교,7380000,남구,광주광역시서부교육지원청,광주광역시 남구 서동로2번길 8,공립,false,35.14462178,126.9054545,elem,true,data.go.kr
B000003199,광주동산초등학교,7380000,동구,광주광역시동부교육지원청,광주광역시 동구 준법로 16,공립,false,35.14855605,126.9355553,elem,true,data.go.kr
B000003223,광주동운초등학교,7380000,북구,광주광역시동부교육지원청,광주광역시 북구 북문대로8번길 21,공립,false,35.17493679,126.8841211,elem,true,data.go.kr
B000003229,광주동초등학교,7380000,북구,광주광역시동부교육지원청,광주광역시 북구 석곡로 527,공립,false,35.20578715,126.9511089,elem,true,data.go.kr
B000003254,광주동초등학교충효분교장,7380000,북구,광주광역시동부교육지원청,광주광역시 북구 충효샘길 14-30,공립,true,35.18114937,127.0021113,elem,true,data.go.kr
B000003213,광주문화초등학교,7380000,북구,광주광역시동부교육지원청,광주광역시 북구 군왕로 135,공립,false,35.17341728,126.9313378,elem,true,data.go.kr
B000003294,광주방림초등학교,7380000,남구,광주광역시서부교육지원청,광주광역시 남구 큰방림길 20,공립,false,35.13404243,126.9209674,elem,true,data.go.kr
B000003290,광주백운초등학교,7380000,남구,광주광역시서부교육지원청,광주광역시 남구 독립로 51,공립,false,35.13817423,126.8999242,elem,true,data.go.kr
B000003291,광주봉주초등학교,7380000,남구,광주광역시서부교육지원청,광주광역시 남구 봉주길 32,공립,false,35.13700618,126.8902661,elem,true,data.go.kr
B000003253,광주북초등학교,7380000,북구,광주광역시동부교육지원청,광주광역시 북구 하서로 985,공립,false,35.24649373,126.9140707,elem,true,data.go.kr
B000003202,광주산수초등학교,7380000,동구,광주광역시동부교육지원청,광주광역시 동구 산수길 28,공립,false,35.15584046,126.9283371,elem,true,data.go.kr
B000003302,광주삼육초등학교,7380000,남구,광주광역시서부교육지원청,광주광역시 남구 회서로 30,사립,false,35.1302339,126.893732,elem,true,data.go.kr
B000003266,광주상무초등학교,7380000,서구,광주광역시서부교육지원청,광주광역시 서구 금호운천길 67,공립,false,35.1408321,126.8547174,elem,true,data.go.kr
B000003248,광주서림초등학교,7380000,북구,광주광역시동부교육지원청,광주광역시 북구 서림로 113,공립,false,35.16188253,126.8995866,elem,true,data.go.kr
B000003241,광주서산초등학교,7380000,북구,광주광역시동부교육지원청,광주광역시 북구 우치로 263,공립,false,35.189162,126.9043599,elem,true,data.go.kr
B000003203,광주서석초등학교,7380000,동구,광주광역시동부교육지원청,광주광역시 동구 제봉로82번길 26,공립,false,35.14755252,126.925560,elem,true,data.go.kr
B000003275,광주서초등학교,7380000,서구,광주광역시서부교육지원청,광주광역시 서구 화운로194번길 6,공립,false,35.15604003,126.8770209,elem,true,data.go.kr
B000003301,광주송원초등학교,7380000,남구,광주광역시서부교육지원청,광주광역시 남구 송암로 73,사립,false,35.10818451,126.8732664,elem,true,data.go.kr
B000003210,광주수창초등학교,7380000,북구,광주광역시동부교육지원청,광주광역시 북구 금남로 99,공립,false,35.15618871,126.9066548,elem,true,data.go.kr
B000003260,광주양동초등학교,7380000,서구,광주광역시서부교육지원청,광주광역시 서구 경열로121번길 5,공립,false,35.15442872,126.8989108,elem,true,data.go.kr
B000003226,광주양산초등학교,7380000,북구,광주광역시동부교육지원청,광주광역시 북구 연양로 33,공립,false,35.20718682,126.8714608,elem,true,data.go.kr
B000003237,광주용봉초등학교,7380000,북구,광주광역시동부교육지원청,광주광역시 북구 서암대로144번길 11,공립,false,35.16857266,126.9001046,elem,true,data.go.kr
B000003204,광주용산초등학교,7380000,동구,광주광역시동부교육지원청,광주광역시 동구 화산로 334,공립,false,35.11876782,126.9316526,elem,true,data.go.kr
B000003212,광주우산초등학교,7380000,북구,광주광역시동부교육지원청,광주광역시 북구 서방로63번길 67,공립,false,35.1759524,126.920379,elem,true,data.go.kr
B000003224,광주운암초등학교,7380000,북구,광주광역시동부교육지원청,광주광역시 북구 서강로 79-14,공립,false,35.18047858,126.8709882,elem,true,data.go.kr
B000003288,광주월산초등학교,7380000,남구,광주광역시서부교육지원청,광주광역시 남구 월산로116번길 6,공립,false,35.14811855,126.8982568,elem,true,data.go.kr
B000003198,광주장원초등학교,7380000,동구,광주광역시동부교육지원청,광주광역시 동구 무등로 533,공립,false,35.15778931,126.9377323,elem,true,data.go.kr
B000003297,광주제석초등학교,7380000,남구,광주광역시서부교육지원청,광주광역시 남구 봉선로51번길 14,공립,false,35.12833882,126.9063635,elem,true,data.go.kr
B000003196,광주중앙초등학교,7380000,동구,광주광역시동부교육지원청,광주광역시 동구 제봉로 167,공립,false,35.15092881,126.918641,elem,true,data.go.kr
B000003250,광주중흥초등학교,7380000,북구,광주광역시동부교육지원청,광주광역시 북구 경양로197번길 25,공립,false,35.16085475,126.9135445,elem,true,data.go.kr
B000003228,광주지산초등학교,7380000,북구,광주광역시동부교육지원청,광주광역시 북구 하서로 637,공립,false,35.23136997,126.8856716,elem,true,data.go.kr
B000003233,광주풍향초등학교,7380000,북구,광주광역시동부교육지원청,광주광역시 북구 군왕로51번길 77,공립,false,35.1672729,126.9276115,elem,true,data.go.kr
B000003283,광주학강초등학교,7380000,남구,광주광역시서부교육지원청,광주광역시 남구 양림로 92,공립,false,35.13799592,126.9182708,elem,true,data.go.kr
B000003205,광주학운초등학교,7380000,동구,광주광역시동부교육지원청,광주광역시 동구 의재로 181,공립,false,35.1332618,126.9471528,elem,true,data.go.kr
B000003262,광주화정초등학교,7380000,서구,광주광역시서부교육지원청,광주광역시 서구 월드컵4강로146번길 10,공립,false,35.14905523,126.8713994,elem,true,data.go.kr
B000003293,광주효덕초등학교,7380000,남구,광주광역시서부교육지원청,광주광역시 남구 화산로 7,공립,false,35.11338616,126.8979712,elem,true,data.go.kr
B000003249,광주효동초등학교,7380000,북구,광주광역시동부교육지원청,광주광역시 북구 서양로 99,공립,false,35.16906085,126.911855,elem,true,data.go.kr
B000003328,금구초등학교,7380000,광산구,광주광역시서부교육지원청,광주광역시 광산구 임방울대로165번길 60,공립,false,35.17673732,126.8141009,elem,true,data.go.kr
B000003273,금당초등학교,7380000,서구,광주광역시서부교육지원청,광주광역시 서구 풍암중앙로 83,공립,false,35.12699909,126.8829765,elem,true,data.go.kr
B000003256,금부초등학교,7380000,서구,광주광역시서부교육지원청,광주광역시 서구 금화로115번길 22,공립,false,35.13530814,126.861363,elem,true,data.go.kr
B000003267,금호초등학교,7380000,서구,광주광역시서부교육지원청,광주광역시 서구 금부로95번길 26-11,공립,false,35.14277758,126.859228,elem,true,data.go.kr
B000003309,대반초등학교,7380000,광산구,광주광역시서부교육지원청,광주광역시 광산구 사암로340번길 19,공립,false,35.17583915,126.8088224,elem,true,data.go.kr
B000003244,대자초등학교,7380000,북구,광주광역시동부교육지원청,광주광역시 북구 대자로 5,공립,false,35.17391595,126.8732683,elem,true,data.go.kr
B000003286,대촌중앙초등학교,7380000,남구,광주광역시서부교육지원청,광주광역시 남구 고싸움로152번길 1,공립,false,35.08254862,126.8329557,elem,true,data.go.kr
B000003334,도산초등학교,7380000,광산구,광주광역시서부교육지원청,광주광역시 광산구 송정외로 6,공립,false,35.12619291,126.7917518,elem,true,data.go.kr
B000003333,동곡초등학교,7380000,광산구,광주광역시서부교육지원청,광주광역시 광산구 동곡로 151-17,공립,false,35.09810123,126.7735415,elem,true,data.go.kr
B000003232,동림초등학교,7380000,북구,광주광역시동부교육지원청,광주광역시 북구 동림용산로 7,공립,false,35.18744989,126.8676187,elem,true,data.go.kr
B000003251,두암초등학교,7380000,북구,광주광역시동부교육지원청,광주광역시 북구 참판로 130,공립,false,35.16947738,126.9341202,elem,true,data.go.kr
B000003268,마재초등학교,7380000,서구,광주광역시서부교육지원청,광주광역시 서구 마재로 27,공립,false,35.1309354,126.8629852,elem,true,data.go.kr
B000003339,마지초등학교,7380000,광산구,광주광역시서부교육지원청,광주광역시 광산구 목련로219번길 104,공립,false,35.1762197,126.8240465,elem,true,data.go.kr
B000003257,만호초등학교,7380000,서구,광주광역시서부교육지원청,광주광역시 서구 금화로 53,공립,false,35.13279273,126.854239,elem,true,data.go.kr
B000003220,매곡초등학교,7380000,북구,광주광역시동부교육지원청,광주광역시 북구 초당로 25,공립,false,35.19426025,126.8942973,elem,true,data.go.kr
B000003326,목련초등학교,7380000,광산구,광주광역시서부교육지원청,광주광역시 광산구 목련로153번길 20,공립,false,35.17290332,126.815607,elem,true,data.go.kr
B000003243,무등초등학교,7380000,북구,광주광역시동부교육지원청,광주광역시 북구 면앙로 99,공립,false,35.17879259,126.9227691,elem,true,data.go.kr
B000003287,무학초등학교,7380000,남구,광주광역시서부교육지원청,광주광역시 남구 월지길 7,공립,false,35.06670665,126.804503,elem,true,data.go.kr
B000003214,문산초등학교,7380000,북구,광주광역시동부교육지원청,광주광역시 북구 문산로 66,공립,false,35.18729246,126.9251428,elem,true,data.go.kr
B000003218,문우초등학교,7380000,북구,광주광역시동부교육지원청,광주광역시 북구 능안로 7,공립,false,35.1861228,126.9164071,elem,true,data.go.kr
B000003216,문정초등학교,7380000,북구,광주광역시동부교육지원청,광주광역시 북구 대천로169번길 7,공립,false,35.18944153,126.9215793,elem,true,data.go.kr
B000003217,문흥중앙초등학교,7380000,북구,광주광역시동부교육지원청,광주광역시 북구 문산로 17,공립,false,35.18340794,126.9211632,elem,true,data.go.kr
B000003215,문흥초등학교,7380000,북구,광주광역시동부교육지원청,광주광역시 북구 면앙로 19,공립,false,35.18106097,126.9143537,elem,true,data.go.kr
B000003340,미산초등학교,7380000,광산구,광주광역시서부교육지원청,광주광역시 광산구 첨단중앙로181번길 70,공립,false,35.21988258,126.8338164,elem,true,data.go.kr
B000003330,본량초등학교,7380000,광산구,광주광역시서부교육지원청,광주광역시 광산구 용진로 323,공립,false,35.18082176,126.7223799,elem,true,data.go.kr
B000003227,본촌초등학교,7380000,북구,광주광역시동부교육지원청,광주광역시 북구 본촌택지로30번길 22,공립,false,35.21523512,126.881492,elem,true,data.go.kr
B000003319,봉산초등학교,7380000,광산구,광주광역시서부교육지원청,광주광역시 광산구 산월로 57,공립,false,35.20957514,126.8437646,elem,true,data.go.kr
B000003285,봉선초등학교,7380000,남구,광주광역시서부교육지원청,광주광역시 남구 봉선중앙로118번길 4,공립,false,35.13079876,126.9121652,elem,true,data.go.kr
B000003284,불로초등학교,7380000,남구,광주광역시서부교육지원청,광주광역시 남구 제석로80번길 58-5,공립,false,35.1209505,126.9141127,elem,true,data.go.kr
B000003315,비아초등학교,7380000,광산구,광주광역시서부교육지원청,광주광역시 광산구 비아동원촌길 19-20,공립,false,35.22256178,126.8253186,elem,true,data.go.kr
B000003207,빛고을초등학교,7380000,서구,광주광역시서부교육지원청,광주광역시 서구 동천로 7,공립,false,35.16934672,126.8592478,elem,true,data.go.kr
B000025631,빛여울초등학교,7380000,남구,광주광역시서부교육지원청,광주광역시 남구 효천중앙로 4,공립,false,35.10326032,126.8691741,elem,true,data.go.kr
B000003343,산월초등학교,7380000,광산구,광주광역시서부교육지원청,광주광역시 광산구 산월로9번길 36,공립,false,35.2109359,126.839053,elem,true,data.go.kr
B000003308,산정초등학교,7380000,광산구,광주광역시서부교육지원청,광주광역시 광산구 목련로22번길 11,공립,false,35.1722061,126.801013,elem,true,data.go.kr
B000003206,살레시오초등학교,7380000,서구,광주광역시서부교육지원청,광주광역시 서구 전평길 40-1,사립,false,35.11849619,126.8504587,elem,true,data.go.kr
B000003236,삼각초등학교,7380000,북구,광주광역시동부교육지원청,광주광역시 북구 송해로 21,공립,false,35.20064274,126.900249,elem,true,data.go.kr
B000003331,삼도초등학교,7380000,광산구,광주광역시서부교육지원청,광주광역시 광산구 용진로 9,공립,false,35.1643748,126.7008559,elem,true,data.go.kr
B000003234,삼정초등학교,7380000,북구,광주광역시동부교육지원청,광주광역시 북구 밤실로208번길 55,공립,false,35.16613628,126.9360878,elem,true,data.go.kr
B000025306,새별초등학교,7380000,광산구,광주광역시서부교육지원청,광주광역시 광산구 풍영로 125,공립,false,35.18286121,126.8123108,elem,true,data.go.kr
B000003279,서광초등학교,7380000,서구,광주광역시서부교육지원청,광주광역시 서구 상무오월로38번길 36,공립,false,35.15481896,126.8645209,elem,true,data.go.kr
B000003246,서일초등학교,7380000,북구,광주광역시동부교육지원청,광주광역시 북구 설죽로 590,공립,false,35.2123806,126.8989514,elem,true,data.go.kr
B000003303,선운초등학교,7380000,광산구,광주광역시서부교육지원청,광주광역시 광산구 선운중앙로 11,공립,false,35.14942637,126.7749535,elem,true,data.go.kr
B000003325,선창초등학교,7380000,광산구,광주광역시서부교육지원청,광주광역시 광산구 신창로35번길 67,공립,false,35.18833602,126.8345325,elem,true,data.go.kr
B000003345,성덕초등학교,7380000,광산구,광주광역시서부교육지원청,광주광역시 광산구 풍영로 313,공립,false,35.19914832,126.8143011,elem,true,data.go.kr
B000003263,성진초등학교,7380000,서구,광주광역시서부교육지원청,광주광역시 서구 학생독립로 16,공립,false,35.14376463,126.8662598,elem,true,data.go.kr
B000024177,송우초등학교,7380000,광산구,광주광역시서부교육지원청,광주광역시 광산구 사암로158번길 49,공립,false,35.15923398,126.8105935,elem,true,data.go.kr
B000003337,송정동초등학교,7380000,광산구,광주광역시서부교육지원청,광주광역시 광산구 사암로27번길 58,공립,false,35.14588933,126.8048907,elem,true,data.go.kr
B000003304,송정서초등학교,7380000,광산구,광주광역시서부교육지원청,광주광역시 광산구 상무대로 114,공립,false,35.130463,126.788097,elem,true,data.go.kr
B000003306,송정중앙초등학교,7380000,광산구,광주광역시서부교육지원청,광주광역시 광산구 어등대로653번길 90,공립,false,35.14784781,126.795011,elem,true,data.go.kr
B000003335,송정초등학교,7380000,광산구,광주광역시서부교육지원청,광주광역시 광산구 송도로208번길 25,공립,false,35.13159778,126.7962229,elem,true,data.go.kr
B000003255,송학초등학교,7380000,서구,광주광역시서부교육지원청,광주광역시 서구 눌재로 408,공립,false,35.11304585,126.8303713,elem,true,data.go.kr
B000003321,수문초등학교,7380000,광산구,광주광역시서부교육지원청,광주광역시 광산구 신창로105번길 9,공립,false,35.19446033,126.8372671,elem,true,data.go.kr
B000003317,수완초등학교,7380000,광산구,광주광역시서부교육지원청,광주광역시 광산구 장덕로 143,공립,false,35.19790208,126.8245698,elem,true,data.go.kr
B000003274,신암초등학교,7380000,서구,광주광역시서부교육지원청,광주광역시 서구 풍암2로 56,공립,false,35.12295195,126.8809274,elem,true,data.go.kr
B000003238,신용초등학교,7380000,북구,광주광역시동부교육지원청,광주광역시 북구 첨단연신로 232-10,공립,false,35.21063123,126.8572493,elem,true,data.go.kr
B000003320,신창초등학교,7380000,광산구,광주광역시서부교육지원청,광주광역시 광산구 신창로162번길 10,공립,false,35.1981337,126.8407237,elem,true,data.go.kr
B000003225,양지초등학교,7380000,북구,광주광역시동부교육지원청,광주광역시 북구 자라봉로63번길 16,공립,false,35.20842044,126.8812042,elem,true,data.go.kr
B000003338,어등초등학교,7380000,광산구,광주광역시서부교육지원청,광주광역시 광산구 월곡산정로 50,공립,false,35.16552112,126.8077838,elem,true,data.go.kr
B000003305,어룡초등학교,7380000,광산구,광주광역시서부교육지원청,광주광역시 광산구 소촌로 122,공립,false,35.15512585,126.793432,elem,true,data.go.kr
B000003252,연제초등학교,7380000,북구,광주광역시동부교육지원청,광주광역시 북구 하서로229번길 47,공립,false,35.19616978,126.8736986,elem,true,data.go.kr
B000003276,염주초등학교,7380000,서구,광주광역시서부교육지원청,광주광역시 서구 염화로134번길 28,공립,false,35.14107805,126.8787885,elem,true,data.go.kr
B000003311,영천초등학교,7380000,광산구,광주광역시서부교육지원청,광주광역시 광산구 목련로 123,공립,false,35.17284022,126.8120844,elem,true,data.go.kr
B000003219,오정초등학교,7380000,북구,광주광역시동부교육지원청,광주광역시 북구 대천로 55,공립,false,35.18590225,126.9119857,elem,true,data.go.kr
B000003240,오치초등학교,7380000,북구,광주광역시동부교육지원청,광주광역시 북구 설죽로 290,공립,false,35.18573678,126.899280,elem,true,data.go.kr
B000003239,용두초등학교,7380000,북구,광주광역시동부교육지원청,광주광역시 북구 임방울대로1041번길 25,공립,false,35.21495758,126.8706473,elem,true,data.go.kr
B000003211,용주초등학교,7380000,북구,광주광역시동부교육지원청,광주광역시 북구 용주로 15,공립,false,35.18152772,126.8989699,elem,true,data.go.kr
B000003327,운남초등학교,7380000,광산구,광주광역시서부교육지원청,광주광역시 광산구 하남대로 248-22,공립,false,35.17760447,126.8192848,elem,true,data.go.kr
B000003259,운리초등학교,7380000,서구,광주광역시서부교육지원청,광주광역시 서구 풍암운리로23번길 5,공립,false,35.12368494,126.865659,elem,true,data.go.kr
B000030926,운수초등학교,7380000,광산구,광주광역시서부교육지원청,광주광역시 광산구 선암1로 21,공립,false,35.14854528,126.7828467,elem,true,data.go.kr
B000003272,운천초등학교,7380000,서구,광주광역시서부교육지원청,광주광역시 서구 치평로 59,공립,false,35.1527033,126.8467489,elem,true,data.go.kr
B000003342,월계초등학교,7380000,광산구,광주광역시서부교육지원청,광주광역시 광산구 첨단내촌로 83,공립,false,35.21360036,126.8348513,elem,true,data.go.kr
B000003310,월곡초등학교,7380000,광산구,광주광역시서부교육지원청,광주광역시 광산구 월곡산정로 107,공립,false,35.16677612,126.8149848,elem,true,data.go.kr
B000003318,월봉초등학교,7380000,광산구,광주광역시서부교육지원청,광주광역시 광산구 산월로 101,공립,false,35.20951366,126.8481133,elem,true,data.go.kr
B000003281,유덕초등학교,7380000,서구,광주광역시서부교육지원청,광주광역시 서구 상무버들로16번길 6-10,공립,false,35.16508101,126.8628255,elem,true,data.go.kr
B000003295,유안초등학교,7380000,남구,광주광역시서부교육지원청,광주광역시 남구 봉선로175번길 16,공립,false,35.1254854,126.9146862,elem,true,data.go.kr
B000003264,유촌초등학교,7380000,서구,광주광역시서부교육지원청,광주광역시 서구 내방로 153,공립,false,35.15914004,126.8579563,elem,true,data.go.kr
B000003201,율곡초등학교,7380000,동구,광주광역시동부교육지원청,광주광역시 동구 밤실로 142,공립,false,35.1605384,126.9356033,elem,true,data.go.kr
B000025361,은빛초등학교,7380000,광산구,광주광역시서부교육지원청,광주광역시 광산구 수완로33번길 11,공립,false,35.18772659,126.8276603,elem,true,data.go.kr
B000003221,일곡초등학교,7380000,북구,광주광역시동부교육지원청,광주광역시 북구 설죽로 530,공립,false,35.20734077,126.8983974,elem,true,data.go.kr
B000003247,일동초등학교,7380000,북구,광주광역시동부교육지원청,광주광역시 북구 일곡택지로 45,공립,false,35.20604838,126.8933313,elem,true,data.go.kr
B000003222,일신초등학교,7380000,북구,광주광역시동부교육지원청,광주광역시 북구 일곡마을로 187,공립,false,35.21112602,126.8951264,elem,true,data.go.kr
B000003329,임곡초등학교,7380000,광산구,광주광역시서부교육지원청,광주광역시 광산구 하림길 26,공립,false,35.22111206,126.7468257,elem,true,data.go.kr
B000003313,장덕초등학교,7380000,광산구,광주광역시서부교육지원청,광주광역시 광산구 수등로 27,공립,false,35.18628067,126.8131809,elem,true,data.go.kr
B000003296,장산초등학교,7380000,남구,광주광역시서부교육지원청,광주광역시 남구 회서로 27,공립,false,35.13052654,126.8948316,elem,true,data.go.kr
B000003341,정암초등학교,7380000,광산구,광주광역시서부교육지원청,광주광역시 광산구 첨단과기로 104,공립,false,35.2229492,126.8375718,elem,true,data.go.kr
B000003300,조봉초등학교,7380000,남구,광주광역시서부교육지원청,광주광역시 남구 봉선로144번길 8,공립,false,35.12218609,126.9106301,elem,true,data.go.kr
B000003261,주월초등학교,7380000,서구,광주광역시서부교육지원청,광주광역시 서구 화운로 36,공립,false,35.144705,126.8837427,elem,true,data.go.kr
B000027139,지한초등학교,7380000,동구,광주광역시동부교육지원청,광주광역시 동구 남계길 37,공립,false,35.0940871,126.9402054,elem,true,data.go.kr
B000003292,진남초등학교,7380000,남구,광주광역시서부교육지원청,광주광역시 남구 효우로60번길 12,공립,false,35.10912722,126.9024721,elem,true,data.go.kr
B000003323,진만초등학교,7380000,광산구,광주광역시서부교육지원청,광주광역시 광산구 목련로394번길 40-10,공립,false,35.1835128,126.8340443,elem,true,data.go.kr
B000003299,진월초등학교,7380000,남구,광주광역시서부교육지원청,광주광역시 남구 광복마을4길 40,공립,false,35.12109972,126.8932947,elem,true,data.go.kr
B000003298,진제초등학교,7380000,남구,광주광역시서부교육지원청,광주광역시 남구 서문대로654번길 45,공립,false,35.11565077,126.9031537,elem,true,data.go.kr
B000003316,첨단초등학교,7380000,광산구,광주광역시서부교육지원청,광주광역시 광산구 임방울대로 727-20,공립,false,35.21986405,126.8378944,elem,true,data.go.kr
B000003271,치평초등학교,7380000,서구,광주광역시서부교육지원청,광주광역시 서구 상무평화로 43,공립,false,35.14911727,126.8436036,elem,true,data.go.kr
B000003324,큰별초등학교,7380000,광산구,광주광역시서부교육지원청,광주광역시 광산구 수등로 115,공립,false,35.18369356,126.8220969,elem,true,data.go.kr
B000003242,태봉초등학교,7380000,북구,광주광역시동부교육지원청,광주광역시 북구 청계로 33,공립,false,35.17651077,126.8922634,elem,true,data.go.kr
B000003332,평동초등학교,7380000,광산구,광주광역시서부교육지원청,광주광역시 광산구 평동로 741,공립,false,35.12699194,126.7550476,elem,true,data.go.kr
B000003258,풍암초등학교,7380000,서구,광주광역시서부교육지원청,광주광역시 서구 풍암중앙로 8,공립,false,35.12378279,126.8756762,elem,true,data.go.kr
B000003322,풍영초등학교,7380000,광산구,광주광역시서부교육지원청,광주광역시 광산구 수등로258번길 53,공립,false,35.18340982,126.8404569,elem,true,data.go.kr
B000003344,하남중앙초등학교,7380000,광산구,광주광역시서부교육지원청,광주광역시 광산구 산정로6번길 21-20,공립,false,35.16870051,126.8049815,elem,true,data.go.kr
B000003312,하남초등학교,7380000,광산구,광주광역시서부교육지원청,광주광역시 광산구 하남대로54번길 10,공립,false,35.17955111,126.7984539,elem,true,data.go.kr
B000003235,하백초등학교,7380000,북구,광주광역시동부교육지원청,광주광역시 북구 하백로5번길 10,공립,false,35.18860042,126.8889108,elem,true,data.go.kr
B000003231,한울초등학교,7380000,북구,광주광역시동부교육지원청,광주광역시 북구 유림로160번길 15,공립,false,35.17621187,126.8664252,elem,true,data.go.kr
B000003278,화개초등학교,7380000,서구,광주광역시서부교육지원청,광주광역시 서구 화개중앙로 48,공립,false,35.12519372,126.8569888,elem,true,data.go.kr
B000003277,화정남초등학교,7380000,서구,광주광역시서부교육지원청,광주광역시 서구 염화로 37,공립,false,35.13785632,126.8716253,elem,true,data.go.kr
B000025439,효천초등학교,7380000,남구,광주광역시서부교육지원청,광주광역시 남구 효우2로 70,공립,false,35.10033669,126.8841101,elem,true,data.go.kr
B000003430,가수원초등학교,7430000,서구,대전광역시서부교육지원청,대전광역시 서구 벌곡로 1359,공립,false,36.30239371,127.3530021,elem,true,data.go.kr
B000003481,구즉초등학교,7430000,유성구,대전광역시서부교육지원청,대전광역시 유성구 구룡달전로 34,공립,false,36.44098571,127.3827598,elem,true,data.go.kr
B000003475,금성초등학교,7430000,유성구,대전광역시서부교육지원청,대전광역시 유성구 신성로72번길 5,공립,false,36.38911606,127.3508683,elem,true,data.go.kr
B000003416,기성초등학교,7430000,서구,대전광역시서부교육지원청,대전광역시 서구 기성초교길 42,공립,false,36.24877151,127.3376126,elem,true,data.go.kr
B000024092,기성초등학교길헌분교장,7430000,서구,대전광역시서부교육지원청,대전광역시 서구 당고개길 48,공립,true,36.24171224,127.3163418,elem,true,data.go.kr
B000003490,남선초등학교,7430000,유성구,대전광역시서부교육지원청,대전광역시 유성구 계백로93번길 277-29,공립,false,36.28757097,127.2642395,elem,true,data.go.kr
B000003474,대덕초등학교,7430000,유성구,대전광역시서부교육지원청,대전광역시 유성구 대덕대로556번길 102,공립,false,36.38505922,127.3821059,elem,true,data.go.kr
B000024109,대덕초등학교도룡분교장,7430000,유성구,대전광역시서부교육지원청,대전광역시 유성구 엑스포로97번길 100,공립,true,36.37875664,127.3914507,elem,true,data.go.kr
B000003357,대전가양초등학교,7430000,동구,대전광역시동부교육지원청,대전광역시 동구 가양로 61,공립,false,36.34236049,127.4415665,elem,true,data.go.kr
B000003347,대전가오초등학교,7430000,동구,대전광역시동부교육지원청,대전광역시 동구 신기로 112,공립,false,36.31081251,127.4585741,elem,true,data.go.kr
B000003431,대전가장초등학교,7430000,서구,대전광역시서부교육지원청,대전광역시 서구 가장로 150,공립,false,36.3306395,127.3878689,elem,true,data.go.kr
B000003420,대전갈마초등학교,7430000,서구,대전광역시서부교육지원청,대전광역시 서구 월평동로 2,공립,false,36.35593389,127.3689949,elem,true,data.go.kr
B000003426,대전갑천초등학교,7430000,서구,대전광역시서부교육지원청,대전광역시 서구 월평동로 61,공립,false,36.36083455,127.3676845,elem,true,data.go.kr
B000003455,대전계산초등학교,7430000,유성구,대전광역시서부교육지원청,대전광역시 유성구 학하서로 74,공립,false,36.34416827,127.2994545,elem,true,data.go.kr
B000003436,대전관저초등학교,7430000,서구,대전광역시서부교육지원청,대전광역시 서구 관저동로 161,공립,false,36.30655924,127.3399115,elem,true,data.go.kr
B000003483,대전관평초등학교,7430000,유성구,대전광역시서부교육지원청,대전광역시 유성구 테크노4로 132,공립,false,36.424095,127.3871878,elem,true,data.go.kr
B000003459,대전교촌초등학교,7430000,유성구,대전광역시서부교육지원청,대전광역시 유성구 진잠로149번길 42,공립,false,36.30602189,127.3167705,elem,true,data.go.kr
B000003434,대전구봉초등학교,7430000,서구,대전광역시서부교육지원청,대전광역시 서구 관저로 75,공립,false,36.29973119,127.3300558,elem,true,data.go.kr
B000003372,대전글꽃초등학교,7430000,중구,대전광역시동부교육지원청,대전광역시 중구 계룡로918번길 97,공립,false,36.31904357,127.4103558,elem,true,data.go.kr
B000003435,대전금동초등학교,7430000,서구,대전광역시서부교육지원청,대전광역시 서구 관저로 45,공립,false,36.29821685,127.3263759,elem,true,data.go.kr
B000003421,대전내동초등학교,7430000,서구,대전광역시서부교육지원청,대전광역시 서구 동서대로1063번길 13,공립,false,36.33114635,127.3792397,elem,true,data.go.kr
B000003469,대전노은초등학교,7430000,유성구,대전광역시서부교육지원청,대전광역시 유성구 노은동로99번길 35,공립,false,36.3692032,127.3208092,elem,true,data.go.kr
B000003437,대전느리울초등학교,7430000,서구,대전광역시서부교육지원청,대전광역시 서구 관저로 196,공립,false,36.29888649,127.3442521,elem,true,data.go.kr
B000003358,대전대동초등학교,7430000,동구,대전광역시동부교육지원청,대전광역시 동구 대동초등3길 21,공립,false,36.32548999,127.4472997,elem,true,data.go.kr
B000003363,대전대룡초등학교,7430000,동구,대전광역시동부교육지원청,대전광역시 동구 백룡로 123,공립,false,36.32991361,127.4558809,elem,true,data.go.kr
B000003383,대전대문초등학교,7430000,중구,대전광역시동부교육지원청,대전광역시 중구 송리로 11,공립,false,36.30631938,127.4007346,elem,true,data.go.kr
B000003369,대전대신초등학교,7430000,중구,대전광역시동부교육지원청,대전광역시 중구 솔밭로16번길 17,공립,false,36.31562837,127.4209326,elem,true,data.go.kr
B000003350,대전대암초등학교,7430000,동구,대전광역시동부교육지원청,대전광역시 동구 동부로 55-61,공립,false,36.32365417,127.4570292,elem,true,data.go.kr
B000003397,대전대양초등학교,7430000,대덕구,대전광역시동부교육지원청,대전광역시 대덕구 송촌로 67,공립,false,36.36131158,127.4403067,elem,true,data.go.kr
B000003460,대전대정초등학교,7430000,유성구,대전광역시서부교육지원청,대전광역시 유성구 대정로28번길 55,공립,false,36.31528912,127.3232652,elem,true,data.go.kr
B000003396,대전대화초등학교,7430000,대덕구,대전광역시동부교육지원청,대전광역시 대덕구 대화로 242-36,공립,false,36.36269221,127.4113441,elem,true,data.go.kr
B000003379,대전대흥초등학교,7430000,중구,대전광역시동부교육지원청,대전광역시 중구 수도산로 12,공립,false,36.31972395,127.4259191,elem,true,data.go.kr
B000003438,대전도마초등학교,7430000,서구,대전광역시서부교육지원청,대전광역시 서구 배재로172번길 23,공립,false,36.32382273,127.3712343,elem,true,data.go.kr
B000024163,대전도솔초등학교,7430000,서구,대전광역시서부교육지원청,대전광역시 서구 원도안로 80,공립,false,36.31121399,127.3474788,elem,true,data.go.kr
B000003428,대전도안초등학교,7430000,서구,대전광역시서부교육지원청,대전광역시 서구 원도안로 200,공립,false,36.3218733,127.3444736,elem,true,data.go.kr
B000003367,대전동광초등학교,7430000,동구,대전광역시동부교육지원청,대전광역시 동구 백룡로11번길 20,공립,false,36.3373476,127.4495505,elem,true,data.go.kr
B000003413,대전동도초등학교,7430000,대덕구,대전광역시동부교육지원청,대전광역시 대덕구 한남로150번길 27,공립,false,36.34772232,127.4128475,elem,true,data.go.kr
B000003382,대전동문초등학교,7430000,중구,대전광역시동부교육지원청,대전광역시 중구 문화로 200,공립,false,36.31425764,127.4061915,elem,true,data.go.kr
B000003412,대전동산초등학교,7430000,대덕구,대전광역시동부교육지원청,대전광역시 대덕구 동산초교로63번길 50,공립,false,36.35034565,127.4210828,elem,true,data.go.kr
B000003360,대전동서초등학교,7430000,동구,대전광역시동부교육지원청,대전광역시 동구 동서대로 1522,공립,false,36.34110819,127.4225481,elem,true,data.go.kr
B000003482,대전동화초등학교,7430000,유성구,대전광역시서부교육지원청,대전광역시 유성구 관평2로 43,공립,false,36.42280063,127.3894687,elem,true,data.go.kr
B000003485,대전두리초등학교,7430000,유성구,대전광역시서부교육지원청,대전광역시 유성구 와룡로 37,공립,false,36.4292747,127.3823802,elem,true,data.go.kr
B000030750,대전둔곡초등학교,7430000,유성구,대전광역시서부교육지원청,대전광역시 유성구 과학인재4길 10,공립,false,36.45317499,127.3646394,elem,true,data.go.kr
B000003440,대전둔산초등학교,7430000,서구,대전광역시서부교육지원청,대전광역시 서구 둔산로74번길 20,공립,false,36.34992386,127.3813371,elem,true,data.go.kr
B000003419,대전둔원초등학교,7430000,서구,대전광역시서부교육지원청,대전광역시 서구 대덕대로112번길 10,공립,false,36.34309047,127.3749799,elem,true,data.go.kr
B000003443,대전둔천초등학교,7430000,서구,대전광역시서부교육지원청,대전광역시 서구 만년로 3,공립,false,36.36843991,127.3739635,elem,true,data.go.kr
B000003442,대전만년초등학교,7430000,서구,대전광역시서부교육지원청,대전광역시 서구 만년남로 14,공립,false,36.36719119,127.3772402,elem,true,data.go.kr
B000003407,대전매봉초등학교,7430000,대덕구,대전광역시동부교육지원청,대전광역시 대덕구 선비마을로 155,공립,false,36.36927029,127.4373309,elem,true,data.go.kr
B000003381,대전목동초등학교,7430000,중구,대전광역시동부교육지원청,대전광역시 중구 목중로19번길 6,공립,false,36.33576728,127.4112157,elem,true,data.go.kr
B000003403,대전목상초등학교,7430000,대덕구,대전광역시동부교육지원청,대전광역시 대덕구 대덕대로1486번길 117,공립,false,36.44563827,127.412323,elem,true,data.go.kr
B000003380,대전목양초등학교,7430000,중구,대전광역시동부교육지원청,대전광역시 중구 목동로 69,공립,false,36.33702265,127.4047107,elem,true,data.go.kr
B000003376,대전문성초등학교,7430000,중구,대전광역시동부교육지원청,대전광역시 중구 유등천동로292번길 89-14,공립,false,36.30867591,127.3908175,elem,true,data.go.kr
B000003446,대전문정초등학교,7430000,서구,대전광역시서부교육지원청,대전광역시 서구 문정로 180,공립,false,36.35037788,127.3962158,elem,true,data.go.kr
B000003387,대전문창초등학교,7430000,중구,대전광역시동부교육지원청,대전광역시 중구 문창로 55,공립,false,36.31746755,127.4329779,elem,true,data.go.kr
B000003384,대전문화초등학교,7430000,중구,대전광역시동부교육지원청,대전광역시 중구 문화로78번안길 70,공립,false,36.31171058,127.3988012,elem,true,data.go.kr
B000003456,대전반석초등학교,7430000,유성구,대전광역시서부교육지원청,대전광역시 유성구 반석동로 30,공립,false,36.39027827,127.3127636,elem,true,data.go.kr
B000003484,대전배울초등학교,7430000,유성구,대전광역시서부교육지원청,대전광역시 유성구 배울2로 8,공립,false,36.4219077,127.3841459,elem,true,data.go.kr
B000003423,대전백운초등학교,7430000,서구,대전광역시서부교육지원청,대전광역시 서구 계룡로576번길 56,공립,false,36.34084559,127.3844706,elem,true,data.go.kr
B000003374,대전버드내초등학교,7430000,중구,대전광역시동부교육지원청,대전광역시 중구 태평로 21,공립,false,36.31926246,127.3914705,elem,true,data.go.kr
B000003399,대전법동초등학교,7430000,대덕구,대전광역시동부교육지원청,대전광역시 대덕구 계족로664번길 74,공립,false,36.36958117,127.4320642,elem,true,data.go.kr
B000003422,대전변동초등학교,7430000,서구,대전광역시서부교육지원청,대전광역시 서구 유등로 373,공립,false,36.32497415,127.3856136,elem,true,data.go.kr
B000003385,대전보성초등학교,7430000,중구,대전광역시동부교육지원청,대전광역시 중구 보문산로141번길 34,공립,false,36.306690,127.3965017,elem,true,data.go.kr
B000003386,대전보운초등학교,7430000,중구,대전광역시동부교육지원청,대전광역시 중구 대종로315번길 42,공립,false,36.31468892,127.4321174,elem,true,data.go.kr
B000003445,대전복수초등학교,7430000,서구,대전광역시서부교육지원청,대전광역시 서구 복수중로34번길 29,공립,false,36.30762982,127.3775508,elem,true,data.go.kr
B000030719,대전복용초등학교,7430000,유성구,대전광역시서부교육지원청,대전광역시 유성구 상대복용로65번길 36,공립,false,36.33513337,127.3275806,elem,true,data.go.kr
B000003462,대전봉명초등학교,7430000,유성구,대전광역시서부교육지원청,대전광역시 유성구 계룡로132번길 62,공립,false,36.34960625,127.343466,elem,true,data.go.kr
B000003432,대전봉산초등학교,7430000,서구,대전광역시서부교육지원청,대전광역시 서구 신갈마로141번길 45,공립,false,36.34527951,127.3652655,elem,true,data.go.kr
B000003406,대전비래초등학교,7430000,대덕구,대전광역시동부교육지원청,대전광역시 대덕구 우암로492번길 65,공립,false,36.36158234,127.450843,elem,true,data.go.kr
B000003377,대전산성초등학교,7430000,중구,대전광역시동부교육지원청,대전광역시 중구 대둔산로 332,공립,false,36.29927134,127.3864685,elem,true,data.go.kr
B000003359,대전삼성초등학교,7430000,동구,대전광역시동부교육지원청,대전광역시 동구 대전로867번길 12,공립,false,36.33722146,127.4289562,elem,true,data.go.kr
B000003452,대전삼육초등학교,7430000,서구,대전광역시서부교육지원청,대전광역시 서구 도림1길 15,사립,false,36.31184344,127.3724191,elem,true,data.go.kr
B000003447,대전삼천초등학교,7430000,서구,대전광역시서부교육지원청,대전광역시 서구 둔산북로 232-33,공립,false,36.3543693,127.4010155,elem,true,data.go.kr
B000003465,대전상대초등학교,7430000,유성구,대전광역시서부교육지원청,대전광역시 유성구 월드컵대로 322,공립,false,36.34765435,127.3366134,elem,true,data.go.kr
B000003454,대전상원초등학교,7430000,유성구,대전광역시서부교육지원청,대전광역시 유성구 상대서로 46,공립,false,36.34239041,127.3332626,elem,true,data.go.kr
B000003471,대전상지초등학교,7430000,유성구,대전광역시서부교육지원청,대전광역시 유성구 노은동로 165,공립,false,36.37539114,127.3221702,elem,true,data.go.kr
B000024114,대전새미래초등학교,7430000,유성구,대전광역시서부교육지원청,대전광역시 유성구 지족로 168,공립,false,36.37929645,127.3031688,elem,true,data.go.kr
B000024161,대전새여울초등학교,7430000,대덕구,대전광역시동부교육지원청,대전광역시 대덕구 대덕대로 1585,공립,false,36.45171872,127.4224336,elem,true,data.go.kr
B000003429,대전샘머리초등학교,7430000,서구,대전광역시서부교육지원청,대전광역시 서구 유등로 879,공립,false,36.36339918,127.393253,elem,true,data.go.kr
B000003444,대전서부초등학교,7430000,서구,대전광역시서부교육지원청,대전광역시 서구 동서대로 968,공립,false,36.33352893,127.3692662,elem,true,data.go.kr
B000003418,대전서원초등학교,7430000,서구,대전광역시서부교육지원청,대전광역시 서구 문정로 279,공립,false,36.35962823,127.3939618,elem,true,data.go.kr
B000003388,대전석교초등학교,7430000,중구,대전광역시동부교육지원청,대전광역시 중구 대종로204번길 12,공립,false,36.30862078,127.4458211,elem,true,data.go.kr
B000003410,대전석봉초등학교,7430000,대덕구,대전광역시동부교육지원청,대전광역시 대덕구 신탄진남로 20,공립,false,36.44700334,127.4344058,elem,true,data.go.kr
B000003433,대전선암초등학교,7430000,서구,대전광역시서부교육지원청,대전광역시 서구 관저중로 61,공립,false,36.29742167,127.3340384,elem,true,data.go.kr
B000024077,대전선유초등학교,7430000,서구,대전광역시서부교육지원청,대전광역시 서구 관저남로 60,공립,false,36.29494904,127.3409504,elem,true,data.go.kr
B000003389,대전선화초등학교,7430000,중구,대전광역시동부교육지원청,대전광역시 중구 선화로 159,공립,false,36.33243772,127.4244891,elem,true,data.go.kr
B000003362,대전성남초등학교,7430000,동구,대전광역시동부교육지원청,대전광역시 동구 성남로32번길 5,공립,false,36.34394433,127.4293687,elem,true,data.go.kr
B000003449,대전성룡초등학교,7430000,서구,대전광역시서부교육지원청,대전광역시 서구 갈마역로 125,공립,false,36.36182641,127.3735786,elem,true,data.go.kr
B000003395,대전성모초등학교,7430000,중구,대전광역시동부교육지원청,대전광역시 중구 대흥로 62,사립,false,36.32246468,127.4182965,elem,true,data.go.kr
B000003448,대전성천초등학교,7430000,서구,대전광역시서부교육지원청,대전광역시 서구 갈마역로 139,공립,false,36.3631454,127.373481,elem,true,data.go.kr
B000003486,대전송강초등학교,7430000,유성구,대전광역시서부교육지원청,대전광역시 유성구 송강로42번길 6,공립,false,36.43415321,127.3838483,elem,true,data.go.kr
B000003477,대전송림초등학교,7430000,유성구,대전광역시서부교육지원청,대전광역시 유성구 노은로410번길 123-14,공립,false,36.38896814,127.3322565,elem,true,data.go.kr
B000003408,대전송촌초등학교,7430000,대덕구,대전광역시동부교육지원청,대전광역시 대덕구 동춘당로54번길 35,공립,false,36.36480366,127.444407,elem,true,data.go.kr
B000003417,대전수미초등학교,7430000,서구,대전광역시서부교육지원청,대전광역시 서구 괴곡길 42,공립,false,36.29528588,127.3615429,elem,true,data.go.kr
B000003470,대전수정초등학교,7430000,유성구,대전광역시서부교육지원청,대전광역시 유성구 노은서로 62,공립,false,36.3661982,127.3134561,elem,true,data.go.kr
B000003451,대전신계초등학교,7430000,서구,대전광역시서부교육지원청,대전광역시 서구 복수동로 26,공립,false,36.30195202,127.3780278,elem,true,data.go.kr
B000003394,대전신평초등학교,7430000,중구,대전광역시동부교육지원청,대전광역시 중구 유등천동로 478,공립,false,36.32351194,127.3889397,elem,true,data.go.kr
B000003349,대전신흥초등학교,7430000,동구,대전광역시동부교육지원청,대전광역시 동구 동대전로46번길 76,공립,false,36.32606492,127.4404883,elem,true,data.go.kr
B000003398,대전양지초등학교,7430000,대덕구,대전광역시동부교육지원청,대전광역시 대덕구 쌍청당로 45,공립,false,36.36551971,127.4337958,elem,true,data.go.kr
B000003487,대전어은초등학교,7430000,유성구,대전광역시서부교육지원청,대전광역시 유성구 농대로 46,공립,false,36.36480834,127.3542775,elem,true,data.go.kr
B000003391,대전오류초등학교,7430000,중구,대전광역시동부교육지원청,대전광역시 중구 오류로 46,공립,false,36.32503829,127.4048632,elem,true,data.go.kr
B000003371,대전옥계초등학교,7430000,중구,대전광역시동부교육지원청,대전광역시 중구 모암로 35,공립,false,36.30119915,127.449039,elem,true,data.go.kr
B000003480,대전용산초등학교,7430000,유성구,대전광역시서부교육지원청,대전광역시 유성구 배울2로 101,공립,false,36.42015397,127.3950755,elem,true,data.go.kr
B000003364,대전용운초등학교,7430000,동구,대전광역시동부교육지원청,대전광역시 동구 용운로 204,공립,false,36.32630154,127.4637479,elem,true,data.go.kr
B000003365,대전용전초등학교,7430000,동구,대전광역시동부교육지원청,대전광역시 동구 계족로505번길 49,공립,false,36.35622928,127.4303267,elem,true,data.go.kr
B000003467,대전원신흥초등학교,7430000,유성구,대전광역시서부교육지원청,대전광역시 유성구 원신흥로55번길 37,공립,false,36.34100823,127.342524,elem,true,data.go.kr
B000030576,대전원신흥초등학교복용분교장,7430000,유성구,대전광역시서부교육지원청,대전광역시 유성구 유성대로 600,공립,true,36.3471355,127.3261494,elem,true,data.go.kr
B000003425,대전원앙초등학교,7430000,서구,대전광역시서부교육지원청,대전광역시 서구 관저북로 97,공립,false,36.31153929,127.3371345,elem,true,data.go.kr
B000003373,대전원평초등학교,7430000,중구,대전광역시동부교육지원청,대전광역시 중구 계백로1615번길 46,공립,false,36.32210109,127.3997438,elem,true,data.go.kr
B000003427,대전월평초등학교,7430000,서구,대전광역시서부교육지원청,대전광역시 서구 월평서로 22,공립,false,36.35594263,127.3577698,elem,true,data.go.kr
B000003439,대전유천초등학교,7430000,서구,대전광역시서부교육지원청,대전광역시 서구 제비네6길 69,공립,false,36.315237,127.375594,elem,true,data.go.kr
B000003393,대전유평초등학교,7430000,중구,대전광역시동부교육지원청,대전광역시 중구 수침로 123,공립,false,36.3301867,127.3972544,elem,true,data.go.kr
B000003351,대전은어송초등학교,7430000,동구,대전광역시동부교육지원청,대전광역시 동구 대전로 396,공립,false,36.30255035,127.4568262,elem,true,data.go.kr
B000003366,대전자양초등학교,7430000,동구,대전광역시동부교육지원청,대전광역시 동구 계족로 184-55,공립,false,36.33390118,127.4434141,elem,true,data.go.kr
B000003458,대전자운초등학교,7430000,유성구,대전광역시서부교육지원청,대전광역시 유성구 자운로97번길 380,공립,false,36.41251496,127.3374303,elem,true,data.go.kr
B000003463,대전장대초등학교,7430000,유성구,대전광역시서부교육지원청,대전광역시 유성구 문화원로19번길 16,공립,false,36.36192355,127.3396123,elem,true,data.go.kr
B000003488,대전전민초등학교,7430000,유성구,대전광역시서부교육지원청,대전광역시 유성구 엑스포로466번길 42,공립,false,36.39876184,127.4071475,elem,true,data.go.kr
B000003450,대전정림초등학교,7430000,서구,대전광역시서부교육지원청,대전광역시 서구 정림로 32,공립,false,36.30354547,127.3665579,elem,true,data.go.kr
B000025908,대전죽동초등학교,7430000,유성구,대전광역시서부교육지원청,대전광역시 유성구 죽동로 52,공립,false,36.37040016,127.3356321,elem,true,data.go.kr
B000003405,대전중리초등학교,7430000,대덕구,대전광역시동부교육지원청,대전광역시 대덕구 중리북로 20,공립,false,36.36771955,127.4271703,elem,true,data.go.kr
B000003390,대전중앙초등학교,7430000,중구,대전광역시동부교육지원청,대전광역시 중구 선화로43번길 99,공립,false,36.33054977,127.4137675,elem,true,data.go.kr
B000003415,대전중원초등학교,7430000,대덕구,대전광역시동부교육지원청,대전광역시 대덕구 중리로64번길 45,공립,false,36.3658142,127.4280277,elem,true,data.go.kr
B000003370,대전중촌초등학교,7430000,중구,대전광역시동부교육지원청,대전광역시 중구 대종로 684,공립,false,36.341067,127.4108287,elem,true,data.go.kr
B000003472,대전지족초등학교,7430000,유성구,대전광역시서부교육지원청,대전광역시 유성구 노은서로 238,공립,false,36.38080834,127.3173106,elem,true,data.go.kr
B000003346,대전천동초등학교,7430000,동구,대전광역시동부교육지원청,대전광역시 동구 안샘로 8,공립,false,36.31636061,127.4455444,elem,true,data.go.kr
B000003424,대전탄방초등학교,7430000,서구,대전광역시서부교육지원청,대전광역시 서구 탄방로 15,공립,false,36.34604285,127.3909956,elem,true,data.go.kr
B000030865,대전탄방초등학교용문분교장,7430000,서구,대전광역시서부교육지원청,대전광역시 서구 도솔로 500,공립,true,36.34089244,127.3975004,elem,true,data.go.kr
B000003375,대전태평초등학교,7430000,중구,대전광역시동부교육지원청,대전광역시 중구 유천로 117,공립,false,36.3230373,127.3949196,elem,true,data.go.kr
B000003368,대전판암초등학교,7430000,동구,대전광역시동부교육지원청,대전광역시 동구 옥천로180번길 32,공립,false,36.31566712,127.4609049,elem,true,data.go.kr
B000003476,대전하기초등학교,7430000,유성구,대전광역시서부교육지원청,대전광역시 유성구 송림로19번길 32,공립,false,36.38863145,127.321529,elem,true,data.go.kr
B000003361,대전현암초등학교,7430000,동구,대전광역시동부교육지원청,대전광역시 동구 현암로 19,공립,false,36.34214077,127.4203915,elem,true,data.go.kr
B000030554,대전호수초등학교,7430000,서구,대전광역시서부교육지원청,대전광역시 서구 도안동로 182-20,공립,false,36.32039889,127.3502127,elem,true,data.go.kr
B000003411,대전화정초등학교,7430000,대덕구,대전광역시동부교육지원청,대전광역시 대덕구 한밭대로1024번길 20,공립,false,36.35736046,127.4119089,elem,true,data.go.kr
B000003348,대전흥룡초등학교,7430000,동구,대전광역시동부교육지원청,대전광역시 동구 동대전로256번길 21,공립,false,36.34556389,127.4479362,elem,true,data.go.kr
B000003468,덕송초등학교,7430000,유성구,대전광역시서부교육지원청,대전광역시 유성구 현충원로 265,공립,false,36.36138005,127.3025216,elem,true,data.go.kr
B000003356,동대전초등학교,7430000,동구,대전광역시동부교육지원청,대전광역시 동구 비래서로62번길 60,공립,false,36.35219362,127.4493023,elem,true,data.go.kr
B000003354,동명초등학교,7430000,동구,대전광역시동부교육지원청,대전광역시 동구 천개동로 16,공립,false,36.37434465,127.4742833,elem,true,data.go.kr
B000003479,문지초등학교,7430000,유성구,대전광역시서부교육지원청,대전광역시 유성구 전민로 41,공립,false,36.39605161,127.3993436,elem,true,data.go.kr
B000003473,봉암초등학교,7430000,유성구,대전광역시서부교육지원청,대전광역시 유성구 궁동로 21,공립,false,36.3640862,127.3477313,elem,true,data.go.kr
B000003352,산내초등학교,7430000,동구,대전광역시동부교육지원청,대전광역시 동구 산내로 1292,공립,false,36.27979819,127.470066,elem,true,data.go.kr
B000003378,산서초등학교,7430000,중구,대전광역시동부교육지원청,대전광역시 중구 남달미로 87,공립,false,36.26690214,127.4093033,elem,true,data.go.kr
B000003353,산흥초등학교,7430000,동구,대전광역시동부교육지원청,대전광역시 동구 산내로 509,공립,false,36.22919249,127.448742,elem,true,data.go.kr
B000003404,새일초등학교,7430000,대덕구,대전광역시동부교육지원청,대전광역시 대덕구 덕암로125번길 15,공립,false,36.43179073,127.4195507,elem,true,data.go.kr
B000003392,서대전초등학교,7430000,중구,대전광역시동부교육지원청,대전광역시 중구 선화로 17,공립,false,36.32680851,127.4111889,elem,true,data.go.kr
B000003355,세천초등학교,7430000,동구,대전광역시동부교육지원청,대전광역시 동구 옥천로 610-12,공립,false,36.34184828,127.4937909,elem,true,data.go.kr
B000003409,신탄진용정초등학교,7430000,대덕구,대전광역시동부교육지원청,대전광역시 대덕구 대청로 65,공립,false,36.45422272,127.4360305,elem,true,data.go.kr
B000003402,신탄진초등학교,7430000,대덕구,대전광역시동부교육지원청,대전광역시 대덕구 석봉로3번길 50,공립,false,36.44898499,127.4225035,elem,true,data.go.kr
B000003400,와동초등학교,7430000,대덕구,대전광역시동부교육지원청,대전광역시 대덕구 신탄진로 189,공립,false,36.39720601,127.4222921,elem,true,data.go.kr
B000003457,외삼초등학교,7430000,유성구,대전광역시서부교육지원청,대전광역시 유성구 반석동로 63,공립,false,36.39289818,127.3105925,elem,true,data.go.kr
B000003464,유성초등학교,7430000,유성구,대전광역시서부교육지원청,대전광역시 유성구 장대로71번길 12,공립,false,36.36259129,127.3327354,elem,true,data.go.kr
B000003401,장동초등학교,7430000,대덕구,대전광역시동부교육지원청,대전광역시 대덕구 장동로 223-37,공립,false,36.41520107,127.4357246,elem,true,data.go.kr
B000003461,진잠초등학교,7430000,유성구,대전광역시서부교육지원청,대전광역시 유성구 진잠로59번길 53,공립,false,36.29952826,127.3150857,elem,true,data.go.kr
B000003478,학하초등학교,7430000,유성구,대전광역시서부교육지원청,대전광역시 유성구 진잠옛로 165,공립,false,36.33454132,127.3118276,elem,true,data.go.kr
B000003441,한밭초등학교,7430000,서구,대전광역시서부교육지원청,대전광역시 서구 문정로 221,공립,false,36.35427285,127.3942275,elem,true,data.go.kr
B000003414,회덕초등학교,7430000,대덕구,대전광역시동부교육지원청,대전광역시 대덕구 대전로 1350,공립,false,36.37465101,127.4218295,elem,true,data.go.kr
B000003466,흥도초등학교,7430000,유성구,대전광역시서부교육지원청,대전광역시 유성구 원신흥남로 20,공립,false,36.33446649,127.3386971,elem,true,data.go.kr
B000003562,강남초등학교,7480000,남구,울산광역시강남교육지원청,울산광역시 남구 중앙로166번길 51,공립,false,35.53756861,129.3189902,elem,true,data.go.kr
B000024152,강동초등학교,7480000,북구,울산광역시강북교육지원청,울산광역시 북구 화암4길 5,공립,false,35.63135064,129.4351062,elem,true,data.go.kr
B000003569,개운초등학교,7480000,남구,울산광역시강남교육지원청,울산광역시 남구 두왕로106번길 28-6,공립,false,35.51312399,129.3120807,elem,true,data.go.kr
B000003575,격동초등학교,7480000,남구,울산광역시강남교육지원청,울산광역시 남구 문수로344번길 4,공립,false,35.5342283,129.290212,elem,true,data.go.kr
B000026351,고헌초등학교,7480000,북구,울산광역시강북교육지원청,울산광역시 북구 화동로 129,공립,false,35.60232961,129.3693047,elem,true,data.go.kr
B000003583,구영초등학교,7480000,울주군,울산광역시강남교육지원청,울산광역시 울주군 범서읍 점촌1길 10,공립,false,35.57703083,129.2388345,elem,true,data.go.kr
B000003585,굴화초등학교,7480000,울주군,울산광역시강남교육지원청,울산광역시 울주군 범서읍 굴화3길 30,공립,false,35.55368016,129.2612674,elem,true,data.go.kr
B000003521,남목초등학교,7480000,동구,울산광역시강북교육지원청,울산광역시 동구 옥류로 33,공립,false,35.54248574,129.4247502,elem,true,data.go.kr
B000003556,남산초등학교,7480000,남구,울산광역시강남교육지원청,울산광역시 남구 거마로 17,공립,false,35.53704915,129.2961437,elem,true,data.go.kr
B000003495,남외초등학교,7480000,중구,울산광역시강북교육지원청,울산광역시 중구 남외3길 40,공립,false,35.56569625,129.349081,elem,true,data.go.kr
B000003506,내황초등학교,7480000,중구,울산광역시강북교육지원청,울산광역시 중구 내황13길 53,공립,false,35.55231275,129.3489924,elem,true,data.go.kr
B000003520,녹수초등학교,7480000,동구,울산광역시강북교육지원청,울산광역시 동구 봉수로 545,공립,false,35.53085123,129.4286585,elem,true,data.go.kr
B000003538,농서초등학교,7480000,북구,울산광역시강북교육지원청,울산광역시 북구 가재길 57,공립,false,35.6316884,129.3299606,elem,true,data.go.kr
B000003546,농소초등학교,7480000,북구,울산광역시강북교육지원청,울산광역시 북구 호계로 192,공립,false,35.62135442,129.355958,elem,true,data.go.kr
B000003504,다운초등학교,7480000,중구,울산광역시강북교육지원청,울산광역시 중구 다운8길 5,공립,false,35.56180085,129.2670076,elem,true,data.go.kr
B000003505,다전초등학교,7480000,중구,울산광역시강북교육지원청,울산광역시 중구 다운로 176,공립,false,35.56772226,129.2682479,elem,true,data.go.kr
B000003573,대현초등학교,7480000,남구,울산광역시강남교육지원청,울산광역시 남구 수암로 165-3,공립,false,35.52807387,129.325617,elem,true,data.go.kr
B000003591,덕신초등학교,7480000,울주군,울산광역시강남교육지원청,울산광역시 울주군 온산읍 서영남1길 27,공립,false,35.43665968,129.3048431,elem,true,data.go.kr
B000003572,도산초등학교,7480000,남구,울산광역시강남교육지원청,울산광역시 남구 번영로54번길 25,공립,false,35.53059993,129.3332999,elem,true,data.go.kr
B000003537,동대초등학교,7480000,북구,울산광역시강북교육지원청,울산광역시 북구 신천로 36,공립,false,35.64125083,129.3497366,elem,true,data.go.kr
B000003561,동백초등학교,7480000,남구,울산광역시강남교육지원청,울산광역시 남구 신정로 6,공립,false,35.53295963,129.3238449,elem,true,data.go.kr
B000003511,동부초등학교,7480000,동구,울산광역시강북교육지원청,울산광역시 동구 남목13길 23,공립,false,35.54490419,129.4272227,elem,true,data.go.kr
B000003539,동천초등학교,7480000,북구,울산광역시강북교육지원청,울산광역시 북구 고래로 26,공립,false,35.63168139,129.3413562,elem,true,data.go.kr
B000003560,동평초등학교,7480000,남구,울산광역시강남교육지원청,울산광역시 남구 도산로77번길 13-14,공립,false,35.53316109,129.325929,elem,true,data.go.kr
B000003600,두동초등학교,7480000,울주군,울산광역시강남교육지원청,울산광역시 울주군 두동면 대밀길 29,공립,false,35.6549402,129.201841,elem,true,data.go.kr
B000003599,두서초등학교,7480000,울주군,울산광역시강남교육지원청,울산광역시 울주군 두서면 인보로 87,공립,false,35.64289581,129.1578825,elem,true,data.go.kr
B000026561,두왕초등학교,7480000,남구,울산광역시강남교육지원청,울산광역시 남구 테크노산업로82번길 17,공립,false,35.51391445,129.2937934,elem,true,data.go.kr
B000003535,매곡초등학교,7480000,북구,울산광역시강북교육지원청,울산광역시 북구 매곡1로 49,공립,false,35.64415277,129.350233,elem,true,data.go.kr
B000003536,매산초등학교,7480000,북구,울산광역시강북교육지원청,울산광역시 북구 매산로 53,공립,false,35.64418712,129.3605747,elem,true,data.go.kr
B000003523,명덕초등학교,7480000,동구,울산광역시강북교육지원청,울산광역시 동구 진성14길 15,공립,false,35.50594478,129.4245916,elem,true,data.go.kr
B000003607,명산초등학교,7480000,울주군,울산광역시강남교육지원청,울산광역시 울주군 서생면 화산발리로 60,공립,false,35.35107394,129.2961501,elem,true,data.go.kr
B000003509,명정초등학교,7480000,중구,울산광역시강북교육지원청,울산광역시 중구 명난로 115,공립,false,35.55279059,129.2892708,elem,true,data.go.kr
B000003534,명촌초등학교,7480000,북구,울산광역시강북교육지원청,울산광역시 북구 명촌10길 11,공립,false,35.55318869,129.3563671,elem,true,data.go.kr
B000003584,무거초등학교,7480000,울주군,울산광역시강남교육지원청,울산광역시 울주군 범서읍 장검1길 46,공립,false,35.55242318,129.2527458,elem,true,data.go.kr
B000003503,무룡초등학교,7480000,중구,울산광역시강북교육지원청,울산광역시 중구 약사로 50,공립,false,35.57012954,129.3346834,elem,true,data.go.kr
B000003602,문수초등학교,7480000,울주군,울산광역시강남교육지원청,울산광역시 울주군 청량읍 청송길 8,공립,false,35.51887681,129.2406303,elem,true,data.go.kr
B000003518,문현초등학교,7480000,동구,울산광역시강북교육지원청,울산광역시 동구 꽃바위6길 25,공립,false,35.48083486,129.4139603,elem,true,data.go.kr
B000003522,미포초등학교,7480000,동구,울산광역시강북교육지원청,울산광역시 동구 진성15길 35,공립,false,35.50637511,129.421839,elem,true,data.go.kr
B000003578,반곡초등학교,7480000,울주군,울산광역시강남교육지원청,울산광역시 울주군 언양읍 언동3길 42-3,공립,false,35.60327597,129.141163,elem,true,data.go.kr
B000003579,반천초등학교,7480000,울주군,울산광역시강남교육지원청,울산광역시 울주군 언양읍 샘소3길 19,공립,false,35.55642898,129.1831333,elem,true,data.go.kr
B000003594,방기초등학교,7480000,울주군,울산광역시강남교육지원청,울산광역시 울주군 삼남읍 하방로 56,공립,false,35.50704614,129.0930186,elem,true,data.go.kr
B000003517,방어진초등학교,7480000,동구,울산광역시강북교육지원청,울산광역시 동구 꽃바위로 341,공립,false,35.48672963,129.4243191,elem,true,data.go.kr
B000003498,백양초등학교,7480000,중구,울산광역시강북교육지원청,울산광역시 중구 성안8길 10-5,공립,false,35.57701205,129.320199,elem,true,data.go.kr
B000003567,백합초등학교,7480000,남구,울산광역시강남교육지원청,울산광역시 남구 돋질로339번길 16,공립,false,35.54509915,129.3436602,elem,true,data.go.kr
B000003587,범서초등학교,7480000,울주군,울산광역시강남교육지원청,울산광역시 울주군 범서읍 천상1길 7,공립,false,35.56462175,129.2307174,elem,true,data.go.kr
B000003496,병영초등학교,7480000,중구,울산광역시강북교육지원청,울산광역시 중구 병영성13길 2,공립,false,35.57499028,129.3454467,elem,true,data.go.kr
B000024147,복산초등학교,7480000,중구,울산광역시강북교육지원청,울산광역시 중구 복산6길 7,공립,false,35.56032899,129.3257139,elem,true,data.go.kr
B000026025,삼남초등학교,7480000,울주군,울산광역시강남교육지원청,울산광역시 울주군 삼남읍 울산역2길 43,공립,false,35.55551997,129.1269831,elem,true,data.go.kr
B000003609,삼동초등학교,7480000,울주군,울산광역시강남교육지원청,울산광역시 울주군 삼동면 삼동로 788,공립,false,35.52353367,129.1588322,elem,true,data.go.kr
B000003549,삼산초등학교,7480000,남구,울산광역시강남교육지원청,울산광역시 남구 남중로108번길 19,공립,false,35.54456488,129.3498489,elem,true,data.go.kr
B000003566,삼신초등학교,7480000,남구,울산광역시강남교육지원청,울산광역시 남구 돋질로251번길 25,공립,false,35.54584239,129.3307945,elem,true,data.go.kr
B000003497,삼일초등학교,7480000,중구,울산광역시강북교육지원청,울산광역시 중구 동천5길 18-9,공립,false,35.58217637,129.345525,elem,true,data.go.kr
B000003603,삼정초등학교,7480000,울주군,울산광역시강남교육지원청,울산광역시 울주군 청량읍 삼정로 36,공립,false,35.49094514,129.2337284,elem,true,data.go.kr
B000003589,삼평초등학교,7480000,울주군,울산광역시강남교육지원청,울산광역시 울주군 온산읍 삼평길 200,공립,false,35.40633964,129.3229183,elem,true,data.go.kr
B000003563,삼호초등학교,7480000,남구,울산광역시강남교육지원청,울산광역시 남구 북부순환도로19번길 8,공립,false,35.55268945,129.2642758,elem,true,data.go.kr
B000026016,상북초등학교,7480000,울주군,울산광역시강남교육지원청,울산광역시 울주군 상북면 도동신리로 35,공립,false,35.59214476,129.0931271,elem,true,data.go.kr
B000003611,상북초등학교소호분교장,7480000,울주군,울산광역시강남교육지원청,울산광역시 울주군 상북면 소호당리길 1,공립,true,35.67074567,129.0860696,elem,true,data.go.kr
B000003540,상안초등학교,7480000,북구,울산광역시강북교육지원청,울산광역시 북구 천곡남로 59,공립,false,35.63415668,129.3340704,elem,true,data.go.kr
B000003526,상진초등학교,7480000,동구,울산광역시강북교육지원청,울산광역시 동구 봉수로 50,공립,false,35.49154319,129.4187592,elem,true,data.go.kr
B000003513,서부초등학교,7480000,동구,울산광역시강북교육지원청,울산광역시 동구 봉수로 457,공립,false,35.5259167,129.422805,elem,true,data.go.kr
B000024144,서사초등학교,7480000,울주군,울산광역시강남교육지원청,울산광역시 울주군 범서읍 서사리 265-3,공립,false,35.59249641,129.2718855,elem,true,data.go.kr
B000003608,서생초등학교,7480000,울주군,울산광역시강남교육지원청,울산광역시 울주군 서생면 덕골재길 50,공립,false,35.35403352,129.3255538,elem,true,data.go.kr
B000003568,선암초등학교,7480000,남구,울산광역시강남교육지원청,울산광역시 남구 산업로325번길 4,공립,false,35.51442991,129.3372048,elem,true,data.go.kr
B000003606,성동초등학교,7480000,울주군,울산광역시강남교육지원청,울산광역시 울주군 서생면 진하길 7,공립,false,35.3855504,129.3415755,elem,true,data.go.kr
B000003499,성안초등학교,7480000,중구,울산광역시강북교육지원청,울산광역시 중구 함월14길 19,공립,false,35.57656119,129.3124344,elem,true,data.go.kr
B000003529,송정초등학교,7480000,북구,울산광역시강북교육지원청,울산광역시 북구 상방로 75,공립,false,35.5914569,129.3658412,elem,true,data.go.kr
B000003571,수암초등학교,7480000,남구,울산광역시강남교육지원청,울산광역시 남구 중앙로 47,공립,false,35.52570208,129.3166257,elem,true,data.go.kr
B000003558,신복초등학교,7480000,남구,울산광역시강남교육지원청,울산광역시 남구 신복로 74,공립,false,35.55026991,129.2539634,elem,true,data.go.kr
B000003547,신정초등학교,7480000,남구,울산광역시강남교육지원청,울산광역시 남구 봉월로67번길 16,공립,false,35.53900091,129.3039703,elem,true,data.go.kr
B000003542,신천초등학교,7480000,북구,울산광역시강북교육지원청,울산광역시 북구 호계로 349-7,공립,false,35.63377213,129.3473276,elem,true,data.go.kr
B000003553,야음초등학교,7480000,남구,울산광역시강남교육지원청,울산광역시 남구 산업로355번길 111,공립,false,35.52049338,129.3302898,elem,true,data.go.kr
B000003502,약사초등학교,7480000,중구,울산광역시강북교육지원청,울산광역시 중구 화합로 478,공립,false,35.56739903,129.3347949,elem,true,data.go.kr
B000030420,약수초등학교,7480000,북구,울산광역시강북교육지원청,울산광역시 북구 중산10길 1,공립,false,35.65475125,129.3532173,elem,true,data.go.kr
B000003493,양사초등학교,7480000,중구,울산광역시강북교육지원청,울산광역시 중구 장춘로 95,공립,false,35.55754205,129.3186818,elem,true,data.go.kr
B000003515,양지초등학교,7480000,동구,울산광역시강북교육지원청,울산광역시 동구 양지6길 33,공립,false,35.49730567,129.4212233,elem,true,data.go.kr
B000026015,언양초등학교,7480000,울주군,울산광역시강남교육지원청,울산광역시 울주군 언양읍 북문8길 49,공립,false,35.57233733,129.1259078,elem,true,data.go.kr
B000003552,여천초등학교,7480000,남구,울산광역시강남교육지원청,울산광역시 남구 여천로 31,공립,false,35.52442159,129.3372696,elem,true,data.go.kr
B000003532,연암초등학교,7480000,북구,울산광역시강북교육지원청,울산광역시 북구 두부곡4길 35,공립,false,35.58630376,129.3692758,elem,true,data.go.kr
B000003527,염포초등학교,7480000,북구,울산광역시강북교육지원청,울산광역시 북구 염포로 667,공립,false,35.53321949,129.3911747,elem,true,data.go.kr
B000003580,영화초등학교,7480000,울주군,울산광역시강남교육지원청,울산광역시 울주군 언양읍 방천9길 33,공립,false,35.56721809,129.1157717,elem,true,data.go.kr
B000003574,옥동초등학교,7480000,남구,울산광역시강남교육지원청,울산광역시 남구 문수로 401,공립,false,35.53524504,129.2964217,elem,true,data.go.kr
B000003564,옥산초등학교,7480000,남구,울산광역시강남교육지원청,울산광역시 남구 옥현로60번길 7,공립,false,35.54188449,129.2627942,elem,true,data.go.kr
B000003557,옥서초등학교,7480000,남구,울산광역시강남교육지원청,울산광역시 남구 법대로14번길 19,공립,false,35.53835138,129.2861877,elem,true,data.go.kr
B000003491,옥성초등학교,7480000,중구,울산광역시강북교육지원청,울산광역시 중구 옥교11길 50,공립,false,35.5529807,129.3345835,elem,true,data.go.kr
B000003559,옥현초등학교,7480000,남구,울산광역시강남교육지원청,울산광역시 남구 눌재로 21,공립,false,35.54982416,129.2777735,elem,true,data.go.kr
B000003593,온남초등학교,7480000,울주군,울산광역시강남교육지원청,울산광역시 울주군 온양읍 화산발리로 734,공립,false,35.40595715,129.2886376,elem,true,data.go.kr
B000003590,온산초등학교,7480000,울주군,울산광역시강남교육지원청,울산광역시 울주군 온산읍 신온9길 16,공립,false,35.42841273,129.3144727,elem,true,data.go.kr
B000003592,온양초등학교,7480000,울주군,울산광역시강남교육지원청,울산광역시 울주군 온양읍 남창1길 32,공립,false,35.41785401,129.2800889,elem,true,data.go.kr
B000025143,외솔초등학교,7480000,중구,울산광역시강북교육지원청,울산광역시 중구 종가로 700,공립,false,35.58367236,129.3426444,elem,true,data.go.kr
B000003551,용연초등학교,7480000,남구,울산광역시강남교육지원청,울산광역시 남구 야음로26번길 7,공립,false,35.52517244,129.324370,elem,true,data.go.kr
B000003508,우정초등학교,7480000,중구,울산광역시강북교육지원청,울산광역시 중구 평동길 40,공립,false,35.55922535,129.3073432,elem,true,data.go.kr
B000003554,울산남부초등학교,7480000,남구,울산광역시강남교육지원청,울산광역시 남구 야음로 11,공립,false,35.52344629,129.321643,elem,true,data.go.kr
B000003533,울산양정초등학교,7480000,북구,울산광역시강북교육지원청,울산광역시 북구 양정2길 11,공립,false,35.54557514,129.3866879,elem,true,data.go.kr
B000003548,울산중앙초등학교,7480000,남구,울산광역시강남교육지원청,울산광역시 남구 돋질로91번길 34,공립,false,35.54114344,129.3155287,elem,true,data.go.kr
B000025129,울산초등학교,7480000,중구,울산광역시강북교육지원청,울산광역시 중구 종가5길 30,공립,false,35.562033,129.2993652,elem,true,data.go.kr
B000030827,울산효문초등학교,7480000,북구,울산광역시강북교육지원청,울산광역시 북구 율동로 50,공립,false,35.56051208,129.3797503,elem,true,data.go.kr
B000003581,울주명지초등학교,7480000,울주군,울산광역시강남교육지원청,울산광역시 울주군 범서읍 점촌4길 17,공립,false,35.57251842,129.2380043,elem,true,data.go.kr
B000003605,웅촌초등학교,7480000,울주군,울산광역시강남교육지원청,울산광역시 울주군 웅촌면 곡천검단로 4,공립,false,35.46393367,129.2077164,elem,true,data.go.kr
B000003565,월계초등학교,7480000,남구,울산광역시강남교육지원청,울산광역시 남구 옥현로 12,공립,false,35.53866731,129.2580704,elem,true,data.go.kr
B000003576,월봉초등학교,7480000,남구,울산광역시강남교육지원청,울산광역시 남구 팔등로115번길 10,공립,false,35.5480784,129.3188594,elem,true,data.go.kr
B000003570,월평초등학교,7480000,남구,울산광역시강남교육지원청,울산광역시 남구 신남로95번길 15,공립,false,35.52977579,129.3121454,elem,true,data.go.kr
B000026652,은월초등학교,7480000,북구,울산광역시강북교육지원청,울산광역시 북구 당수골23길 7,공립,false,35.63461073,129.3647526,elem,true,data.go.kr
B000003543,이화초등학교,7480000,북구,울산광역시강북교육지원청,울산광역시 북구 화정4길 40,공립,false,35.66117868,129.344286,elem,true,data.go.kr
B000003524,일산초등학교,7480000,동구,울산광역시강북교육지원청,울산광역시 동구 진성12길 11,공립,false,35.50495501,129.4253291,elem,true,data.go.kr
B000003555,장생포초등학교,7480000,남구,울산광역시강남교육지원청,울산광역시 남구 장생포고래로125번길 5,공립,false,35.50371089,129.3679216,elem,true,data.go.kr
B000003525,전하초등학교,7480000,동구,울산광역시강북교육지원청,울산광역시 동구 바드래길 55,공립,false,35.51544857,129.4277996,elem,true,data.go.kr
B000003514,주전초등학교,7480000,동구,울산광역시강북교육지원청,울산광역시 동구 동해안로 575,공립,false,35.55800571,129.4568655,elem,true,data.go.kr
B000003595,중남초등학교,7480000,울주군,울산광역시강남교육지원청,울산광역시 울주군 삼남읍 사촌신복로 572,공립,false,35.53622279,129.1085658,elem,true,data.go.kr
B000026319,중산초등학교,7480000,북구,울산광역시강북교육지원청,울산광역시 북구 신기18길 22,공립,false,35.649480,129.352816,elem,true,data.go.kr
B000003586,척과초등학교,7480000,울주군,울산광역시강남교육지원청,울산광역시 울주군 범서읍 갈매정길 16,공립,false,35.61522333,129.2752335,elem,true,data.go.kr
B000003541,천곡초등학교,7480000,북구,울산광역시강북교육지원청,울산광역시 북구 천곡길 138,공립,false,35.63966105,129.3294745,elem,true,data.go.kr
B000003588,천상초등학교,7480000,울주군,울산광역시강남교육지원청,울산광역시 울주군 범서읍 천상7길 28,공립,false,35.56051496,129.2216404,elem,true,data.go.kr
B000003601,청량초등학교,7480000,울주군,울산광역시강남교육지원청,울산광역시 울주군 청량읍 덕정5길 14,공립,false,35.48640328,129.2981532,elem,true,data.go.kr
B000003550,청솔초등학교,7480000,남구,울산광역시강남교육지원청,울산광역시 남구 삼산로94번길 20,공립,false,35.5331122,129.3178478,elem,true,data.go.kr
B000003500,태화초등학교,7480000,중구,울산광역시강북교육지원청,울산광역시 중구 평동길 25,공립,false,35.55892726,129.3060263,elem,true,data.go.kr
B000003501,평산초등학교,7480000,중구,울산광역시강북교육지원청,울산광역시 중구 평산로 25,공립,false,35.5691406,129.3379007,elem,true,data.go.kr
B000003494,학성초등학교,7480000,중구,울산광역시강북교육지원청,울산광역시 중구 해오름1길 15,공립,false,35.55959985,129.342630,elem,true,data.go.kr
B000003510,함월초등학교,7480000,중구,울산광역시강북교육지원청,울산광역시 중구 학성1길 25,공립,false,35.55901093,129.3291914,elem,true,data.go.kr
B000003545,호계초등학교,7480000,북구,울산광역시강북교육지원청,울산광역시 북구 동대13길 20,공립,false,35.62997804,129.3565489,elem,true,data.go.kr
B000003582,호연초등학교,7480000,울주군,울산광역시강남교육지원청,울산광역시 울주군 범서읍 대리로 75,공립,false,35.56880775,129.2498707,elem,true,data.go.kr
B000003530,화봉초등학교,7480000,북구,울산광역시강북교육지원청,울산광역시 북구 화산로 42,공립,false,35.59580651,129.3675358,elem,true,data.go.kr
B000003519,화암초등학교,7480000,동구,울산광역시강북교육지원청,울산광역시 동구 화문로 55,공립,false,35.48414502,129.415596,elem,true,data.go.kr
B000003516,화정초등학교,7480000,동구,울산광역시강북교육지원청,울산광역시 동구 대송9길 55,공립,false,35.5017302,129.4203999646,elem,true,data.go.kr
B000003512,화진초등학교,7480000,동구,울산광역시강북교육지원청,울산광역시 동구 방어진순환도로 543,공립,false,35.49144778,129.4254884,elem,true,data.go.kr
B000004576,가곡초등학교,7530000,남양주시,경기도구리남양주교육지원청,경기도 남양주시 화도읍 비룡로379번길 3,공립,false,37.68437154,127.3052128,elem,true,data.go.kr
B000004444,가남초등학교,7530000,여주시,경기도여주교육지원청,경기도 여주시 가남읍 태평4길 2,공립,false,37.20528811,127.5475999,elem,true,data.go.kr
B000004750,가납초등학교,7530000,양주시,경기도동두천양주교육지원청,경기도 양주시 광적면 부흥로 793,공립,false,37.81939865,126.9824246,elem,true,data.go.kr
B000023745,가내초등학교,7530000,평택시,경기도평택교육지원청,경기도 평택시 비전2로 265,공립,false,37.00669873,127.1143615,elem,true,data.go.kr
B000004646,가능초등학교,7530000,의정부시,경기도의정부교육지원청,경기도 의정부시 의정로140번길 15,공립,false,37.74648346,127.0358337,elem,true,data.go.kr
B000004555,가람초등학교,7530000,고양시,경기도고양교육지원청,경기도 고양시 덕양구 행신로311번길 78,공립,false,37.62371945,126.8422244,elem,true,data.go.kr
B000004264,가림초등학교,7530000,광명시,경기도광명교육지원청,경기도 광명시 금당로 11-7,공립,false,37.45855007,126.8789116,elem,true,data.go.kr
B000004146,가사초등학교,7530000,평택시,경기도평택교육지원청,경기도 평택시 현덕면 기산2길 16,공립,false,36.93849441,126.9171847,elem,true,data.go.kr
B000004769,가산초등학교,7530000,포천시,경기도포천교육지원청,경기도 포천시 가산면 가산로309번길 25,공립,false,37.84722928,127.1862107,elem,true,data.go.kr
B000004244,가수초등학교,7530000,오산시,경기도화성오산교육지원청,경기도 오산시 가수로 50,공립,false,37.1481039,127.0479561,elem,true,data.go.kr
B000004613,가양초등학교,7530000,남양주시,경기도구리남양주교육지원청,경기도 남양주시 수동면 비룡로1243번길 7,공립,false,37.73302813,127.2934794,elem,true,data.go.kr
B000004685,가온초등학교,7530000,파주시,경기도파주교육지원청,경기도 파주시 가온로 134,공립,false,37.72068103,126.7472802,elem,true,data.go.kr
B000004558,가운초등학교,7530000,남양주시,경기도구리남양주교육지원청,경기도 남양주시 가운로2길 54,공립,false,37.600570,127.1558101,elem,true,data.go.kr
B000023976,가재초등학교,7530000,평택시,경기도평택교육지원청,경기도 평택시 가재3로 15,공립,false,37.04342996,127.077527,elem,true,data.go.kr
B000004508,가좌초등학교,7530000,고양시,경기도고양교육지원청,경기도 고양시 일산서구 가좌2로 31,공립,false,37.6884818,126.7213641,elem,true,data.go.kr
B000004791,가평마장초등학교,7530000,가평군,경기도가평교육지원청,경기도 가평군 가평읍 각담말길 15,공립,false,37.85997251,127.5142923,elem,true,data.go.kr
B000004792,가평초등학교,7530000,가평군,경기도가평교육지원청,경기도 가평군 가평읍 향교로 23,공립,false,37.83081328,127.5072897,elem,true,data.go.kr
B000004324,가현초등학교,7530000,김포시,경기도김포교육지원청,경기도 김포시 김포한강2로 83,공립,false,37.63807828,126.6740076,elem,true,data.go.kr
B000003909,각골초등학교,7530000,안산시,경기도안산교육지원청,경기도 안산시 상록구 석호로 384,공립,false,37.29261701,126.8730215,elem,true,data.go.kr
B000003951,갈곡초등학교,7530000,용인시,경기도용인교육지원청,경기도 용인시 기흥구 강남동로 61,공립,false,37.2712833,127.1332521,elem,true,data.go.kr
B000004156,갈곶초등학교,7530000,평택시,경기도평택교육지원청,경기도 평택시 진위면 엘지로 57,공립,false,37.12562853,127.072031,elem,true,data.go.kr
B000004192,갈담초등학교,7530000,화성시,경기도화성오산교육지원청,경기도 화성시 효행구 봉담읍 갈담초교길 24,공립,false,37.1750024981,126.932909,elem,true,data.go.kr
B000004628,갈매초등학교,7530000,구리시,경기도구리남양주교육지원청,경기도 구리시 갈매중앙로 40,공립,false,37.62842767,127.116054,elem,true,data.go.kr
B000004065,갈뫼초등학교,7530000,의왕시,경기도군포의왕교육지원청,경기도 의왕시 갈미로 27,공립,false,37.37679311,126.9722114,elem,true,data.go.kr
B000004200,갈천초등학교,7530000,화성시,경기도화성오산교육지원청,경기도 화성시 만세구 향남읍 발안로 701-23,공립,false,37.12724576,126.9804858,elem,true,data.go.kr
B000004700,갈현초등학교,7530000,파주시,경기도파주교육지원청,경기도 파주시 탄현면 평화로591번길 76,공립,false,37.77206767,126.7168235,elem,true,data.go.kr
B000023062,감일초등학교,7530000,하남시,경기도광주하남교육지원청,경기도 하남시 감일백제로 45,공립,false,37.50023416,127.1620609,elem,true,data.go.kr
B000004325,감정초등학교,7530000,김포시,경기도김포교육지원청,경기도 김포시 중봉로 11,공립,false,37.62348161,126.6953312,elem,true,data.go.kr
B000004471,강상초등학교,7530000,양평군,경기도양평교육지원청,경기도 양평군 강상면 신화길 86,공립,false,37.4739284,127.479829,elem,true,data.go.kr
B000004505,강선초등학교,7530000,고양시,경기도고양교육지원청,경기도 고양시 일산서구 강선로 77,공립,false,37.67122823,126.7646257,elem,true,data.go.kr
B000004442,강천초등학교,7530000,여주시,경기도여주교육지원청,경기도 여주시 강천면 간매3길 31,공립,false,37.26902312,127.7204304,elem,true,data.go.kr
B000004473,강하초등학교,7530000,양평군,경기도양평교육지원청,경기도 양평군 강하면 운심길 33,공립,false,37.4965551,127.4098739,elem,true,data.go.kr
B000004353,개곡초등학교,7530000,김포시,경기도김포교육지원청,경기도 김포시 월곶면 애기봉로 445,공립,false,37.73203072,126.5936414,elem,true,data.go.kr
B000004470,개군초등학교,7530000,양평군,경기도양평교육지원청,경기도 양평군 개군면 자진개1길 23,공립,false,37.42795398,127.5343465,elem,true,data.go.kr
B000004408,개산초등학교,7530000,안성시,경기도안성교육지원청,경기도 안성시 금광면 외개산길 42,공립,false,36.98447505,127.3020178,elem,true,data.go.kr
B000004403,개정초등학교,7530000,안성시,경기도안성교육지원청,경기도 안성시 미양면 미양로 72,공립,false,36.96072459,127.1886537,elem,true,data.go.kr
B000004623,건원초등학교,7530000,구리시,경기도구리남양주교육지원청,경기도 구리시 동구릉로66번길 80,공립,false,37.60405868,127.1375785,elem,true,data.go.kr
B000004326,걸포초등학교,7530000,김포시,경기도김포교육지원청,경기도 김포시 걸포로 22,공립,false,37.63359202,126.7075547,elem,true,data.go.kr
B000003735,검단초등학교,7530000,성남시,경기도성남교육지원청,경기도 성남시 중원구 원터로 25,공립,false,37.42948258,127.144034,elem,true,data.go.kr
B000004100,검바위초등학교,7530000,시흥시,경기도시흥교육지원청,경기도 시흥시 수인로3247번길 59,공립,false,37.43267508,126.799004,elem,true,data.go.kr
B000004663,검산초등학교,7530000,파주시,경기도파주교육지원청,경기도 파주시 검산로 10,공립,false,37.77641218,126.7386514,elem,true,data.go.kr
B000004283,경안초등학교,7530000,광주시,경기도광주하남교육지원청,경기도 광주시 경안로 163,공립,false,37.41151696,127.2477647,elem,true,data.go.kr
B000004654,경의초등학교,7530000,의정부시,경기도의정부교육지원청,경기도 의정부시 경의로 135,공립,false,37.73419501,127.0511033,elem,true,data.go.kr
B000003921,경일초등학교,7530000,안산시,경기도안산교육지원청,경기도 안산시 상록구 성포로 47,공립,false,37.32421145,126.8476819,elem,true,data.go.kr
B000003805,계남초등학교,7530000,부천시,경기도부천교육지원청,경기도 부천시 원미구 조마루로 255,공립,false,37.49897618,126.7721066,elem,true,data.go.kr
B000004136,계성초등학교,7530000,평택시,경기도평택교육지원청,경기도 평택시 팽성읍 계성새싹길 85,공립,false,36.94241634,127.0082854,elem,true,data.go.kr
B000004074,계수초등학교,7530000,시흥시,경기도시흥교육지원청,경기도 시흥시 계수로 203,공립,false,37.45317101,126.8205729,elem,true,data.go.kr
B000003811,고강초등학교,7530000,부천시,경기도부천교육지원청,경기도 부천시 오정구 역곡로482번길 57,공립,false,37.52727037,126.820188,elem,true,data.go.kr
B000003976,고기초등학교,7530000,용인시,경기도용인교육지원청,경기도 용인시 수지구 고기로 385,공립,false,37.35884705,127.066072,elem,true,data.go.kr
B000027547,고덕초등학교,7530000,평택시,경기도평택교육지원청,경기도 평택시 함박산로 161,공립,false,37.04111167,127.0288105,elem,true,data.go.kr
B000027539,고덕함박초등학교,7530000,평택시,경기도평택교육지원청,경기도 평택시 고덕국제5로 80,공립,false,37.03280302,127.0320831,elem,true,data.go.kr
B000003810,고리울초등학교,7530000,부천시,경기도부천교육지원청,경기도 부천시 오정구 고리울로 93,공립,false,37.52724793,126.8271472,elem,true,data.go.kr
B000004007,고림초등학교,7530000,용인시,경기도용인교육지원청,경기도 용인시 처인구 한터로152번길 22,공립,false,37.24741981,127.2270745,elem,true,data.go.kr
B000004496,고봉초등학교,7530000,고양시,경기도고양교육지원청,경기도 고양시 일산동구 중산로 280,공립,false,37.69613944,126.7826205,elem,true,data.go.kr
B000022649,고산별빛초등학교,7530000,광주시,경기도광주하남교육지원청,경기도 광주시 고산별빛로 6,공립,false,37.37183381,127.2228583,elem,true,data.go.kr
B000030557,고산초등학교,7530000,의정부시,경기도의정부교육지원청,경기도 의정부시 문화로 41,공립,false,37.72628835,127.1070433,elem,true,data.go.kr
B000022648,고산하늘초등학교,7530000,광주시,경기도광주하남교육지원청,경기도 광주시 태성3로 26,공립,false,37.37404599,127.2293656,elem,true,data.go.kr
B000004420,고삼초등학교,7530000,안성시,경기도안성교육지원청,경기도 안성시 고삼면 고삼호수로 37,공립,false,37.08269616,127.2645138,elem,true,data.go.kr
B000003649,고색초등학교,7530000,수원시,경기도수원교육지원청,경기도 수원시 권선구 매송고색로 681,공립,false,37.25156123,126.9783835,elem,true,data.go.kr
B000004736,고암초등학교,7530000,양주시,경기도동두천양주교육지원청,경기도 양주시 고암길 320,공립,false,37.83516678,127.0681674,elem,true,data.go.kr
B000004550,고양관산초등학교,7530000,고양시,경기도고양교육지원청,경기도 고양시 덕양구 통일로726번길 130,공립,false,37.69212325,126.8665469,elem,true,data.go.kr
B000022539,고양동산초등학교,7530000,고양시,경기도고양교육지원청,경기도 고양시 덕양구 동세로 32,공립,false,37.64638623,126.8865118,elem,true,data.go.kr
B000004482,고양백석초등학교,7530000,고양시,경기도고양교육지원청,경기도 고양시 일산동구 강촌로 140,공립,false,37.65213917,126.7890577,elem,true,data.go.kr
B000004520,고양신일초등학교,7530000,고양시,경기도고양교육지원청,경기도 고양시 일산서구 강선로 183,공립,false,37.67954962,126.7708302,elem,true,data.go.kr
B000022547,고양오금초등학교,7530000,고양시,경기도고양교육지원청,경기도 고양시 덕양구 오금1로 10,공립,false,37.66269202,126.8952556,elem,true,data.go.kr
B000004534,고양용현초등학교,7530000,고양시,경기도고양교육지원청,경기도 고양시 덕양구 화신로 21,공립,false,37.61517772,126.8382259,elem,true,data.go.kr
B000030541,고양장항초등학교,7530000,고양시,경기도고양교육지원청,경기도 고양시 일산동구 장항한강5로 60,공립,false,37.64860182,126.7542941,elem,true,data.go.kr
B000004546,고양초등학교,7530000,고양시,경기도고양교육지원청,경기도 고양시 덕양구 혜음로13번길 22-7,공립,false,37.70312414,126.899631,elem,true,data.go.kr
B000004511,고양한내초등학교,7530000,고양시,경기도고양교육지원청,경기도 고양시 일산서구 고양대로255번길 27,공립,false,37.66870419,126.7354821,elem,true,data.go.kr
B000004542,고양화수초등학교,7530000,고양시,경기도고양교육지원청,경기도 고양시 덕양구 화수로 25,공립,false,37.64537919,126.8327312,elem,true,data.go.kr
B000004544,고양화정초등학교,7530000,고양시,경기도고양교육지원청,경기도 고양시 덕양구 화신로 333,공립,false,37.63400605,126.826111,elem,true,data.go.kr
B000003891,고잔초등학교,7530000,안산시,경기도안산교육지원청,경기도 안산시 단원구 적금로 182,공립,false,37.3250803,126.827359,elem,true,data.go.kr
B000004216,고정초등학교,7530000,화성시,경기도화성오산교육지원청,경기도 화성시 만세구 송산면 공룡로 326,공립,false,37.2381396766,126.7382914653,elem,true,data.go.kr
B000025644,고진초등학교,7530000,용인시,경기도용인교육지원청,경기도 용인시 처인구 고림로 165-1,공립,false,37.24732778,127.2184361,elem,true,data.go.kr
B000004331,고창초등학교,7530000,김포시,경기도김포교육지원청,경기도 김포시 김포한강1로98번길 35,공립,false,37.64594685,126.672551,elem,true,data.go.kr
B000004067,고천초등학교,7530000,의왕시,경기도군포의왕교육지원청,경기도 의왕시 효행로 10,공립,false,37.3489678,126.9756357,elem,true,data.go.kr
B000004338,고촌초등학교,7530000,김포시,경기도김포교육지원청,경기도 김포시 고촌읍 신곡로29번길 30,공립,false,37.60612099,126.7733694,elem,true,data.go.kr
B000003648,고현초등학교,7530000,수원시,경기도수원교육지원청,경기도 수원시 권선구 고현로 12,공립,false,37.24914159,126.9881439,elem,true,data.go.kr
B000004058,곡란초등학교,7530000,군포시,경기도군포의왕교육지원청,경기도 군포시 고산로677번길 24-42,공립,false,37.37424391,126.9338506,elem,true,data.go.kr
B000003640,곡반초등학교,7530000,수원시,경기도수원교육지원청,경기도 수원시 권선구 덕영대로1323번길 26-14,공립,false,37.24680875,127.0362137,elem,true,data.go.kr
B000003654,곡선초등학교,7530000,수원시,경기도수원교육지원청,경기도 수원시 권선구 덕영대로1217번길 36,공립,false,37.25076143,127.0253992,elem,true,data.go.kr
B000004467,곡수초등학교,7530000,양평군,경기도양평교육지원청,경기도 양평군 지평면 곡수길56번길 17,공립,false,37.41848722,127.6113777,elem,true,data.go.kr
B000003613,곡정초등학교,7530000,수원시,경기도수원교육지원청,경기도 수원시 권선구 곡선로 7,공립,false,37.24086034,127.025690,elem,true,data.go.kr
B000004294,곤지암초등학교,7530000,광주시,경기도광주하남교육지원청,경기도 광주시 곤지암읍 곤지암로 70-13,공립,false,37.34966983,127.3381352,elem,true,data.go.kr
B000004394,공도초등학교,7530000,안성시,경기도안성교육지원청,경기도 안성시 공도읍 공도1로 9,공립,false,36.99999877,127.1674695,elem,true,data.go.kr
B000003949,공세초등학교,7530000,용인시,경기도용인교육지원청,경기도 용인시 기흥구 탑실로 86-10,공립,false,37.23901832,127.1164888,elem,true,data.go.kr
B000023793,과천갈현초등학교,7530000,과천시,경기도안양과천교육지원청,경기도 과천시 과천대로8가길 12,공립,false,37.4118713,126.987648,elem,true,data.go.kr
B000024075,과천율목초등학교,7530000,과천시,경기도안양과천교육지원청,경기도 과천시 과천대로2길 37,공립,false,37.40785863,126.9822609,elem,true,data.go.kr
B000003877,과천초등학교,7530000,과천시,경기도안양과천교육지원청,경기도 과천시 온온사로 10,공립,false,37.43687633,126.9937959,elem,true,data.go.kr
B000003942,관곡초등학교,7530000,용인시,경기도용인교육지원청,경기도 용인시 기흥구 관곡로 61,공립,false,37.28322495,127.1137416,elem,true,data.go.kr
B000004057,관모초등학교,7530000,군포시,경기도군포의왕교육지원청,경기도 군포시 곡란로8번길 35-22,공립,false,37.37620221,126.938033,elem,true,data.go.kr
B000003880,관문초등학교,7530000,과천시,경기도안양과천교육지원청,경기도 과천시 별양로 180-1,공립,false,37.43424093,127.0011545,elem,true,data.go.kr
B000003885,관산초등학교,7530000,안산시,경기도안산교육지원청,경기도 안산시 단원구 원선1로 68,공립,false,37.32882916,126.8064151,elem,true,data.go.kr
B000003867,관양초등학교,7530000,안양시,경기도안양과천교육지원청,경기도 안양시 동안구 관평로336번길 23,공립,false,37.4067103,126.9602277,elem,true,data.go.kr
B000004788,관인초등학교,7530000,포천시,경기도포천교육지원청,경기도 포천시 관인면 관인로 5,공립,false,38.15606601,127.2497002,elem,true,data.go.kr
B000003617,광교초등학교,7530000,수원시,경기도수원교육지원청,경기도 수원시 영통구 대학로 91,공립,false,37.30387934,127.0458393,elem,true,data.go.kr
B000025978,광교호수초등학교,7530000,수원시,경기도수원교육지원청,경기도 수원시 영통구 광교호수공원로 205,공립,false,37.2796927,127.0588273,elem,true,data.go.kr
B000004284,광남초등학교,7530000,광주시,경기도광주하남교육지원청,경기도 광주시 고불로46번길 15,공립,false,37.39401569,127.2304609,elem,true,data.go.kr
B000004399,광덕초등학교,7530000,안성시,경기도안성교육지원청,경기도 안성시 대덕면 내리1길 25,공립,false,37.00105866,127.2214077,elem,true,data.go.kr
B000004592,광릉초등학교,7530000,남양주시,경기도구리남양주교육지원청,경기도 남양주시 진접읍 광릉내로82번길 29,공립,false,37.74592049,127.2067727,elem,true,data.go.kr
B000004277,광명광덕초등학교,7530000,광명시,경기도광명교육지원청,경기도 광명시 오리로841번길 9,공립,false,37.47393367,126.8659323,elem,true,data.go.kr
B000004276,광명광성초등학교,7530000,광명시,경기도광명교육지원청,경기도 광명시 철산로 59,공립,false,37.47885028,126.873071,elem,true,data.go.kr
B000004270,광명남초등학교,7530000,광명시,경기도광명교육지원청,경기도 광명시 광명로 866-9,공립,false,37.47512709,126.8537024,elem,true,data.go.kr
B000004274,광명동초등학교,7530000,광명시,경기도광명교육지원청,경기도 광명시 연서일로 25,공립,false,37.48395182,126.8633963,elem,true,data.go.kr
B000004275,광명북초등학교,7530000,광명시,경기도광명교육지원청,경기도 광명시 시청로138번길 8,공립,false,37.48649649,126.8676338,elem,true,data.go.kr
B000004269,광명서초등학교,7530000,광명시,경기도광명교육지원청,경기도 광명시 너부대로 5,공립,false,37.47847217,126.8470137,elem,true,data.go.kr
B000004268,광명초등학교,7530000,광명시,경기도광명교육지원청,경기도 광명시 광이로 21,공립,false,37.48086006,126.857414,elem,true,data.go.kr
B000004272,광문초등학교,7530000,광명시,경기도광명교육지원청,경기도 광명시 덕단이로 29,공립,false,37.46688788,126.8516677,elem,true,data.go.kr
B000004731,광사초등학교,7530000,양주시,경기도동두천양주교육지원청,경기도 양주시 고읍남로191번길 12,공립,false,37.79145616,127.0838384,elem,true,data.go.kr
B000004415,광선초등학교,7530000,안성시,경기도안성교육지원청,경기도 안성시 죽산면 개좌길 16,공립,false,37.00816635,127.4331392,elem,true,data.go.kr
B000004245,광성초등학교,7530000,오산시,경기도화성오산교육지원청,경기도 오산시 수목원로 577-18,공립,false,37.18414545,127.0397103,elem,true,data.go.kr
B000004739,광숭초등학교,7530000,양주시,경기도동두천양주교육지원청,경기도 양주시 삼숭로58번길 100,공립,false,37.80154348,127.1073899,elem,true,data.go.kr
B000004271,광일초등학교,7530000,광명시,경기도광명교육지원청,경기도 광명시 목감로 34-6,공립,false,37.47162377,126.8469394,elem,true,data.go.kr
B000004041,광정초등학교,7530000,군포시,경기도군포의왕교육지원청,경기도 군포시 산본로386번길 5-20,공립,false,37.36593675,126.9305979,elem,true,data.go.kr
B000004297,광주광명초등학교,7530000,광주시,경기도광주하남교육지원청,경기도 광주시 문형산길 7,공립,false,37.35961347,127.1609419,elem,true,data.go.kr
B000004290,광주도평초등학교,7530000,광주시,경기도광주하남교육지원청,경기도 광주시 초월읍 현산로 89-16,공립,false,37.39642361,127.2893901,elem,true,data.go.kr
B000004299,광주매곡초등학교,7530000,광주시,경기도광주하남교육지원청,경기도 광주시 양벌로 303-5,공립,false,37.37221201,127.2486143,elem,true,data.go.kr
B000022642,광주송정초등학교,7530000,광주시,경기도광주하남교육지원청,경기도 광주시 송정4길 21,공립,false,37.42282314,127.2550722,elem,true,data.go.kr
B000004287,광주초등학교,7530000,광주시,경기도광주하남교육지원청,경기도 광주시 중앙로123번길 22,공립,false,37.41062971,127.2552011,elem,true,data.go.kr
B000025963,광주푸른초등학교,7530000,광주시,경기도광주하남교육지원청,경기도 광주시 경충대로1461번길 31,공립,false,37.39924577,127.2711876,elem,true,data.go.kr
B000004300,광지원초등학교,7530000,광주시,경기도광주하남교육지원청,경기도 광주시 남한산성면 회안대로 1386,공립,false,37.46389638,127.251734,elem,true,data.go.kr
B000003967,교동초등학교,7530000,용인시,경기도용인교육지원청,경기도 용인시 기흥구 마북로 124-10,공립,false,37.29997921,127.1224865,elem,true,data.go.kr
B000004620,교문초등학교,7530000,구리시,경기도구리남양주교육지원청,경기도 구리시 안골로19번길 16,공립,false,37.5982098,127.1335905,elem,true,data.go.kr
B000004678,교하초등학교,7530000,파주시,경기도파주교육지원청,경기도 파주시 동편길 13,공립,false,37.75372445,126.7470599,elem,true,data.go.kr
B000003943,구갈초등학교,7530000,용인시,경기도용인교육지원청,경기도 용인시 기흥구 구갈로 36,공립,false,37.27794262,127.1119291,elem,true,data.go.kr
B000004560,구룡초등학교,7530000,남양주시,경기도구리남양주교육지원청,경기도 남양주시 늘을3로 120,공립,false,37.65792043,127.2524873,elem,true,data.go.kr
B000004260,구름산초등학교,7530000,광명시,경기도광명교육지원청,경기도 광명시 한내일로 5,공립,false,37.45298585,126.8841355,elem,true,data.go.kr
B000004621,구리초등학교,7530000,구리시,경기도구리남양주교육지원청,경기도 구리시 경춘로276번길 51,공립,false,37.60121089,127.1475991,elem,true,data.go.kr
B000003751,구미초등학교,7530000,성남시,경기도성남교육지원청,경기도 성남시 분당구 미금로22번길 25,공립,false,37.33776429,127.1183073,elem,true,data.go.kr
B000004186,구봉초등학교,7530000,화성시,경기도화성오산교육지원청,경기도 화성시 병점구 병점1로 105,공립,false,37.2055648692,127.0449176588,elem,true,data.go.kr
B000003938,구성초등학교,7530000,용인시,경기도용인교육지원청,경기도 용인시 기흥구 구성로 51,공립,false,37.2956668,127.1153666,elem,true,data.go.kr
B000003650,구운초등학교,7530000,수원시,경기도수원교육지원청,경기도 수원시 권선구 여기산로 29,공립,false,37.28066615,126.9779455,elem,true,data.go.kr
B000004626,구지초등학교,7530000,구리시,경기도구리남양주교육지원청,경기도 구리시 건원대로76번길 40,공립,false,37.60726291,127.1422569,elem,true,data.go.kr
B000004817,군남초등학교,7530000,연천군,경기도연천교육지원청,경기도 연천군 군남면 진상17길 46,공립,false,38.06789694,127.0155896,elem,true,data.go.kr
B000004715,군내초등학교,7530000,파주시,경기도파주교육지원청,경기도 파주시 군내면 통일촌길 226,공립,false,37.90568684,126.7311336,elem,true,data.go.kr
B000004111,군문초등학교,7530000,평택시,경기도평택교육지원청,경기도 평택시 원평로 21,공립,false,36.98774621,127.0851541,elem,true,data.go.kr
B000004085,군서초등학교,7530000,시흥시,경기도시흥교육지원청,경기도 시흥시 정왕천로427번길 30,공립,false,37.34736139,126.7518122,elem,true,data.go.kr
B000004079,군자초등학교,7530000,시흥시,경기도시흥교육지원청,경기도 시흥시 군자로 539,공립,false,37.34381341,126.7870847,elem,true,data.go.kr
B000004052,군포대야초등학교,7530000,군포시,경기도군포의왕교육지원청,경기도 군포시 대야2로 148,공립,false,37.32933757,126.915235,elem,true,data.go.kr
B000022573,군포신기초등학교,7530000,군포시,경기도군포의왕교육지원청,경기도 군포시 삼성로28번길 3,공립,false,37.33864487,126.9327812,elem,true,data.go.kr
B000004050,군포양정초등학교,7530000,군포시,경기도군포의왕교육지원청,경기도 군포시 오금로 131,공립,false,37.35930627,126.9406945,elem,true,data.go.kr
B000004038,군포옥천초등학교,7530000,군포시,경기도군포의왕교육지원청,경기도 군포시 용호2로54번길 12,공립,false,37.34387477,126.9452915,elem,true,data.go.kr
B000004035,군포초등학교,7530000,군포시,경기도군포의왕교육지원청,경기도 군포시 군포로 463,공립,false,37.34823766,126.9419284,elem,true,data.go.kr
B000004049,군포화산초등학교,7530000,군포시,경기도군포의왕교육지원청,경기도 군포시 오금로 48,공립,false,37.35326066,126.934562,elem,true,data.go.kr
B000004047,궁내초등학교,7530000,군포시,경기도군포의왕교육지원청,경기도 군포시 수리산로 187,공립,false,37.36461098,126.920170,elem,true,data.go.kr
B000004812,궁평초등학교,7530000,연천군,경기도연천교육지원청,경기도 연천군 청산면 궁평로45번길 52,공립,false,38.02807757,127.1045649,elem,true,data.go.kr
B000003652,권선초등학교,7530000,수원시,경기도수원교육지원청,경기도 수원시 권선구 세지로126번길 27,공립,false,37.26329738,127.0217658,elem,true,data.go.kr
B000003860,귀인초등학교,7530000,안양시,경기도안양과천교육지원청,경기도 안양시 동안구 귀인로 248,공립,false,37.38674525,126.9659381,elem,true,data.go.kr
B000030567,규장초등학교,7530000,수원시,경기도수원교육지원청,경기도 수원시 권선구 덕영대로1190번길 152,공립,false,37.2425677,127.0202121,elem,true,data.go.kr
B000027583,글빛초등학교,7530000,수원시,경기도수원교육지원청,경기도 수원시 영통구 망포로84번길 15,공립,false,37.23954453,127.0433337,elem,true,data.go.kr
B000004490,금계초등학교,7530000,고양시,경기도고양교육지원청,경기도 고양시 일산동구 강촌로 90,공립,false,37.649601,126.7843119,elem,true,data.go.kr
B000004409,금광초등학교,7530000,안성시,경기도안성교육지원청,경기도 안성시 금광면 금광초교길 54,공립,false,36.99992265,127.3242787,elem,true,data.go.kr
B000004424,금광초등학교조령분교장,7530000,안성시,경기도안성교육지원청,경기도 안성시 금광면 사흥길 59,공립,true,37.00114677,127.3578924,elem,true,data.go.kr
B000004559,금교초등학교,7530000,남양주시,경기도구리남양주교육지원청,경기도 남양주시 미금로 194,공립,false,37.61427588,127.1616115,elem,true,data.go.kr
B000004577,금남초등학교,7530000,남양주시,경기도구리남양주교육지원청,경기도 남양주시 화도읍 북한강로 1506,공립,false,37.64368647,127.3620146,elem,true,data.go.kr
B000004445,금당초등학교,7530000,여주시,경기도여주교육지원청,경기도 여주시 가남읍 가남로 649,공립,false,37.19676315,127.6054844,elem,true,data.go.kr
B000004344,금란초등학교,7530000,김포시,경기도김포교육지원청,경기도 김포시 고촌읍 장곡로 42,공립,false,37.60765405,126.7511726,elem,true,data.go.kr
B000004660,금릉초등학교,7530000,파주시,경기도파주교육지원청,경기도 파주시 후곡로 56,공립,false,37.75255753,126.7728093,elem,true,data.go.kr
B000004102,금모래초등학교,7530000,시흥시,경기도시흥교육지원청,경기도 시흥시 대은로 16-29,공립,false,37.44160032,126.7952003,elem,true,data.go.kr
B000003717,금빛초등학교,7530000,성남시,경기도성남교육지원청,경기도 성남시 수정구 남문로 112,공립,false,37.44734641,127.1405553,elem,true,data.go.kr
B000003726,금상초등학교,7530000,성남시,경기도성남교육지원청,경기도 성남시 중원구 금상로 97,공립,false,37.44355007,127.1659942,elem,true,data.go.kr
B000004356,금성초등학교,7530000,김포시,경기도김포교육지원청,경기도 김포시 하성면 하성로795번길 26,공립,false,37.74486002,126.6324555,elem,true,data.go.kr
B000004661,금신초등학교,7530000,파주시,경기도파주교육지원청,경기도 파주시 금신초교길 45,공립,false,37.76835904,126.770271,elem,true,data.go.kr
B000004246,금암초등학교,7530000,오산시,경기도화성오산교육지원청,경기도 오산시 수청로 204-20,공립,false,37.17873483,127.0439479,elem,true,data.go.kr
B000004645,금오초등학교,7530000,의정부시,경기도의정부교육지원청,경기도 의정부시 천보로 418,공립,false,37.75607169,127.0658327,elem,true,data.go.kr
B000004054,금정초등학교,7530000,군포시,경기도군포의왕교육지원청,경기도 군포시 금정로 40,공립,false,37.36646403,126.941225,elem,true,data.go.kr
B000004666,금촌초등학교,7530000,파주시,경기도파주교육지원청,경기도 파주시 동산3길 38-11,공립,false,37.76204178,126.7697527,elem,true,data.go.kr
B000004328,금파초등학교,7530000,김포시,경기도김포교육지원청,경기도 김포시 김포대로926번길 74,공립,false,37.62424133,126.716781,elem,true,data.go.kr
B000004662,금향초등학교,7530000,파주시,경기도파주교육지원청,경기도 파주시 쇠재로 123,공립,false,37.75251184,126.7767807,elem,true,data.go.kr
B000004665,금화초등학교,7530000,파주시,경기도파주교육지원청,경기도 파주시 새꽃로 55,공립,false,37.75504144,126.767654,elem,true,data.go.kr
B000004179,기산초등학교,7530000,화성시,경기도화성오산교육지원청,경기도 화성시 동탄구 동탄지성로 344,공립,false,37.22460078,127.0507334,elem,true,data.go.kr
B000004174,기안초등학교,7530000,화성시,경기도화성오산교육지원청,경기도 화성시 효행구 기안길 18,공립,false,37.22536277,126.9821274,elem,true,data.go.kr
B000003948,기흥초등학교,7530000,용인시,경기도용인교육지원청,경기도 용인시 기흥구 공세로82번길 5,공립,false,37.23191888,127.1098018,elem,true,data.go.kr
B000024127,김포구래초등학교,7530000,김포시,경기도김포교육지원청,경기도 김포시 김포한강9로12번길 77,공립,false,37.64001648,126.6284079,elem,true,data.go.kr
B000023978,김포금빛초등학교,7530000,김포시,경기도김포교육지원청,경기도 김포시 태장로 821,공립,false,37.63541531,126.6793522,elem,true,data.go.kr
B000027560,김포나진초등학교,7530000,김포시,경기도김포교육지원청,경기도 김포시 걸포2로 58,공립,false,37.63567646,126.7024824,elem,true,data.go.kr
B000004349,김포대명초등학교,7530000,김포시,경기도김포교육지원청,경기도 김포시 대곶면 대곶로20번길 17,공립,false,37.64842669,126.553575,elem,true,data.go.kr
B000004327,김포서초등학교,7530000,김포시,경기도김포교육지원청,경기도 김포시 봉화로 188,공립,false,37.6290236,126.7017278,elem,true,data.go.kr
B000004333,김포신풍초등학교,7530000,김포시,경기도김포교육지원청,경기도 김포시 풍무로208번길 14,공립,false,37.61274107,126.7265736,elem,true,data.go.kr
B000004337,김포초등학교,7530000,김포시,경기도김포교육지원청,경기도 김포시 북변중로65번길 4-24,공립,false,37.62583548,126.7084003,elem,true,data.go.kr
B000004320,김포한가람초등학교,7530000,김포시,경기도김포교육지원청,경기도 김포시 김포한강9로115번길 57,공립,false,37.6477392,126.6218398,elem,true,data.go.kr
B000024093,김포호수초등학교,7530000,김포시,경기도김포교육지원청,경기도 김포시 김포한강4로420번길 87,공립,false,37.64996167,126.6334464,elem,true,data.go.kr
B000003819,까치울초등학교,7530000,부천시,경기도부천교육지원청,경기도 부천시 오정구 역곡로324번길 14,공립,false,37.51376391,126.8141972,elem,true,data.go.kr
B000003952,나곡초등학교,7530000,용인시,경기도용인교육지원청,경기도 용인시 기흥구 사은로126번길 26,공립,false,37.25377554,127.1189348,elem,true,data.go.kr
B000003856,나눔초등학교,7530000,안양시,경기도안양과천교육지원청,경기도 안양시 동안구 흥안대로414번길 22,공립,false,37.39057608,126.9755501,elem,true,data.go.kr
B000004388,나래초등학교,7530000,이천시,경기도이천교육지원청,경기도 이천시 장호원읍 이풍로63번길 114,공립,false,37.16993358,127.5877142,elem,true,data.go.kr
B000004307,나룰초등학교,7530000,하남시,경기도광주하남교육지원청,경기도 하남시 덕풍북로 260,공립,false,37.54855826,127.209193,elem,true,data.go.kr
B000024128,나비초등학교,7530000,김포시,경기도김포교육지원청,경기도 김포시 김포한강10로134번길 70,공립,false,37.64021544,126.6259953,elem,true,data.go.kr
B000003953,나산초등학교,7530000,용인시,경기도용인교육지원청,경기도 용인시 기흥구 한보라1로43번길 8,공립,false,37.25030665,127.1093855,elem,true,data.go.kr
B000004488,낙민초등학교,7530000,고양시,경기도고양교육지원청,경기도 고양시 일산동구 강석로 134,공립,false,37.65392838,126.7801004,elem,true,data.go.kr
B000003745,낙생초등학교,7530000,성남시,경기도성남교육지원청,경기도 성남시 분당구 서판교로74번길 11,공립,false,37.39430405,127.0989134,elem,true,data.go.kr
B000004032,남곡초등학교,7530000,용인시,경기도용인교육지원청,경기도 용인시 처인구 남사읍 한숲로 110,공립,false,37.15778228,127.174721,elem,true,data.go.kr
B000004757,남면초등학교,7530000,양주시,경기도동두천양주교육지원청,경기도 양주시 남면 개나리18길 100,공립,false,37.89386597,126.9757578,elem,true,data.go.kr
B000004758,남면초등학교양덕분교장,7530000,양주시,경기도동두천양주교육지원청,경기도 양주시 남면 은남로119번길 373,공립,true,37.90862973,126.9984139,elem,true,data.go.kr
B000004031,남사초등학교,7530000,용인시,경기도용인교육지원청,경기도 용인시 처인구 남사읍 처인성로185번길 9-10,공립,false,37.11359845,127.1485887,elem,true,data.go.kr
B000003663,남수원초등학교,7530000,수원시,경기도수원교육지원청,경기도 수원시 권선구 경수대로235번길 24,공립,false,37.24989337,127.0167352,elem,true,data.go.kr
B000004566,남양주금곡초등학교,7530000,남양주시,경기도구리남양주교육지원청,경기도 남양주시 금곡로 65-6,공립,false,37.63587469,127.2119186,elem,true,data.go.kr
B000027216,남양주다산초등학교,7530000,남양주시,경기도구리남양주교육지원청,경기도 남양주시 다산중앙로146번길 55,공립,false,37.6267008,127.1586798,elem,true,data.go.kr
B000004557,남양주덕송초등학교,7530000,남양주시,경기도구리남양주교육지원청,경기도 남양주시 별내3로 356,공립,false,37.66927393,127.1159367,elem,true,data.go.kr
B000004602,남양주도곡초등학교,7530000,남양주시,경기도구리남양주교육지원청,경기도 남양주시 와부읍 덕소로 179,공립,false,37.57978958,127.2189059,elem,true,data.go.kr
B000004567,남양주동곡초등학교,7530000,남양주시,경기도구리남양주교육지원청,경기도 남양주시 홍유릉로248번길 56,공립,false,37.6288876,127.203920,elem,true,data.go.kr
B000004569,남양주미금초등학교,7530000,남양주시,경기도구리남양주교육지원청,경기도 남양주시 미금로56번길 32-13,공립,false,37.60893592,127.1551537,elem,true,data.go.kr
B000004565,남양주백봉초등학교,7530000,남양주시,경기도구리남양주교육지원청,경기도 남양주시 의안로 158,공립,false,37.64343388,127.2424118,elem,true,data.go.kr
B000026683,남양주샛별초등학교,7530000,남양주시,경기도구리남양주교육지원청,경기도 남양주시 송산로307번길 50,공립,false,37.6660518,127.1293296,elem,true,data.go.kr
B000004579,남양주송라초등학교,7530000,남양주시,경기도구리남양주교육지원청,경기도 남양주시 화도읍 마석로45번길 33,공립,false,37.65445977,127.3016823,elem,true,data.go.kr
B000004611,남양주송촌초등학교,7530000,남양주시,경기도구리남양주교육지원청,경기도 남양주시 조안면 북한강로499번길 30,공립,false,37.56770133,127.3182328,elem,true,data.go.kr
B000004564,남양주신촌초등학교,7530000,남양주시,경기도구리남양주교육지원청,경기도 남양주시 평내로 122,공립,false,37.64550428,127.2398805,elem,true,data.go.kr
B000004570,남양주양정초등학교,7530000,남양주시,경기도구리남양주교육지원청,경기도 남양주시 경춘로 468-33,공립,false,37.60865753,127.165748,elem,true,data.go.kr
B000004594,남양주양지초등학교,7530000,남양주시,경기도구리남양주교육지원청,경기도 남양주시 오남읍 진건오남로808번길 20-37,공립,false,37.69908745,127.2064927,elem,true,data.go.kr
B000004600,남양주월문초등학교,7530000,남양주시,경기도구리남양주교육지원청,경기도 남양주시 와부읍 수레로 519,공립,false,37.60948839,127.2616036,elem,true,data.go.kr
B000026693,남양주월산초등학교,7530000,남양주시,경기도구리남양주교육지원청,경기도 남양주시 화도읍 경춘로2290번길 50,공립,false,37.65400023,127.3404193,elem,true,data.go.kr
B000004163,남양초등학교,7530000,화성시,경기도화성오산교육지원청,경기도 화성시 만세구 남양읍 남양시장로55번길 7,공립,false,37.210277818,126.815120679,elem,true,data.go.kr
B000003667,남창초등학교,7530000,수원시,경기도수원교육지원청,경기도 수원시 팔달구 행궁로 44-9,공립,false,37.2781857,127.0142292,elem,true,data.go.kr
B000004030,남촌초등학교,7530000,용인시,경기도용인교육지원청,경기도 용인시 처인구 남사읍 천덕산로 330,공립,false,37.10155426,127.1376105,elem,true,data.go.kr
B000004301,남한산초등학교,7530000,광주시,경기도광주하남교육지원청,경기도 광주시 남한산성면 남한산성로 770,공립,false,37.47862091,127.1860783,elem,true,data.go.kr
B000004137,내기초등학교,7530000,평택시,경기도평택교육지원청,경기도 평택시 포승읍 내기새싹길 23,공립,false,36.9796483,126.8724451,elem,true,data.go.kr
B000022600,내동초등학교,7530000,의왕시,경기도군포의왕교육지원청,경기도 의왕시 내손로 101,공립,false,37.3895944,126.9797574,elem,true,data.go.kr
B000030715,내리숲초등학교,7530000,화성시,경기도화성오산교육지원청,경기도 화성시 효행구 봉담읍 삼봉안1길 21-7,공립,false,37.2261718,126.9237352,elem,true,data.go.kr
B000004064,내손초등학교,7530000,의왕시,경기도군포의왕교육지원청,경기도 의왕시 내손순환로 175,공립,false,37.38884898,126.9819813,elem,true,data.go.kr
B000004617,내양초등학교,7530000,구리시,경기도구리남양주교육지원청,경기도 구리시 동구릉로 485,공립,false,37.64059471,127.1393169,elem,true,data.go.kr
B000004549,내유초등학교,7530000,고양시,경기도고양교육지원청,경기도 고양시 덕양구 통일로 1132,공립,false,37.71556258,126.8519554,elem,true,data.go.kr
B000003770,내정초등학교,7530000,성남시,경기도성남교육지원청,경기도 성남시 분당구 내정로174번길 19,공립,false,37.3724032,127.122265,elem,true,data.go.kr
B000004770,내촌초등학교,7530000,포천시,경기도포천교육지원청,경기도 포천시 내촌면 내촌로 88,공립,false,37.78700214,127.229710,elem,true,data.go.kr
B000004390,내혜홀초등학교,7530000,안성시,경기도안성교육지원청,경기도 안성시 내혜홀3길 29,공립,false,37.00628941,127.2653197,elem,true,data.go.kr
B000004089,냉정초등학교,7530000,시흥시,경기도시흥교육지원청,경기도 시흥시 역전로 369,공립,false,37.35779542,126.7351716,elem,true,data.go.kr
B000004489,냉천초등학교,7530000,고양시,경기도고양교육지원청,경기도 고양시 일산동구 산두로 99,공립,false,37.66672298,126.7856589,elem,true,data.go.kr
B000004226,노진초등학교,7530000,화성시,경기도화성오산교육지원청,경기도 화성시 만세구 장안면 화곡로 166,공립,false,37.0514252332,126.8089486922,elem,true,data.go.kr
B000004648,녹양초등학교,7530000,의정부시,경기도의정부교육지원청,경기도 의정부시 체육로 265-25,공립,false,37.76328558,127.0370684,elem,true,data.go.kr
B000024646,늘봄초등학교,7530000,화성시,경기도화성오산교육지원청,경기도 화성시 동탄구 동탄대로24길 51,공립,false,37.21736028,127.1098102,elem,true,data.go.kr
B000003766,늘푸른초등학교,7530000,성남시,경기도성남교육지원청,경기도 성남시 분당구 정자일로 87,공립,false,37.35833354,127.1056708,elem,true,data.go.kr
B000004552,능곡초등학교,7530000,고양시,경기도고양교육지원청,경기도 고양시 덕양구 토당로67번길 66,공립,false,37.62445113,126.8159437,elem,true,data.go.kr
B000003900,능길초등학교,7530000,안산시,경기도안산교육지원청,경기도 안산시 단원구 신길중앙로3길 8,공립,false,37.33598504,126.7642473,elem,true,data.go.kr
B000004059,능내초등학교,7530000,군포시,경기도군포의왕교육지원청,경기도 군포시 수리산로 37,공립,false,37.35485983,126.9214275,elem,true,data.go.kr
B000004175,능동초등학교,7530000,화성시,경기도화성오산교육지원청,경기도 화성시 동탄구 동탄원천로 315-27,공립,false,37.213143805,127.058872,elem,true,data.go.kr
B000004433,능북초등학교,7530000,여주시,경기도여주교육지원청,경기도 여주시 세종대왕면 백석1길 8-16,공립,false,37.33330782,127.5914867,elem,true,data.go.kr
B000004434,능서초등학교,7530000,여주시,경기도여주교육지원청,경기도 여주시 세종대왕면 마장로 64,공립,false,37.29810662,127.5720938,elem,true,data.go.kr
B000003616,능실초등학교,7530000,수원시,경기도수원교육지원청,경기도 수원시 권선구 호매실로165번길 28,공립,false,37.25973449,126.9560546,elem,true,data.go.kr
B000004675,능안초등학교,7530000,파주시,경기도파주교육지원청,경기도 파주시 조리읍 능안로 145,공립,false,37.74036109,126.7926212,elem,true,data.go.kr
B000004022,능원초등학교,7530000,용인시,경기도용인교육지원청,경기도 용인시 처인구 모현읍 충렬로8번길 29,공립,false,37.34319393,127.1738263,elem,true,data.go.kr
B000027429,능평초등학교,7530000,광주시,경기도광주하남교육지원청,경기도 광주시 창뜰아랫길 14-3,공립,false,37.34888072,127.1666655,elem,true,data.go.kr
B000004463,다문초등학교,7530000,양평군,경기도양평교육지원청,경기도 양평군 용문면 다문중앙2길 27,공립,false,37.48585466,127.5915311,elem,true,data.go.kr
B000027217,다산가람초등학교,7530000,남양주시,경기도구리남양주교육지원청,경기도 남양주시 다산중앙로81번길 51,공립,false,37.61962828,127.1490891,elem,true,data.go.kr
B000027207,다산별빛초등학교,7530000,남양주시,경기도구리남양주교육지원청,경기도 남양주시 다산중앙로82번안길 40,공립,false,37.61703531,127.165458,elem,true,data.go.kr
B000027218,다산새봄초등학교,7530000,남양주시,경기도구리남양주교육지원청,경기도 남양주시 다산순환로 417,공립,false,37.61991629,127.1592158,elem,true,data.go.kr
B000027215,다산하늘초등학교,7530000,남양주시,경기도구리남양주교육지원청,경기도 남양주시 다산순환로 199,공립,false,37.62791192,127.1465789,elem,true,data.go.kr
B000027208,다산한강초등학교,7530000,남양주시,경기도구리남양주교육지원청,경기도 남양주시 다산지금로146번길 11,공립,false,37.59942956,127.1723793,elem,true,data.go.kr
B000024050,다솔초등학교,7530000,수원시,경기도수원교육지원청,경기도 수원시 장안구 이목로 24-35,공립,false,37.30869676,126.987669,elem,true,data.go.kr
B000004480,다솜초등학교,7530000,고양시,경기도고양교육지원청,경기도 고양시 일산동구 숲속마을로 139,공립,false,37.67250709,126.7965778,elem,true,data.go.kr
B000026546,다온초등학교,7530000,오산시,경기도화성오산교육지원청,경기도 오산시 부산중앙로 37,공립,false,37.15193283,127.0908935,elem,true,data.go.kr
B000024651,다원초등학교,7530000,화성시,경기도화성오산교육지원청,경기도 화성시 동탄구 동탄대로24길 112,공립,false,37.21241845,127.1109577,elem,true,data.go.kr
B000030309,다율초등학교,7530000,파주시,경기도파주교육지원청,경기도 파주시 다율로 30,공립,false,37.73798274,126.7269584,elem,true,data.go.kr
B000003725,단남초등학교,7530000,성남시,경기도성남교육지원청,경기도 성남시 중원구 금광로12번길 5,공립,false,37.44290368,127.161375,elem,true,data.go.kr
B000003712,단대초등학교,7530000,성남시,경기도성남교육지원청,경기도 성남시 수정구 단대로 30,공립,false,37.45368807,127.1577469,elem,true,data.go.kr
B000023063,단샘초등학교,7530000,하남시,경기도광주하남교육지원청,경기도 하남시 감일순환로 195,공립,false,37.50704058,127.1587193,elem,true,data.go.kr
B000003870,달안초등학교,7530000,안양시,경기도안양과천교육지원청,경기도 안양시 동안구 동안로 178,공립,false,37.39460528,126.9500874,elem,true,data.go.kr
B000004578,답내초등학교,7530000,남양주시,경기도구리남양주교육지원청,경기도 남양주시 화도읍 경춘로2347번길 44-7,공립,false,37.66239095,127.3473013,elem,true,data.go.kr
B000004036,당동초등학교,7530000,군포시,경기도군포의왕교육지원청,경기도 군포시 용호1로 34,공립,false,37.34593756,126.939499,elem,true,data.go.kr
B000003647,당수초등학교,7530000,수원시,경기도수원교육지원청,경기도 수원시 권선구 당진로 6,공립,false,37.28969083,126.9415403,elem,true,data.go.kr
B000004040,당정초등학교,7530000,군포시,경기도군포의왕교육지원청,경기도 군포시 고산로151번길 26-24,공립,false,37.34657104,126.9547784,elem,true,data.go.kr
B000003739,당촌초등학교,7530000,성남시,경기도성남교육지원청,경기도 성남시 분당구 분당로 196,공립,false,37.37368941,127.131262,elem,true,data.go.kr
B000004539,대곡초등학교,7530000,고양시,경기도고양교육지원청,경기도 고양시 덕양구 대주로 138-50,공립,false,37.64115655,126.8127529,elem,true,data.go.kr
B000004350,대곶초등학교,7530000,김포시,경기도김포교육지원청,경기도 김포시 대곶면 율생중앙로36번길 19,공립,false,37.65200913,126.5848107,elem,true,data.go.kr
B000004818,대광초등학교,7530000,연천군,경기도연천교육지원청,경기도 연천군 신서면 연신로 1127-1,공립,false,38.1830174,127.1053152,elem,true,data.go.kr
B000003934,대남초등학교,7530000,안산시,경기도안산교육지원청,경기도 안산시 단원구 대남로 298,공립,false,37.21959713,126.575382,elem,true,data.go.kr
B000004401,대덕초등학교,7530000,안성시,경기도안성교육지원청,경기도 안성시 대덕면 모산로 84,공립,false,37.02739146,127.2448782,elem,true,data.go.kr
B000003932,대동초등학교,7530000,안산시,경기도안산교육지원청,경기도 안산시 단원구 솔따배기길 134-9,공립,false,37.24136172,126.6002123,elem,true,data.go.kr
B000003933,대부초등학교,7530000,안산시,경기도안산교육지원청,경기도 안산시 단원구 대부중앙로 56,공립,false,37.24561396,126.5805449,elem,true,data.go.kr
B000004370,대서초등학교,7530000,이천시,경기도이천교육지원청,경기도 이천시 장호원읍 서동대로8487번길 23-24,공립,false,37.11354197,127.5759676,elem,true,data.go.kr
B000003690,대선초등학교,7530000,수원시,경기도수원교육지원청,경기도 수원시 영통구 봉영로 1432-19,공립,false,37.24194618,127.0646545,elem,true,data.go.kr
B000004714,대성동초등학교,7530000,파주시,경기도파주교육지원청,경기도 파주시 군내면 대성동길 150,공립,false,37.94386756,126.6804818,elem,true,data.go.kr
B000004794,대성초등학교,7530000,가평군,경기도가평교육지원청,경기도 가평군 청평면 경춘로 75,공립,false,37.68312575,127.3776928,elem,true,data.go.kr
B000004440,대신초등학교,7530000,여주시,경기도여주교육지원청,경기도 여주시 대신면 여양로 1440,공립,false,37.37521136,127.5873167,elem,true,data.go.kr
B000004458,대아초등학교,7530000,양평군,경기도양평교육지원청,경기도 양평군 양서면 방죽들길 5,공립,false,37.52789082,127.4156006,elem,true,data.go.kr
B000004093,대야초등학교,7530000,시흥시,경기도시흥교육지원청,경기도 시흥시 대골안길 31,공립,false,37.44684973,126.7898206,elem,true,data.go.kr
B000024638,대양초등학교,7530000,화성시,경기도화성오산교육지원청,경기도 화성시 만세구 남양읍 시청로32번길 80,공립,false,37.20031947,126.8217315,elem,true,data.go.kr
B000004382,대월초등학교,7530000,이천시,경기도이천교육지원청,경기도 이천시 대월면 대평로178번길 48,공립,false,37.22373608,127.4928014,elem,true,data.go.kr
B000003723,대일초등학교,7530000,성남시,경기도성남교육지원청,경기도 성남시 중원구 금상로58번길 22,공립,false,37.43846881,127.1641844,elem,true,data.go.kr
B000003998,대지초등학교,7530000,용인시,경기도용인교육지원청,경기도 용인시 수지구 대지로51번길 6,공립,false,37.33017106,127.1160431,elem,true,data.go.kr
B000004001,대청초등학교,7530000,용인시,경기도용인교육지원청,경기도 용인시 수지구 죽전로 276,공립,false,37.33412825,127.1290495,elem,true,data.go.kr
B000003633,대평초등학교,7530000,수원시,경기도수원교육지원청,경기도 수원시 장안구 대평로 111,공립,false,37.29774522,126.9907648,elem,true,data.go.kr
B000003736,대하초등학교,7530000,성남시,경기도성남교육지원청,경기도 성남시 중원구 시민로 14,공립,false,37.43190777,127.1513041,elem,true,data.go.kr
B000003988,대현초등학교,7530000,용인시,경기도용인교육지원청,경기도 용인시 수지구 용구대로2771번길 16,공립,false,37.33359249,127.106521,elem,true,data.go.kr
B000004242,대호초등학교,7530000,오산시,경기도화성오산교육지원청,경기도 오산시 궐리사로46번길 3,공립,false,37.15912882,127.0578369,elem,true,data.go.kr
B000004510,대화초등학교,7530000,고양시,경기도고양교육지원청,경기도 고양시 일산서구 송포로 50,공립,false,37.67157089,126.7323693,elem,true,data.go.kr
B000004734,덕계초등학교,7530000,양주시,경기도동두천양주교육지원청,경기도 양주시 평화로1489번길 29,공립,false,37.82302548,127.0474801,elem,true,data.go.kr
B000004752,덕도초등학교,7530000,양주시,경기도동두천양주교육지원청,경기도 양주시 광적면 광적로224번길 122,공립,false,37.8411578,126.9776373,elem,true,data.go.kr
B000004117,덕동초등학교,7530000,평택시,경기도평택교육지원청,경기도 평택시 매봉산1길 5,공립,false,36.99763117,127.1072893,elem,true,data.go.kr
B000003893,덕성초등학교,7530000,안산시,경기도안산교육지원청,경기도 안산시 단원구 예술대학로 119,공립,false,37.3270278,126.8367647,elem,true,data.go.kr
B000004599,덕소초등학교,7530000,남양주시,경기도구리남양주교육지원청,경기도 남양주시 와부읍 수레로 17,공립,false,37.58737677,127.2149198,elem,true,data.go.kr
B000004674,덕암초등학교,7530000,파주시,경기도파주교육지원청,경기도 파주시 조리읍 등원로 199,공립,false,37.76533187,126.8194822,elem,true,data.go.kr
B000004529,덕은초등학교,7530000,고양시,경기도고양교육지원청,경기도 고양시 덕양구 중앙로176번길 18-4,공립,false,37.60332601,126.8727127,elem,true,data.go.kr
B000027415,덕은한강초등학교,7530000,고양시,경기도고양교육지원청,경기도 고양시 덕양구 대덕산로 55,공립,false,37.58145736,126.8636597,elem,true,data.go.kr
B000004515,덕이초등학교,7530000,고양시,경기도고양교육지원청,경기도 고양시 일산서구 덕이로 104,공립,false,37.69275572,126.7483805,elem,true,data.go.kr
B000003902,덕인초등학교,7530000,안산시,경기도안산교육지원청,경기도 안산시 단원구 와동공원로5안길 22-6,공립,false,37.34021794,126.8242784,elem,true,data.go.kr
B000004071,덕장초등학교,7530000,의왕시,경기도군포의왕교육지원청,경기도 의왕시 덕장로 33,공립,false,37.392216,126.9970756,elem,true,data.go.kr
B000004735,덕정초등학교,7530000,양주시,경기도동두천양주교육지원청,경기도 양주시 덕정1길 28,공립,false,37.84677221,127.0640354,elem,true,data.go.kr
B000003837,덕천초등학교,7530000,안양시,경기도안양과천교육지원청,경기도 안양시 만안구 전파로 27,공립,false,37.39206378,126.9359049,elem,true,data.go.kr
B000004314,덕풍초등학교,7530000,하남시,경기도광주하남교육지원청,경기도 하남시 덕풍공원로 20,공립,false,37.54067674,127.1975011,elem,true,data.go.kr
B000004289,도곡초등학교,7530000,광주시,경기도광주하남교육지원청,경기도 광주시 초월읍 경충대로 1033-13,공립,false,37.37087071,127.2996093,elem,true,data.go.kr
B000004305,도궁초등학교,7530000,광주시,경기도광주하남교육지원청,경기도 광주시 도척면 도척윗로 270,공립,false,37.33465402,127.3124887,elem,true,data.go.kr
B000004568,도농초등학교,7530000,남양주시,경기도구리남양주교육지원청,경기도 남양주시 도농로 72,공립,false,37.61238775,127.1574974,elem,true,data.go.kr
B000003782,도당초등학교,7530000,부천시,경기도부천교육지원청,경기도 부천시 원미구 삼작로268번길 21,공립,false,37.51883136,126.7920021,elem,true,data.go.kr
B000004258,도덕초등학교,7530000,광명시,경기도광명교육지원청,경기도 광명시 가마산로 28,공립,false,37.48457015,126.8702495,elem,true,data.go.kr
B000004732,도둔초등학교,7530000,양주시,경기도동두천양주교육지원청,경기도 양주시 덕계로3길 51,공립,false,37.81379622,127.0576531,elem,true,data.go.kr
B000022534,도래울초등학교,7530000,고양시,경기도고양교육지원청,경기도 고양시 덕양구 도래울3로 5,공립,false,37.63173858,126.8705791,elem,true,data.go.kr
B000004619,도림초등학교,7530000,구리시,경기도구리남양주교육지원청,경기도 구리시 아차산로 431,공립,false,37.5932866,127.1299671,elem,true,data.go.kr
B000004698,도마산초등학교,7530000,파주시,경기도파주교육지원청,경기도 파주시 광탄면 부흥로 257,공립,false,37.80192775,126.8760128,elem,true,data.go.kr
B000004303,도수초등학교,7530000,광주시,경기도광주하남교육지원청,경기도 광주시 퇴촌면 도수길 11,공립,false,37.47187879,127.3182656,elem,true,data.go.kr
B000004601,도심초등학교,7530000,남양주시,경기도구리남양주교육지원청,경기도 남양주시 와부읍 석실로 45,공립,false,37.58015633,127.2273682,elem,true,data.go.kr
B000004379,도암초등학교,7530000,이천시,경기도이천교육지원청,경기도 이천시 신둔면 증신로 550,공립,false,37.31859142,127.4427741,elem,true,data.go.kr
B000003829,도원초등학교,7530000,부천시,경기도부천교육지원청,경기도 부천시 소사구 마니로 13,공립,false,37.47707264,126.7729533,elem,true,data.go.kr
B000004198,도이초등학교,7530000,화성시,경기도화성오산교육지원청,경기도 화성시 만세구 향남읍 행정동로 87,공립,false,37.1325090368,126.9261309,elem,true,data.go.kr
B000004091,도일초등학교,7530000,시흥시,경기도시흥교육지원청,경기도 시흥시 군자로465번길 7,공립,false,37.34912731,126.7819203,elem,true,data.go.kr
B000004045,도장초등학교,7530000,군포시,경기도군포의왕교육지원청,경기도 군포시 번영로 371,공립,false,37.34862294,126.9236158,elem,true,data.go.kr
B000004608,도제원초등학교,7530000,남양주시,경기도구리남양주교육지원청,경기도 남양주시 퇴계원읍 경춘북로558번길 10-1,공립,false,37.64597684,127.1457677,elem,true,data.go.kr
B000004378,도지초등학교,7530000,이천시,경기도이천교육지원청,경기도 이천시 백사면 청백리로 207,공립,false,37.3084025,127.4823129,elem,true,data.go.kr
B000004094,도창초등학교,7530000,시흥시,경기도시흥교육지원청,경기도 시흥시 수인로2793번길 6,공립,false,37.40696935,126.8237405,elem,true,data.go.kr
B000004306,도척초등학교,7530000,광주시,경기도광주하남교육지원청,경기도 광주시 도척면 노곡로 33,공립,false,37.30364333,127.3319893,elem,true,data.go.kr
B000003721,도촌초등학교,7530000,성남시,경기도성남교육지원청,경기도 성남시 중원구 도촌남로 99,공립,false,37.41472797,127.1580222,elem,true,data.go.kr
B000004776,도평초등학교,7530000,포천시,경기도포천교육지원청,경기도 포천시 이동면 도리돌길 21,공립,false,38.05601997,127.3805262,elem,true,data.go.kr
B000025638,도현초등학교,7530000,용인시,경기도용인교육지원청,경기도 용인시 처인구 모현읍 왕산로 15,공립,false,37.34606329,127.2568208,elem,true,data.go.kr
B000003969,독정초등학교,7530000,용인시,경기도용인교육지원청,경기도 용인시 기흥구 보정로 100,공립,false,37.31886937,127.1162756,elem,true,data.go.kr
B000003768,돌마초등학교,7530000,성남시,경기도성남교육지원청,경기도 성남시 분당구 야탑로 96-7,공립,false,37.40909939,127.1303783,elem,true,data.go.kr
B000003792,동곡초등학교,7530000,부천시,경기도부천교육지원청,경기도 부천시 원미구 안곡로 248,공립,false,37.49059097,126.8167923,elem,true,data.go.kr
B000004625,동구초등학교,7530000,구리시,경기도구리남양주교육지원청,경기도 구리시 건원대로76번길 45,공립,false,37.60917318,127.1415867,elem,true,data.go.kr
B000004716,동두천송내초등학교,7530000,동두천시,경기도동두천양주교육지원청,경기도 동두천시 중앙로 52,공립,false,37.88614275,127.0525334,elem,true,data.go.kr
B000004717,동두천신천초등학교,7530000,동두천시,경기도동두천양주교육지원청,경기도 동두천시 생연로9번길 20,공립,false,37.89425934,127.047758,elem,true,data.go.kr
B000004722,동두천초등학교,7530000,동두천시,경기도동두천양주교육지원청,경기도 동두천시 평화로2460번길 4,공립,false,37.90840304,127.0598828,elem,true,data.go.kr
B000003964,동막초등학교,7530000,용인시,경기도용인교육지원청,경기도 용인시 기흥구 동백8로 39,공립,false,37.28608046,127.1555391,elem,true,data.go.kr
B000003965,동백초등학교,7530000,용인시,경기도용인교육지원청,경기도 용인시 기흥구 동백평촌로 69,공립,false,37.28055206,127.1563675,elem,true,data.go.kr
B000004725,동보초등학교,7530000,동두천시,경기도동두천양주교육지원청,경기도 동두천시 강변로640번길 31,공립,false,37.92457718,127.0517562,elem,true,data.go.kr
B000004315,동부초등학교,7530000,하남시,경기도광주하남교육지원청,경기도 하남시 역말로 55,공립,false,37.53748386,127.2021348,elem,true,data.go.kr
B000004113,동삭초등학교,7530000,평택시,경기도평택교육지원청,경기도 평택시 동삭로 370,공립,false,37.0186092,127.0968585,elem,true,data.go.kr
B000003807,동산초등학교,7530000,부천시,경기도부천교육지원청,경기도 부천시 오정구 오정로251번길 50,공립,false,37.53145027,126.7851807,elem,true,data.go.kr
B000003693,동수원초등학교,7530000,수원시,경기도수원교육지원청,경기도 수원시 영통구 인계로189번길 83,공립,false,37.26956799,127.0405268,elem,true,data.go.kr
B000004410,동신초등학교,7530000,안성시,경기도안성교육지원청,경기도 안성시 보개면 사갑뜰길 6,공립,false,37.0122736,127.3047367,elem,true,data.go.kr
B000003858,동안초등학교,7530000,안양시,경기도안양과천교육지원청,경기도 안양시 동안구 관평로138번길 36,공립,false,37.38951934,126.9649077,elem,true,data.go.kr
B000004635,동암초등학교,7530000,의정부시,경기도의정부교육지원청,경기도 의정부시 장곡로 206,공립,false,37.72314428,127.0542833,elem,true,data.go.kr
B000004164,동양초등학교,7530000,화성시,경기도화성오산교육지원청,경기도 화성시 만세구 남양읍 시청로45번길 11,공립,false,37.2066473844,126.8223364637,elem,true,data.go.kr
B000004651,동오초등학교,7530000,의정부시,경기도의정부교육지원청,경기도 의정부시 추동로23번길 10,공립,false,37.74456302,127.0584382,elem,true,data.go.kr
B000004624,동인초등학교,7530000,구리시,경기도구리남양주교육지원청,경기도 구리시 동구릉로103번길 37,공립,false,37.610931,127.1338757,elem,true,data.go.kr
B000003993,동천초등학교,7530000,용인시,경기도용인교육지원청,경기도 용인시 수지구 고기로 71,공립,false,37.34461156,127.0933932,elem,true,data.go.kr
B000024697,동탄목동초등학교,7530000,화성시,경기도화성오산교육지원청,경기도 화성시 동탄구 동탄순환대로20길 10,공립,false,37.18938961,127.1243164,elem,true,data.go.kr
B000024678,동탄중앙초등학교,7530000,화성시,경기도화성오산교육지원청,경기도 화성시 동탄구 동탄대로시범길 117,공립,false,37.19928404,127.1112669,elem,true,data.go.kr
B000004209,동탄초등학교,7530000,화성시,경기도화성오산교육지원청,경기도 화성시 동탄구 동탄감배산로 26,공립,false,37.18903472,127.0911507,elem,true,data.go.kr
B000026106,동패초등학교,7530000,파주시,경기도파주교육지원청,경기도 파주시 한울로 21,공립,false,37.7124276,126.7344903,elem,true,data.go.kr
B000004178,동학초등학교,7530000,화성시,경기도화성오산교육지원청,경기도 화성시 병점구 영통로27번길 46,공립,false,37.23308253,127.0594727,elem,true,data.go.kr
B000004195,동화초등학교,7530000,화성시,경기도화성오산교육지원청,경기도 화성시 효행구 봉담읍 동화새터길 130,공립,false,37.21532013,126.9613628,elem,true,data.go.kr
B000004683,두일초등학교,7530000,파주시,경기도파주교육지원청,경기도 파주시 책향기숲길 47,공립,false,37.72010113,126.7136092,elem,true,data.go.kr
B000004034,두창초등학교,7530000,용인시,경기도용인교육지원청,경기도 용인시 처인구 원삼면 복분로 29,공립,false,37.15834601,127.342837,elem,true,data.go.kr
B000004053,둔대초등학교,7530000,군포시,경기도군포의왕교육지원청,경기도 군포시 호수로 305-14,공립,false,37.32663436,126.9109116,elem,true,data.go.kr
B000004014,둔전제일초등학교,7530000,용인시,경기도용인교육지원청,경기도 용인시 처인구 포곡읍 포곡로141번길 28,공립,false,37.27402249,127.2191252,elem,true,data.go.kr
B000004043,둔전초등학교,7530000,군포시,경기도군포의왕교육지원청,경기도 군포시 고산로 542,공립,false,37.36148222,126.9243647,elem,true,data.go.kr
B000004214,마도초등학교,7530000,화성시,경기도화성오산교육지원청,경기도 화성시 만세구 마도면 석교로 157,공립,false,37.2038781301,126.7732784943,elem,true,data.go.kr
B000023744,마루초등학교,7530000,오산시,경기도화성오산교육지원청,경기도 오산시 초평중앙로 52,공립,false,37.13742847,127.0460022,elem,true,data.go.kr
B000003966,마북초등학교,7530000,용인시,경기도용인교육지원청,경기도 용인시 기흥구 연원로 31,공립,false,37.30281997,127.1100435,elem,true,data.go.kr
B000004217,마산초등학교,7530000,화성시,경기도화성오산교육지원청,경기도 화성시 만세구 송산면 송산포도로 582,공립,false,37.2315045086,126.6926189991,elem,true,data.go.kr
B000004583,마석초등학교,7530000,남양주시,경기도구리남양주교육지원청,경기도 남양주시 화도읍 수레로 1234-52,공립,false,37.64953342,127.3050515,elem,true,data.go.kr
B000003968,마성초등학교,7530000,용인시,경기도용인교육지원청,경기도 용인시 기흥구 용구대로2360번길 29,공립,false,37.29743042,127.1131933,elem,true,data.go.kr
B000004340,마송중앙초등학교,7530000,김포시,경기도김포교육지원청,경기도 김포시 통진읍 마송1로 140,공립,false,37.68935513,126.5936743,elem,true,data.go.kr
B000004341,마송초등학교,7530000,김포시,경기도김포교육지원청,경기도 김포시 통진읍 흥신로 315,공립,false,37.68442672,126.6063034,elem,true,data.go.kr
B000027418,마장초등학교,7530000,이천시,경기도이천교육지원청,경기도 이천시 마장면 중앙로 25,공립,false,37.25357602,127.3559125,elem,true,data.go.kr
B000004413,마전초등학교,7530000,안성시,경기도안성교육지원청,경기도 안성시 삼죽면 서동대로 5915,공립,false,37.03070745,127.3413202,elem,true,data.go.kr
B000004709,마정초등학교,7530000,파주시,경기도파주교육지원청,경기도 파주시 문산읍 마정로124번길 13,공립,false,37.892258,126.7600994,elem,true,data.go.kr
B000004712,마지초등학교,7530000,파주시,경기도파주교육지원청,경기도 파주시 적성면 칠중1길 39,공립,false,37.95209235,126.9197386,elem,true,data.go.kr
B000004293,만선초등학교,7530000,광주시,경기도광주하남교육지원청,경기도 광주시 곤지암읍 상탑길 9,공립,false,37.36640135,127.4111165,elem,true,data.go.kr
B000004737,만송초등학교,7530000,양주시,경기도동두천양주교육지원청,경기도 양주시 고읍로 117-32,공립,false,37.79758552,127.0851619,elem,true,data.go.kr
B000003849,만안초등학교,7530000,안양시,경기도안양과천교육지원청,경기도 안양시 만안구 안양로384번길 13,공립,false,37.40664496,126.9167372,elem,true,data.go.kr
B000004393,만정초등학교,7530000,안성시,경기도안성교육지원청,경기도 안성시 공도읍 송원길 12,공립,false,37.00694109,127.171735,elem,true,data.go.kr
B000023073,망월초등학교,7530000,하남시,경기도광주하남교육지원청,경기도 하남시 미사강변북로24번길 10,공립,false,37.57083433,127.1806492,elem,true,data.go.kr
B000025977,망포초등학교,7530000,수원시,경기도수원교육지원청,경기도 수원시 영통구 망포로 126,공립,false,37.24065005,127.0470226,elem,true,data.go.kr
B000030423,매교초등학교,7530000,수원시,경기도수원교육지원청,경기도 수원시 팔달구 정조로 676,공립,false,37.26906043,127.0184466,elem,true,data.go.kr
B000004432,매류초등학교,7530000,여주시,경기도여주교육지원청,경기도 여주시 세종대왕면 양화로 592,공립,false,37.27384544,127.557554,elem,true,data.go.kr
B000025542,매봉초등학교,7530000,용인시,경기도용인교육지원청,경기도 용인시 수지구 수지로 75-1,공립,false,37.31003125,127.0733254,elem,true,data.go.kr
B000003678,매산초등학교,7530000,수원시,경기도수원교육지원청,경기도 수원시 팔달구 향교로 93,공립,false,37.27214613,127.0107555,elem,true,data.go.kr
B000003676,매여울초등학교,7530000,수원시,경기도수원교육지원청,경기도 수원시 팔달구 권광로260번길 20,공립,false,37.27057611,127.0370179,elem,true,data.go.kr
B000003706,매원초등학교,7530000,수원시,경기도수원교육지원청,경기도 수원시 영통구 광교호수공원로 100,공립,false,37.27438801,127.0637213,elem,true,data.go.kr
B000003684,매탄초등학교,7530000,수원시,경기도수원교육지원청,경기도 수원시 영통구 매탄로 139,공립,false,37.26415677,127.0431916,elem,true,data.go.kr
B000003702,매현초등학교,7530000,수원시,경기도수원교육지원청,경기도 수원시 영통구 동탄원천로881번길 77,공립,false,37.25654437,127.0420138,elem,true,data.go.kr
B000004252,매홀초등학교,7530000,오산시,경기도화성오산교육지원청,경기도 오산시 청학로147번길 10,공립,false,37.1627718,127.0632836,elem,true,data.go.kr
B000003927,매화초등학교,7530000,안산시,경기도안산교육지원청,경기도 안산시 상록구 안산대학로 35,공립,false,37.30591091,126.862365,elem,true,data.go.kr
B000003666,명당초등학교,7530000,수원시,경기도수원교육지원청,경기도 수원시 권선구 세권로 319,공립,false,37.25225192,127.0393016,elem,true,data.go.kr
B000004400,명덕초등학교,7530000,안성시,경기도안성교육지원청,경기도 안성시 대덕면 미륵로 16,공립,false,37.0507111,127.2626765,elem,true,data.go.kr
B000003635,명인초등학교,7530000,수원시,경기도수원교육지원청,경기도 수원시 장안구 대평로52번길 21,공립,false,37.29423188,126.9948897,elem,true,data.go.kr
B000003838,명학초등학교,7530000,안양시,경기도안양과천교육지원청,경기도 안양시 만안구 명학로 55,공립,false,37.37997664,126.9344732,elem,true,data.go.kr
B000030806,모담초등학교,7530000,김포시,경기도김포교육지원청,경기도 김포시 운양로 158,공립,false,37.65623241,126.6747061,elem,true,data.go.kr
B000004477,모당초등학교,7530000,고양시,경기도고양교육지원청,경기도 고양시 일산동구 하늘마을로 144,공립,false,37.67953059,126.7807721,elem,true,data.go.kr
B000004069,모락초등학교,7530000,의왕시,경기도군포의왕교육지원청,경기도 의왕시 보식골로 40,공립,false,37.35869385,126.9734963,elem,true,data.go.kr
B000004023,모현초등학교,7530000,용인시,경기도용인교육지원청,경기도 용인시 처인구 모현읍 문현로 179,공립,false,37.34347639,127.2284867,elem,true,data.go.kr
B000004092,목감초등학교,7530000,시흥시,경기도시흥교육지원청,경기도 시흥시 목감초등길 49,공립,false,37.38681999,126.8588871,elem,true,data.go.kr
B000004801,목동초등학교,7530000,가평군,경기도가평교육지원청,경기도 가평군 북면 석장모루길 13,공립,false,37.87934605,127.5481207,elem,true,data.go.kr
B000004547,목암초등학교,7530000,고양시,경기도고양교육지원청,경기도 고양시 덕양구 푸른마을로 63,공립,false,37.71418948,126.904660,elem,true,data.go.kr
B000024666,무봉초등학교,7530000,화성시,경기도화성오산교육지원청,경기도 화성시 동탄구 동탄청계로 303-34,공립,false,37.20298743,127.1168058,elem,true,data.go.kr
B000004530,무원초등학교,7530000,고양시,경기도고양교육지원청,경기도 고양시 덕양구 무원로 47,공립,false,37.6176977,126.8316582,elem,true,data.go.kr
B000004396,문기초등학교,7530000,안성시,경기도안성교육지원청,경기도 안성시 공도읍 서동대로 4424,공립,false,37.00759866,127.1935952,elem,true,data.go.kr
B000004670,문발초등학교,7530000,파주시,경기도파주교육지원청,경기도 파주시 노을빛로 21,공립,false,37.72616724,126.7069654,elem,true,data.go.kr
B000004694,문산동초등학교,7530000,파주시,경기도파주교육지원청,경기도 파주시 문산읍 선유울3길 85,공립,false,37.86563027,126.7981372,elem,true,data.go.kr
B000004692,문산초등학교,7530000,파주시,경기도파주교육지원청,경기도 파주시 문산읍 문향로67번길 58,공립,false,37.86078522,126.7831685,elem,true,data.go.kr
B000004249,문시초등학교,7530000,오산시,경기도화성오산교육지원청,경기도 오산시 여계산로 52-6,공립,false,37.17428105,127.0452767,elem,true,data.go.kr
B000003879,문원초등학교,7530000,과천시,경기도안양과천교육지원청,경기도 과천시 코오롱로 53,공립,false,37.4240169,126.9950274,elem,true,data.go.kr
B000004435,문장초등학교,7530000,여주시,경기도여주교육지원청,경기도 여주시 흥천면 문바실길 20,공립,false,37.36126511,127.5124909,elem,true,data.go.kr
B000004507,문촌초등학교,7530000,고양시,경기도고양교육지원청,경기도 고양시 일산서구 주엽로 168,공립,false,37.6733938,126.7604434,elem,true,data.go.kr
B000004504,문화초등학교,7530000,고양시,경기도고양교육지원청,경기도 고양시 일산서구 강선로 123,공립,false,37.67486374,126.7672033,elem,true,data.go.kr
B000030305,물향기초등학교,7530000,파주시,경기도파주교육지원청,경기도 파주시 물향기1로 15,공립,false,37.71118163,126.7255462,elem,true,data.go.kr
B000004422,미곡초등학교,7530000,안성시,경기도안성교육지원청,경기도 안성시 양성면 안성맞춤대로 2304-9,공립,false,37.11067536,127.245032,elem,true,data.go.kr
B000023079,미사강변초등학교,7530000,하남시,경기도광주하남교육지원청,경기도 하남시 미사강변북로55번길 70,공립,false,37.57582425,127.1860041,elem,true,data.go.kr
B000023072,미사중앙초등학교,7530000,하남시,경기도광주하남교육지원청,경기도 하남시 미사강변한강로334번길 46,공립,false,37.5592925,127.1988697,elem,true,data.go.kr
B000023070,미사초등학교,7530000,하남시,경기도광주하남교육지원청,경기도 하남시 미사강변한강로 200,공립,false,37.571288,127.1928073,elem,true,data.go.kr
B000004402,미양초등학교,7530000,안성시,경기도안성교육지원청,경기도 안성시 미양면 양지길 40,공립,false,36.97502193,127.2127599,elem,true,data.go.kr
B000004802,미원초등학교,7530000,가평군,경기도가평교육지원청,경기도 가평군 설악면 신천중앙로120번길 11,공립,false,37.67952506,127.4907358,elem,true,data.go.kr
B000004803,미원초등학교위곡분교장,7530000,가평군,경기도가평교육지원청,경기도 가평군 설악면 한서로 233,공립,true,37.67062317,127.5153329,elem,true,data.go.kr
B000004806,미원초등학교장락분교장,7530000,가평군,경기도가평교육지원청,경기도 가평군 설악면 미사리로 588,공립,true,37.70388933,127.5401557,elem,true,data.go.kr
B000004658,민락초등학교,7530000,의정부시,경기도의정부교육지원청,경기도 의정부시 용현로159번길 26,공립,false,37.74217783,127.0948302,elem,true,data.go.kr
B000003861,민백초등학교,7530000,안양시,경기도안양과천교육지원청,경기도 안양시 동안구 부림로 22,공립,false,37.38651687,126.9700228,elem,true,data.go.kr
B000027530,민세초등학교,7530000,평택시,경기도평택교육지원청,경기도 평택시 고덕국제1로 200,공립,false,37.05536352,127.0400227,elem,true,data.go.kr
B000003842,박달초등학교,7530000,안양시,경기도안양과천교육지원청,경기도 안양시 만안구 삼봉로 38,공립,false,37.4007784,126.9027858,elem,true,data.go.kr
B000004166,반석초등학교,7530000,화성시,경기도화성오산교육지원청,경기도 화성시 동탄구 동탄반석로 22,공립,false,37.1936879,127.0782132381,elem,true,data.go.kr
B000004168,반송초등학교,7530000,화성시,경기도화성오산교육지원청,경기도 화성시 동탄구 동탄솔빛로 14,공립,false,37.19076668,127.0702303543,elem,true,data.go.kr
B000003911,반월초등학교,7530000,안산시,경기도안산교육지원청,경기도 안산시 상록구 건건로 39,공립,false,37.30520344,126.9006094,elem,true,data.go.kr
B000004123,반지초등학교,7530000,평택시,경기도평택교육지원청,경기도 평택시 이충로 7,공립,false,37.05791943,127.0695329,elem,true,data.go.kr
B000004641,발곡초등학교,7530000,의정부시,경기도의정부교육지원청,경기도 의정부시 동일로454번길 219-18,공립,false,37.7272431,127.0724604,elem,true,data.go.kr
B000004202,발안초등학교,7530000,화성시,경기도화성오산교육지원청,경기도 화성시 만세구 향남읍 발안로 8,공립,false,37.130370944,126.9118507088,elem,true,data.go.kr
B000024701,방교초등학교,7530000,화성시,경기도화성오산교육지원청,경기도 화성시 동탄구 동탄산척로1길 11,공립,false,37.17326405,127.1015231,elem,true,data.go.kr
B000004804,방일초등학교,7530000,가평군,경기도가평교육지원청,경기도 가평군 설악면 양방가루재길 76,공립,false,37.62929786,127.4994479,elem,true,data.go.kr
B000024182,배곧누리초등학교,7530000,시흥시,경기도시흥교육지원청,경기도 시흥시 해송십리로 472-30,공립,false,37.38260925,126.7319087,elem,true,data.go.kr
B000030426,배곧라라초등학교,7530000,시흥시,경기도시흥교육지원청,경기도 시흥시 서울대학로 255,공립,false,37.3693389,126.7230306,elem,true,data.go.kr
B000023234,배곧라온초등학교,7530000,시흥시,경기도시흥교육지원청,경기도 시흥시 배곧4로 94-39,공립,false,37.37227235,126.7350516,elem,true,data.go.kr
B000024183,배곧초등학교,7530000,시흥시,경기도시흥교육지원청,경기도 시흥시 배곧4로 44-5,공립,false,37.3758676,126.7291946,elem,true,data.go.kr
B000026600,배곧한울초등학교,7530000,시흥시,경기도시흥교육지원청,경기도 시흥시 배곧1로 28-25,공립,false,37.36012444,126.7126506,elem,true,data.go.kr
B000023848,배곧해솔초등학교,7530000,시흥시,경기도시흥교육지원청,경기도 시흥시 서울대학로 150-17,공립,false,37.36028995,126.7181156,elem,true,data.go.kr
B000024002,배다리초등학교,7530000,평택시,경기도평택교육지원청,경기도 평택시 죽백4로 65,공립,false,37.00488896,127.1216053,elem,true,data.go.kr
B000004181,배양초등학교,7530000,화성시,경기도화성오산교육지원청,경기도 화성시 효행구 융건로 90,공립,false,37.2185928768,126.989336935,elem,true,data.go.kr
B000004630,배영초등학교,7530000,의정부시,경기도의정부교육지원청,경기도 의정부시 가능로135번길 20,공립,false,37.74819416,127.0465848,elem,true,data.go.kr
B000004486,백마초등학교,7530000,고양시,경기도고양교육지원청,경기도 고양시 일산동구 일산로 230,공립,false,37.65789717,126.7908831,elem,true,data.go.kr
B000004615,백문초등학교,7530000,구리시,경기도구리남양주교육지원청,경기도 구리시 장자대로13번길 12,공립,false,37.58859949,127.1327808,elem,true,data.go.kr
B000004027,백봉초등학교,7530000,용인시,경기도용인교육지원청,경기도 용인시 처인구 백암면 죽양대로748번길 12,공립,false,37.13797647,127.399982,elem,true,data.go.kr
B000004377,백사초등학교,7530000,이천시,경기도이천교육지원청,경기도 이천시 백사면 현방로 55,공립,false,37.33888982,127.4905347,elem,true,data.go.kr
B000025326,백성초등학교,7530000,안성시,경기도안성교육지원청,경기도 안성시 아양3로 41,공립,false,37.00547351,127.2519747,elem,true,data.go.kr
B000004516,백송초등학교,7530000,고양시,경기도고양교육지원청,경기도 고양시 일산서구 하이파크3로 110,공립,false,37.70180887,126.7535566,elem,true,data.go.kr
B000004491,백신초등학교,7530000,고양시,경기도고양교육지원청,경기도 고양시 일산동구 강촌로26번길 66,공립,false,37.64426795,126.7811094,elem,true,data.go.kr
B000004026,백암초등학교,7530000,용인시,경기도용인교육지원청,경기도 용인시 처인구 백암면 백원로 501,공립,false,37.16414573,127.367490,elem,true,data.go.kr
B000004033,백암초등학교수정분교장,7530000,용인시,경기도용인교육지원청,경기도 용인시 처인구 백암면 청강가창로105번길 55-12,공립,true,37.18619793,127.360458,elem,true,data.go.kr
B000004540,백양초등학교,7530000,고양시,경기도고양교육지원청,경기도 고양시 덕양구 화신로 238,공립,false,37.63225803,126.8361005,elem,true,data.go.kr
B000004066,백운초등학교,7530000,의왕시,경기도군포의왕교육지원청,경기도 의왕시 백운초등길 4,공립,false,37.38569779,126.9748192,elem,true,data.go.kr
B000026563,백운호수초등학교,7530000,의왕시,경기도군포의왕교육지원청,경기도 의왕시 백운중앙로 67,공립,false,37.37082314,127.0075011,elem,true,data.go.kr
B000004813,백의초등학교,7530000,연천군,경기도연천교육지원청,경기도 연천군 청산면 청창로 726,공립,false,38.02329181,127.1365157,elem,true,data.go.kr
B000004820,백학초등학교,7530000,연천군,경기도연천교육지원청,경기도 연천군 백학면 백학로40번길 23,공립,false,38.03160096,126.9215468,elem,true,data.go.kr
B000003755,백현초등학교,7530000,성남시,경기도성남교육지원청,경기도 성남시 분당구 백현로144번길 26,공립,false,37.37219331,127.1111656,elem,true,data.go.kr
B000004649,버들개초등학교,7530000,의정부시,경기도의정부교육지원청,경기도 의정부시 체육로 201,공립,false,37.761967,127.0295061,elem,true,data.go.kr
B000004302,번천초등학교,7530000,광주시,경기도광주하남교육지원청,경기도 광주시 남한산성면 해공로 82,공립,false,37.44515314,127.2669502,elem,true,data.go.kr
B000003857,벌말초등학교,7530000,안양시,경기도안양과천교육지원청,경기도 안양시 동안구 학의로408번길 25,공립,false,37.39383705,126.9808953,elem,true,data.go.kr
B000004282,벌원초등학교,7530000,광주시,경기도광주하남교육지원청,경기도 광주시 회안대로 621-36,공립,false,37.40944583,127.2368413,elem,true,data.go.kr
B000003862,범계초등학교,7530000,안양시,경기도안양과천교육지원청,경기도 안양시 동안구 동안로 90,공립,false,37.38751871,126.9537811,elem,true,data.go.kr
B000003822,범박초등학교,7530000,부천시,경기도부천교육지원청,경기도 부천시 소사구 범박로 1,공립,false,37.47027535,126.8113777,elem,true,data.go.kr
B000004484,벽제초등학교,7530000,고양시,경기도고양교육지원청,경기도 고양시 일산동구 공릉천로 13,공립,false,37.69562939,126.8432728,elem,true,data.go.kr
B000026689,별가람초등학교,7530000,남양주시,경기도구리남양주교육지원청,경기도 남양주시 별내3로 173,공립,false,37.6541801,127.1242259,elem,true,data.go.kr
B000004606,별내초등학교,7530000,남양주시,경기도구리남양주교육지원청,경기도 남양주시 별내면 청학로92번길 38,공립,false,37.71140812,127.1183712,elem,true,data.go.kr
B000003887,별망초등학교,7530000,안산시,경기도안산교육지원청,경기도 안산시 단원구 초지1로 51,공립,false,37.30455278,126.8133764,elem,true,data.go.kr
B000030313,별하람초등학교,7530000,파주시,경기도파주교육지원청,경기도 파주시 가람로 117,공립,false,37.7417798,126.7585117,elem,true,data.go.kr
B000004189,병점초등학교,7530000,화성시,경기도화성오산교육지원청,경기도 화성시 병점구 경기대로 1052,공립,false,37.2099109515,127.0348963224,elem,true,data.go.kr
B000030455,보개초등학교,7530000,안성시,경기도안성교육지원청,경기도 안성시 보개면 보개원삼로 649,공립,false,37.06022412,127.2958052,elem,true,data.go.kr
B000003955,보라초등학교,7530000,용인시,경기도용인교육지원청,경기도 용인시 기흥구 금화로105번길 33,공립,false,37.2639581,127.1072221,elem,true,data.go.kr
B000026868,보름초등학교,7530000,김포시,경기도김포교육지원청,경기도 김포시 고촌읍 태리로 267,공립,false,37.59470228,126.7625643,elem,true,data.go.kr
B000004720,보산초등학교,7530000,동두천시,경기도동두천양주교육지원청,경기도 동두천시 중앙로 427,공립,false,37.91494324,127.0638418,elem,true,data.go.kr
B000003947,보정초등학교,7530000,용인시,경기도용인교육지원청,경기도 용인시 기흥구 신촌로73번길 28,공립,false,37.30910418,127.110789,elem,true,data.go.kr
B000004404,보체초등학교,7530000,안성시,경기도안성교육지원청,경기도 안성시 미양면 보체길 47,공립,false,36.9739663,127.2383297,elem,true,data.go.kr
B000003743,보평초등학교,7530000,성남시,경기도성남교육지원청,경기도 성남시 분당구 동판교로 154,공립,false,37.39603837,127.1177564,elem,true,data.go.kr
B000030422,복사초등학교,7530000,부천시,경기도부천교육지원청,경기도 부천시 소사구 은성로 210,공립,false,37.46731034,126.8079791,elem,true,data.go.kr
B000003710,복정초등학교,7530000,성남시,경기도성남교육지원청,경기도 성남시 수정구 성남대로1480번길 25,공립,false,37.46247112,127.1303836,elem,true,data.go.kr
B000004121,복창초등학교,7530000,평택시,경기도평택교육지원청,경기도 평택시 서정북로 3,공립,false,37.07122473,127.0503031,elem,true,data.go.kr
B000003907,본오초등학교,7530000,안산시,경기도안산교육지원청,경기도 안산시 상록구 각골서로 49,공립,false,37.29486464,126.867939,elem,true,data.go.kr
B000003908,본원초등학교,7530000,안산시,경기도안산교육지원청,경기도 안산시 상록구 샘골로 83,공립,false,37.29049387,126.8624697,elem,true,data.go.kr
B000004191,봉담초등학교,7530000,화성시,경기도화성오산교육지원청,경기도 화성시 효행구 봉담읍 진등3길 15,공립,false,37.22280569,126.9473597,elem,true,data.go.kr
B000004753,봉암초등학교,7530000,양주시,경기도동두천양주교육지원청,경기도 양주시 은현면 삼육사로 473,공립,false,37.91072948,127.006071,elem,true,data.go.kr
B000004677,봉일천초등학교,7530000,파주시,경기도파주교육지원청,경기도 파주시 조리읍 통일로 333,공립,false,37.74502843,126.8073348,elem,true,data.go.kr
B000004039,부곡중앙초등학교,7530000,군포시,경기도군포의왕교육지원청,경기도 군포시 송부로273번길 7,공립,false,37.32314464,126.9411386,elem,true,data.go.kr
B000003798,부광초등학교,7530000,부천시,경기도부천교육지원청,경기도 부천시 원미구 석천로209번길 40,공립,false,37.50703534,126.7621627,elem,true,data.go.kr
B000003855,부림초등학교,7530000,안양시,경기도안양과천교육지원청,경기도 안양시 동안구 달안로 161,공립,false,37.40034812,126.9600173,elem,true,data.go.kr
B000003804,부명초등학교,7530000,부천시,경기도부천교육지원청,경기도 부천시 원미구 조마루로 200,공립,false,37.49782823,126.7652584,elem,true,data.go.kr
B000004366,부발초등학교,7530000,이천시,경기도이천교육지원청,경기도 이천시 부발읍 무촌로 155,공립,false,37.28663947,127.4887438,elem,true,data.go.kr
B000004616,부양초등학교,7530000,구리시,경기도구리남양주교육지원청,경기도 구리시 장자대로 89-2,공립,false,37.59045926,127.1415843,elem,true,data.go.kr
B000004133,부용초등학교,7530000,평택시,경기도평택교육지원청,경기도 평택시 팽성읍 동서촌로 65,공립,false,36.966247,127.0590977,elem,true,data.go.kr
B000003825,부원초등학교,7530000,부천시,경기도부천교육지원청,경기도 부천시 소사구 호현로447번길 14,공립,false,37.4781892,126.7913382,elem,true,data.go.kr
B000003785,부인초등학교,7530000,부천시,경기도부천교육지원청,경기도 부천시 원미구 신상로 16,공립,false,37.4897918,126.7487411,elem,true,data.go.kr
B000003793,부일초등학교,7530000,부천시,경기도부천교육지원청,경기도 부천시 원미구 원미로182번길 31,공립,false,37.49852357,126.7946906,elem,true,data.go.kr
B000003828,부천남초등학교,7530000,부천시,경기도부천교육지원청,경기도 부천시 소사구 성주로270번길 16-1,공립,false,37.48117626,126.7829631,elem,true,data.go.kr
B000003815,부천대명초등학교,7530000,부천시,경기도부천교육지원청,경기도 부천시 오정구 성오로 160,공립,false,37.52825675,126.7973557,elem,true,data.go.kr
B000003814,부천덕산초등학교,7530000,부천시,경기도부천교육지원청,경기도 부천시 오정구 오정로252번길 91,공립,false,37.52986362,126.7907569,elem,true,data.go.kr
B000003791,부천동초등학교,7530000,부천시,경기도부천교육지원청,경기도 부천시 원미구 지봉로51번길 22,공립,false,37.4879117,126.8038687,elem,true,data.go.kr
B000003806,부천부곡초등학교,7530000,부천시,경기도부천교육지원청,경기도 부천시 원미구 부흥로272번길 31,공립,false,37.49408365,126.7731885,elem,true,data.go.kr
B000003831,부천부안초등학교,7530000,부천시,경기도부천교육지원청,경기도 부천시 소사구 경인로484번길 75,공립,false,37.48004873,126.8119637,elem,true,data.go.kr
B000003799,부천부흥초등학교,7530000,부천시,경기도부천교육지원청,경기도 부천시 원미구 계남로 154,공립,false,37.50756926,126.7663526,elem,true,data.go.kr
B000003794,부천북초등학교,7530000,부천시,경기도부천교육지원청,경기도 부천시 원미구 원미로131번길 35,공립,false,37.49366399,126.7881521,elem,true,data.go.kr
B000003812,부천삼정초등학교,7530000,부천시,경기도부천교육지원청,경기도 부천시 오정구 중동로 436,공립,false,37.51861458,126.770841,elem,true,data.go.kr
B000003796,부천서초등학교,7530000,부천시,경기도부천교육지원청,경기도 부천시 원미구 부일로330번길 30,공립,false,37.48765072,126.7656988,elem,true,data.go.kr
B000003820,부천송일초등학교,7530000,부천시,경기도부천교육지원청,경기도 부천시 소사구 경인로60번길 19,공립,false,37.48301536,126.7624605,elem,true,data.go.kr
B000003809,부천수주초등학교,7530000,부천시,경기도부천교육지원청,경기도 부천시 오정구 고강로 99,공립,false,37.53127063,126.8149996,elem,true,data.go.kr
B000003783,부천신흥초등학교,7530000,부천시,경기도부천교육지원청,경기도 부천시 원미구 길주로391번길 71,공립,false,37.50640474,126.7847155,elem,true,data.go.kr
B000003830,부천양지초등학교,7530000,부천시,경기도부천교육지원청,경기도 부천시 소사구 안곡로 130,공립,false,37.48059692,126.815527,elem,true,data.go.kr
B000003813,부천여월초등학교,7530000,부천시,경기도부천교육지원청,경기도 부천시 오정구 성곡로63번길 23,공립,false,37.51813266,126.7966782,elem,true,data.go.kr
B000003781,부천역곡초등학교,7530000,부천시,경기도부천교육지원청,경기도 부천시 원미구 역곡로65번길 12,공립,false,37.49083071,126.8074876,elem,true,data.go.kr
B000003816,부천원일초등학교,7530000,부천시,경기도부천교육지원청,경기도 부천시 오정구 소사로819번길 46,공립,false,37.53034695,126.802763,elem,true,data.go.kr
B000003832,부천일신초등학교,7530000,부천시,경기도부천교육지원청,경기도 부천시 소사구 범안로96번길 26,공립,false,37.47362374,126.8070012,elem,true,data.go.kr
B000003802,부천중앙초등학교,7530000,부천시,경기도부천교육지원청,경기도 부천시 원미구 옥산로 30,공립,false,37.4964992,126.7818257,elem,true,data.go.kr
B000003797,부천중원초등학교,7530000,부천시,경기도부천교육지원청,경기도 부천시 원미구 석천로 273,공립,false,37.51207326,126.7637887,elem,true,data.go.kr
B000003790,부천초등학교,7530000,부천시,경기도부천교육지원청,경기도 부천시 원미구 평천로 670,공립,false,37.5141701,126.7648576,elem,true,data.go.kr
B000004589,부평초등학교,7530000,남양주시,경기도구리남양주교육지원청,경기도 남양주시 진접읍 부평로48번길 27,공립,false,37.73775026,127.2015067,elem,true,data.go.kr
B000004441,북내초등학교,7530000,여주시,경기도여주교육지원청,경기도 여주시 북내면 여양2로 304,공립,false,37.32941704,127.6806122,elem,true,data.go.kr
B000004453,북내초등학교도전분교장,7530000,여주시,경기도여주교육지원청,경기도 여주시 강천면 원양1로 716,공립,true,37.33721014,127.7511112,elem,true,data.go.kr
B000003761,분당초등학교,7530000,성남시,경기도성남교육지원청,경기도 성남시 분당구 중앙공원로32번길 20,공립,false,37.37898822,127.1296966,elem,true,data.go.kr
B000004304,분원초등학교,7530000,광주시,경기도광주하남교육지원청,경기도 광주시 남종면 산수로 1642-1,공립,false,37.49625742,127.3034488,elem,true,data.go.kr
B000003752,불곡초등학교,7530000,성남시,경기도성남교육지원청,경기도 성남시 분당구 무지개로 129,공립,false,37.34098363,127.1197315,elem,true,data.go.kr
B000003756,불정초등학교,7530000,성남시,경기도성남교육지원청,경기도 성남시 분당구 돌마로 250,공립,false,37.36125574,127.1194969,elem,true,data.go.kr
B000004392,비룡초등학교,7530000,안성시,경기도안성교육지원청,경기도 안성시 비룡로 78,공립,false,37.01502455,127.2628264,elem,true,data.go.kr
B000004212,비봉초등학교,7530000,화성시,경기도화성오산교육지원청,경기도 화성시 효행구 비봉면 양노로 71,공립,false,37.2367860204,126.8695160517,elem,true,data.go.kr
B000003876,비산초등학교,7530000,안양시,경기도안양과천교육지원청,경기도 안양시 동안구 운곡로 52,공립,false,37.40526069,126.943703,elem,true,data.go.kr
B000004116,비전초등학교,7530000,평택시,경기도평택교육지원청,경기도 평택시 비전1로57번길 1,공립,false,37.00159007,127.0907771,elem,true,data.go.kr
B000024196,빛가온초등학교,7530000,광명시,경기도광명교육지원청,경기도 광명시 양달로10번길 8,공립,false,37.41261642,126.8814812,elem,true,data.go.kr
B000004573,사능초등학교,7530000,남양주시,경기도구리남양주교육지원청,경기도 남양주시 진건읍 사릉로372번길 2,공립,false,37.65542076,127.1840123,elem,true,data.go.kr
B000004723,사동초등학교,7530000,동두천시,경기도동두천양주교육지원청,경기도 동두천시 생연로 65,공립,false,37.89877159,127.0485171,elem,true,data.go.kr
B000004335,사우초등학교,7530000,김포시,경기도김포교육지원청,경기도 김포시 사우로 20,공립,false,37.62052677,126.7239749,elem,true,data.go.kr
B000004223,사창초등학교,7530000,화성시,경기도화성오산교육지원청,경기도 화성시 만세구 양감면 정문회화로 7,공립,false,37.09200273,126.9730915,elem,true,data.go.kr
B000004313,산곡초등학교,7530000,하남시,경기도광주하남교육지원청,경기도 하남시 하남대로302번길 45,공립,false,37.5040936,127.2345321,elem,true,data.go.kr
B000003692,산남초등학교,7530000,수원시,경기도수원교육지원청,경기도 수원시 영통구 산남로 86,공립,false,37.27064523,127.0501161,elem,true,data.go.kr
B000026108,산내초등학교,7530000,파주시,경기도파주교육지원청,경기도 파주시 교하로 140,공립,false,37.7228508,126.7364788,elem,true,data.go.kr
B000026107,산들초등학교,7530000,파주시,경기도파주교육지원청,경기도 파주시 교하로 60,공립,false,37.72937777,126.731250,elem,true,data.go.kr
B000026779,산마루초등학교,7530000,구리시,경기도구리남양주교육지원청,경기도 구리시 갈매순환로 133,공립,false,37.63163747,127.1201526,elem,true,data.go.kr
B000004055,산본초등학교,7530000,군포시,경기도군포의왕교육지원청,경기도 군포시 산본로386번길 60,공립,false,37.36877717,126.9345913,elem,true,data.go.kr
B000004738,산북초등학교,7530000,양주시,경기도동두천양주교육지원청,경기도 양주시 평화로1261번길 96-46,공립,false,37.80608755,127.0391829,elem,true,data.go.kr
B000003945,산양초등학교,7530000,용인시,경기도용인교육지원청,경기도 용인시 기흥구 산양로 2,공립,false,37.28379756,127.108588,elem,true,data.go.kr
B000003747,산운초등학교,7530000,성남시,경기도성남교육지원청,경기도 성남시 분당구 판교원로117번길 11,공립,false,37.38975272,127.079026,elem,true,data.go.kr
B000003683,산의초등학교,7530000,수원시,경기도수원교육지원청,경기도 수원시 영통구 센트럴타운로22번길 25,공립,false,37.29037137,127.057187,elem,true,data.go.kr
B000004407,산평초등학교,7530000,안성시,경기도안성교육지원청,경기도 안성시 서운면 서운로 58,공립,false,36.91995315,127.2614748,elem,true,data.go.kr
B000024134,산현초등학교,7530000,시흥시,경기도시흥교육지원청,경기도 시흥시 목감남서로 68,공립,false,37.37477092,126.8449948,elem,true,data.go.kr
B000004006,삼가초등학교,7530000,용인시,경기도용인교육지원청,경기도 용인시 처인구 중부대로1158번길 45,공립,false,37.23671162,127.170492,elem,true,data.go.kr
B000004150,삼덕초등학교,7530000,평택시,경기도평택교육지원청,경기도 평택시 청북읍 청북중앙로 226,공립,false,37.03955035,126.9118343,elem,true,data.go.kr
B000004295,삼리초등학교,7530000,광주시,경기도광주하남교육지원청,경기도 광주시 곤지암읍 평촌길 30-28,공립,false,37.35782142,127.3243262,elem,true,data.go.kr
B000004257,삼미초등학교,7530000,오산시,경기도화성오산교육지원청,경기도 오산시 북삼미로 183-9,공립,false,37.19135584,127.0602681,elem,true,data.go.kr
B000003843,삼봉초등학교,7530000,안양시,경기도안양과천교육지원청,경기도 안양시 만안구 박달로437번길 21,공립,false,37.40297685,126.8991863,elem,true,data.go.kr
B000004749,삼상초등학교,7530000,양주시,경기도동두천양주교육지원청,경기도 양주시 장흥면 일영로 641,공립,false,37.70034708,126.9299518,elem,true,data.go.kr
B000004702,삼성초등학교,7530000,파주시,경기도파주교육지원청,경기도 파주시 탄현면 방촌로 1009-20,공립,false,37.82561708,126.7327566,elem,true,data.go.kr
B000003844,삼성초등학교,7530000,안양시,경기도안양과천교육지원청,경기도 안양시 만안구 경수대로 1240,공립,false,37.4195128,126.9119847,elem,true,data.go.kr
B000022566,삼송초등학교,7530000,고양시,경기도고양교육지원청,경기도 고양시 덕양구 세솔로 150,공립,false,37.6541995,126.8823957,elem,true,data.go.kr
B000004740,삼숭초등학교,7530000,양주시,경기도동두천양주교육지원청,경기도 양주시 삼숭로38번길 112,공립,false,37.79671054,127.1081899,elem,true,data.go.kr
B000003924,삼일초등학교,7530000,안산시,경기도안산교육지원청,경기도 안산시 상록구 월피로 42,공립,false,37.33214935,126.8498188,elem,true,data.go.kr
B000004414,삼죽초등학교,7530000,안성시,경기도안성교육지원청,경기도 안성시 삼죽면 삼죽초교길 20,공립,false,37.07645645,127.3744669,elem,true,data.go.kr
B000024099,삼현초등학교,7530000,의정부시,경기도의정부교육지원청,경기도 의정부시 송양로 87,공립,false,37.75138311,127.1158063,elem,true,data.go.kr
B000003954,상갈초등학교,7530000,용인시,경기도용인교육지원청,경기도 용인시 기흥구 금화로58번길 17,공립,false,37.26425129,127.1109979,elem,true,data.go.kr
B000003722,상대원초등학교,7530000,성남시,경기도성남교육지원청,경기도 성남시 중원구 순환로214번길 16,공립,false,37.4423833,127.181591,elem,true,data.go.kr
B000003786,상도초등학교,7530000,부천시,경기도부천교육지원청,경기도 부천시 원미구 장말로 149,공립,false,37.49448521,126.7592496,elem,true,data.go.kr
B000003784,상동초등학교,7530000,부천시,경기도부천교육지원청,경기도 부천시 원미구 부흥로 70,공립,false,37.49687044,126.7501495,elem,true,data.go.kr
B000003914,상록초등학교,7530000,안산시,경기도안산교육지원청,경기도 안산시 상록구 본오로 157,공립,false,37.29893794,126.8662451,elem,true,data.go.kr
B000003629,상률초등학교,7530000,수원시,경기도수원교육지원청,경기도 수원시 장안구 덕영대로417번길 98,공립,false,37.30476787,126.9695872,elem,true,data.go.kr
B000004815,상리초등학교,7530000,연천군,경기도연천교육지원청,경기도 연천군 연천읍 상리로 70,공립,false,38.13537908,127.0751156,elem,true,data.go.kr
B000004799,상면초등학교,7530000,가평군,경기도가평교육지원청,경기도 가평군 상면 청군로 700-22,공립,false,37.7760635,127.3711377,elem,true,data.go.kr
B000003779,상미초등학교,7530000,부천시,경기도부천교육지원청,경기도 부천시 원미구 상이로 64,공립,false,37.49471207,126.7445653,elem,true,data.go.kr
B000004194,상봉초등학교,7530000,화성시,경기도화성오산교육지원청,경기도 화성시 효행구 봉담읍 상봉길 52,공립,false,37.2180182653,126.9547323937,elem,true,data.go.kr
B000004793,상색초등학교,7530000,가평군,경기도가평교육지원청,경기도 가평군 가평읍 태봉두밀로 34-31,공립,false,37.80540353,127.4849856,elem,true,data.go.kr
B000004756,상수초등학교,7530000,양주시,경기도동두천양주교육지원청,경기도 양주시 남면 화합로 503,공립,false,37.8692227,126.9879691,elem,true,data.go.kr
B000024727,상신초등학교,7530000,화성시,경기도화성오산교육지원청,경기도 화성시 만세구 향남읍 손개길 7,공립,false,37.09909078,126.8983829,elem,true,data.go.kr
B000003732,상원초등학교,7530000,성남시,경기도성남교육지원청,경기도 성남시 중원구 은행로 6,공립,false,37.45388421,127.1627759,elem,true,data.go.kr
B000003780,상원초등학교,7530000,부천시,경기도부천교육지원청,경기도 부천시 원미구 부흥로 93,공립,false,37.4982718,126.7532784,elem,true,data.go.kr
B000003776,상인초등학교,7530000,부천시,경기도부천교육지원청,경기도 부천시 원미구 도약로 61,공립,false,37.51280378,126.756348,elem,true,data.go.kr
B000003778,상일초등학교,7530000,부천시,경기도부천교육지원청,경기도 부천시 원미구 조마루로 57,공립,false,37.50180265,126.7504878,elem,true,data.go.kr
B000003795,상지초등학교,7530000,부천시,경기도부천교육지원청,경기도 부천시 원미구 장말로 189,공립,false,37.49402063,126.7634728,elem,true,data.go.kr
B000004795,상천초등학교,7530000,가평군,경기도가평교육지원청,경기도 가평군 청평면 상천역로19번길 38,공립,false,37.77011441,127.4560853,elem,true,data.go.kr
B000003645,상촌초등학교,7530000,수원시,경기도수원교육지원청,경기도 수원시 권선구 금곡로31번길 92,공립,false,37.27320642,126.9353319,elem,true,data.go.kr
B000004501,상탄초등학교,7530000,고양시,경기도고양교육지원청,경기도 고양시 일산서구 현중로 47,공립,false,37.6951347,126.7666945,elem,true,data.go.kr
B000003741,상탑초등학교,7530000,성남시,경기도성남교육지원청,경기도 성남시 분당구 판교로 647,공립,false,37.40620861,127.1456346,elem,true,data.go.kr
B000004754,상패초등학교,7530000,양주시,경기도동두천양주교육지원청,경기도 양주시 은현면 은현로312번길 121-208,공립,false,37.89802794,127.0264769,elem,true,data.go.kr
B000004448,상품초등학교,7530000,여주시,경기도여주교육지원청,경기도 여주시 산북면 금품1로 15,공립,false,37.40533485,127.4450137,elem,true,data.go.kr
B000003971,상하초등학교,7530000,용인시,경기도용인교육지원청,경기도 용인시 기흥구 중부대로788번길 27,공립,false,37.25702806,127.1405398,elem,true,data.go.kr
B000004002,상현초등학교,7530000,용인시,경기도용인교육지원청,경기도 용인시 수지구 만현로67번길 23,공립,false,37.30882494,127.089682,elem,true,data.go.kr
B000004667,새금초등학교,7530000,파주시,경기도파주교육지원청,경기도 파주시 후곡로 104,공립,false,37.74819426,126.7729114,elem,true,data.go.kr
B000026878,새동초등학교,7530000,화성시,경기도화성오산교육지원청,경기도 화성시 만세구 남양읍 남양중앙로 346,공립,false,37.207619,126.8361184,elem,true,data.go.kr
B000004642,새말초등학교,7530000,의정부시,경기도의정부교육지원청,경기도 의정부시 추동로124번길 37,공립,false,37.74638672,127.0691577,elem,true,data.go.kr
B000030436,새봄초등학교,7530000,화성시,경기도화성오산교육지원청,경기도 화성시 병점구 병점노을로 19,공립,false,37.20146282,127.0297732,elem,true,data.go.kr
B000003937,새빛초등학교,7530000,용인시,경기도용인교육지원청,경기도 용인시 수지구 광교마을로 63,공립,false,37.29889754,127.0726242,elem,true,data.go.kr
B000026250,새솔초등학교,7530000,화성시,경기도화성오산교육지원청,경기도 화성시 만세구 수노을1로 123,공립,false,37.2890807,126.8190155,elem,true,data.go.kr
B000025641,샘말초등학교,7530000,용인시,경기도용인교육지원청,경기도 용인시 기흥구 흥덕중앙로105번길 9,공립,false,37.27733692,127.0781839,elem,true,data.go.kr
B000003852,샘모루초등학교,7530000,안양시,경기도안양과천교육지원청,경기도 안양시 동안구 관악대로 155,공립,false,37.3996207,126.9408353,elem,true,data.go.kr
B000024270,생금초등학교,7530000,시흥시,경기도시흥교육지원청,경기도 시흥시 죽율로 45-42,공립,false,37.35038333,126.757624,elem,true,data.go.kr
B000004721,생연초등학교,7530000,동두천시,경기도동두천양주교육지원청,경기도 동두천시 생골로 19,공립,false,37.90121487,127.0591352,elem,true,data.go.kr
B000024717,서경초등학교,7530000,화성시,경기도화성오산교육지원청,경기도 화성시 병점구 동탄지성로 265,공립,false,37.21701887,127.0508398,elem,true,data.go.kr
B000003936,서농초등학교,7530000,용인시,경기도용인교육지원청,경기도 용인시 기흥구 서천동로21번길 5,공립,false,37.23913932,127.076329,elem,true,data.go.kr
B000003758,서당초등학교,7530000,성남시,경기도성남교육지원청,경기도 성남시 분당구 돌마로476번길 30,공립,false,37.37460238,127.1345888,elem,true,data.go.kr
B000004011,서룡초등학교,7530000,용인시,경기도용인교육지원청,경기도 용인시 처인구 중부대로1281번길 11,공립,false,37.23811035,127.1870731,elem,true,data.go.kr
B000004273,서면초등학교,7530000,광명시,경기도광명교육지원청,경기도 광명시 오리로 402,공립,false,37.43863936,126.8795927,elem,true,data.go.kr
B000026875,서봉초등학교,7530000,화성시,경기도화성오산교육지원청,경기도 화성시 만세구 향남읍 상신하길로195번길 84,공립,false,37.11088968,126.9071893,elem,true,data.go.kr
B000004312,서부초등학교,7530000,하남시,경기도광주하남교육지원청,경기도 하남시 서하남로 161,공립,false,37.51574263,127.1620385,elem,true,data.go.kr
B000004219,서신초등학교,7530000,화성시,경기도화성오산교육지원청,경기도 화성시 만세구 서신면 매화3길 17,공립,false,37.1695661126,126.707298514,elem,true,data.go.kr
B000004342,서암초등학교,7530000,김포시,경기도김포교육지원청,경기도 김포시 통진읍 서암로184번길 9,공립,false,37.69999628,126.6052043,elem,true,data.go.kr
B000024711,서연초등학교,7530000,화성시,경기도화성오산교육지원청,경기도 화성시 동탄구 동탄대로4가길 25,공립,false,37.15976339,127.1137726,elem,true,data.go.kr
B000004405,서운초등학교,7530000,안성시,경기도안성교육지원청,경기도 안성시 서운면 서운초교길 24,공립,false,36.94646272,127.2549898,elem,true,data.go.kr
B000003980,서원초등학교,7530000,용인시,경기도용인교육지원청,경기도 용인시 수지구 상현로 45,공립,false,37.30375053,127.0785606,elem,true,data.go.kr
B000004129,서정리초등학교,7530000,평택시,경기도평택교육지원청,경기도 평택시 서두물로 21,공립,false,37.05836093,127.0581637,elem,true,data.go.kr
B000004533,서정초등학교,7530000,고양시,경기도고양교육지원청,경기도 고양시 덕양구 소원로 251,공립,false,37.61434108,126.8488394,elem,true,data.go.kr
B000004457,서종초등학교,7530000,양평군,경기도양평교육지원청,경기도 양평군 서종면 북한강로789번길 8,공립,false,37.60910196,127.3481944,elem,true,data.go.kr
B000003956,서천초등학교,7530000,용인시,경기도용인교육지원청,경기도 용인시 기흥구 서그내로62번길 6,공립,false,37.24305253,127.0721596,elem,true,data.go.kr
B000004084,서촌초등학교,7530000,시흥시,경기도시흥교육지원청,경기도 시흥시 정왕대로118번길 27,공립,false,37.34942585,126.7275021,elem,true,data.go.kr
B000004155,서탄초등학교,7530000,평택시,경기도평택교육지원청,경기도 평택시 서탄면 금암2길 121,공립,false,37.1073282,127.0361394,elem,true,data.go.kr
B000004161,서탄초등학교내수분교장,7530000,평택시,경기도평택교육지원청,경기도 평택시 서탄면 수월암3길 61,공립,true,37.11936703,127.0159419,elem,true,data.go.kr
B000003660,서평초등학교,7530000,수원시,경기도수원교육지원청,경기도 수원시 권선구 수인로9번길 52,공립,false,37.26867712,126.9970853,elem,true,data.go.kr
B000004087,서해초등학교,7530000,시흥시,경기도시흥교육지원청,경기도 시흥시 정왕대로53번길 14,공립,false,37.35612237,126.7251312,elem,true,data.go.kr
B000003760,서현초등학교,7530000,성남시,경기도성남교육지원청,경기도 성남시 분당구 중앙공원로39번길 12,공립,false,37.38257622,127.128550,elem,true,data.go.kr
B000003659,서호초등학교,7530000,수원시,경기도수원교육지원청,경기도 수원시 권선구 서호동로14번길 47,공립,false,37.26623106,126.9903299,elem,true,data.go.kr
B000004669,석곶초등학교,7530000,파주시,경기도파주교육지원청,경기도 파주시 책향기로 451,공립,false,37.72519201,126.7217544,elem,true,data.go.kr
B000003973,석성초등학교,7530000,용인시,경기도용인교육지원청,경기도 용인시 기흥구 동백2로 53,공립,false,37.2703565,127.1580707,elem,true,data.go.kr
B000003841,석수초등학교,7530000,안양시,경기도안양과천교육지원청,경기도 안양시 만안구 석수로 110,공립,false,37.40610427,126.9007563,elem,true,data.go.kr
B000004169,석우초등학교,7530000,화성시,경기도화성오산교육지원청,경기도 화성시 동탄구 동탄시범한빛길 32,공립,false,37.2090981524,127.0680709743,elem,true,data.go.kr
B000004351,석정초등학교,7530000,김포시,경기도김포교육지원청,경기도 김포시 대곶면 대곶로331번길 10,공립,false,37.67365359,126.5541183,elem,true,data.go.kr
B000004206,석천초등학교,7530000,화성시,경기도화성오산교육지원청,경기도 화성시 만세구 우정읍 석천길 52,공립,false,37.0549689547,126.7888978201,elem,true,data.go.kr
B000003777,석천초등학교,7530000,부천시,경기도부천교육지원청,경기도 부천시 원미구 계남로 29,공립,false,37.51051129,126.7522971,elem,true,data.go.kr
B000003960,석현초등학교,7530000,용인시,경기도용인교육지원청,경기도 용인시 기흥구 흥덕3로 42,공립,false,37.27278759,127.0830481,elem,true,data.go.kr
B000003919,석호초등학교,7530000,안산시,경기도안산교육지원청,경기도 안산시 상록구 석호로 113,공립,false,37.30123685,126.8483132,elem,true,data.go.kr
B000004759,선단초등학교,7530000,포천시,경기도포천교육지원청,경기도 포천시 삼육사로2111번길 29,공립,false,37.86117593,127.1558693,elem,true,data.go.kr
B000004291,선동초등학교,7530000,광주시,경기도광주하남교육지원청,경기도 광주시 초월읍 동막골길 5,공립,false,37.37809776,127.3175855,elem,true,data.go.kr
B000003898,선부초등학교,7530000,안산시,경기도안산교육지원청,경기도 안산시 단원구 달미로 24,공립,false,37.33822777,126.8140941,elem,true,data.go.kr
B000003895,선일초등학교,7530000,안산시,경기도안산교육지원청,경기도 안산시 단원구 선이로3길 40,공립,false,37.34008816,126.7998025,elem,true,data.go.kr
B000003614,선행초등학교,7530000,수원시,경기도수원교육지원청,경기도 수원시 권선구 세권로196번길 21,공립,false,37.25438485,127.0259805,elem,true,data.go.kr
B000004357,설봉초등학교,7530000,이천시,경기도이천교육지원청,경기도 이천시 향교로 129,공립,false,37.28479642,127.4524983,elem,true,data.go.kr
B000004385,설성초등학교,7530000,이천시,경기도이천교육지원청,경기도 이천시 설성면 진상미로264번길 21-165,공립,false,37.11011075,127.537424,elem,true,data.go.kr
B000003808,성곡초등학교,7530000,부천시,경기도부천교육지원청,경기도 부천시 오정구 여월로 75,공립,false,37.5129789,126.8056547,elem,true,data.go.kr
B000003727,성남동초등학교,7530000,성남시,경기도성남교육지원청,경기도 성남시 중원구 자혜로32번길 10,공립,false,37.4492524,127.1621785,elem,true,data.go.kr
B000003753,성남매송초등학교,7530000,성남시,경기도성남교육지원청,경기도 성남시 분당구 탄천로 97,공립,false,37.40218357,127.1224032,elem,true,data.go.kr
B000003754,성남미금초등학교,7530000,성남시,경기도성남교육지원청,경기도 성남시 분당구 미금로 151,공립,false,37.34742048,127.1153003,elem,true,data.go.kr
B000003713,성남북초등학교,7530000,성남시,경기도성남교육지원청,경기도 성남시 수정구 희망로534번길 3,공립,false,37.45149984,127.1514735,elem,true,data.go.kr
B000003719,성남서초등학교,7530000,성남시,경기도성남교육지원청,경기도 성남시 수정구 태평로 19,공립,false,37.44854378,127.1294194,elem,true,data.go.kr
B000003742,성남송현초등학교,7530000,성남시,경기도성남교육지원청,경기도 성남시 분당구 동판교로 258,공립,false,37.40545218,127.1163459,elem,true,data.go.kr
B000003714,성남수정초등학교,7530000,성남시,경기도성남교육지원청,경기도 성남시 수정구 제일로123번길 9,공립,false,37.43621121,127.1327837,elem,true,data.go.kr
B000003737,성남신기초등학교,7530000,성남시,경기도성남교육지원청,경기도 성남시 분당구 황새울로 74,공립,false,37.36658192,127.1110596,elem,true,data.go.kr
B000003715,성남신흥초등학교,7530000,성남시,경기도성남교육지원청,경기도 성남시 수정구 공원로436번길 17,공립,false,37.45057746,127.1434705,elem,true,data.go.kr
B000003716,성남양지초등학교,7530000,성남시,경기도성남교육지원청,경기도 성남시 수정구 논골로36번길 33,공립,false,37.45921737,127.1608837,elem,true,data.go.kr
B000024195,성남여수초등학교,7530000,성남시,경기도성남교육지원청,경기도 성남시 중원구 여수울로 37,공립,false,37.41945097,127.1330812,elem,true,data.go.kr
B000003731,성남은행초등학교,7530000,성남시,경기도성남교육지원청,경기도 성남시 중원구 순환로447번길 11,공립,false,37.46100227,127.1709005,elem,true,data.go.kr
B000003764,성남장안초등학교,7530000,성남시,경기도성남교육지원청,경기도 성남시 분당구 장안로51번길 10,공립,false,37.37266155,127.1444594,elem,true,data.go.kr
B000003771,성남정자초등학교,7530000,성남시,경기도성남교육지원청,경기도 성남시 분당구 분당수서로 442,공립,false,37.37451655,127.1049139,elem,true,data.go.kr
B000003734,성남제일초등학교,7530000,성남시,경기도성남교육지원청,경기도 성남시 중원구 광명로184번길 23,공립,false,37.43890676,127.1496107,elem,true,data.go.kr
B000003730,성남중앙초등학교,7530000,성남시,경기도성남교육지원청,경기도 성남시 중원구 원터로94번길 7,공립,false,37.43625492,127.1435588,elem,true,data.go.kr
B000003718,성남초등학교,7530000,성남시,경기도성남교육지원청,경기도 성남시 수정구 수정로 233,공립,false,37.44608455,127.144146,elem,true,data.go.kr
B000024167,성남화랑초등학교,7530000,성남시,경기도성남교육지원청,경기도 성남시 분당구 동판교로 77,공립,false,37.39022385,127.1158892,elem,true,data.go.kr
B000004548,성라초등학교,7530000,고양시,경기도고양교육지원청,경기도 고양시 덕양구 호국로716번길 13-19,공립,false,37.65279018,126.8338443,elem,true,data.go.kr
B000003982,성복초등학교,7530000,용인시,경기도용인교육지원청,경기도 용인시 수지구 성복2로78번길 52,공립,false,37.31954195,127.0781599,elem,true,data.go.kr
B000004551,성사초등학교,7530000,고양시,경기도고양교육지원청,경기도 고양시 덕양구 호국로834번길 89,공립,false,37.65782169,126.8436524,elem,true,data.go.kr
B000004255,성산초등학교,7530000,오산시,경기도화성오산교육지원청,경기도 오산시 성호대로 43,공립,false,37.1504447,127.0670421,elem,true,data.go.kr
B000004003,성서초등학교,7530000,용인시,경기도용인교육지원청,경기도 용인시 수지구 성복2로 210,공립,false,37.32017186,127.0650769,elem,true,data.go.kr
B000004485,성석초등학교,7530000,고양시,경기도고양교육지원청,경기도 고양시 일산동구 문봉길 110,공립,false,37.70737883,126.8123741,elem,true,data.go.kr
B000003707,성수초등학교,7530000,성남시,경기도성남교육지원청,경기도 성남시 수정구 모란로 11,공립,false,37.43376609,127.1272377,elem,true,data.go.kr
B000004536,성신초등학교,7530000,고양시,경기도고양교육지원청,경기도 고양시 덕양구 성신로 104,공립,false,37.62663419,126.839920,elem,true,data.go.kr
B000003930,성안초등학교,7530000,안산시,경기도안산교육지원청,경기도 안산시 상록구 삼리로 119,공립,false,37.30482509,126.8538634,elem,true,data.go.kr
B000004512,성저초등학교,7530000,고양시,경기도고양교육지원청,경기도 고양시 일산서구 성저로 92,공립,false,37.68474502,126.7573647,elem,true,data.go.kr
B000003834,성주초등학교,7530000,부천시,경기도부천교육지원청,경기도 부천시 소사구 성주로 118,공립,false,37.47845899,126.7696295,elem,true,data.go.kr
B000003941,성지초등학교,7530000,용인시,경기도용인교육지원청,경기도 용인시 기흥구 강남서로 38,공립,false,37.27496793,127.1286049,elem,true,data.go.kr
B000003922,성포초등학교,7530000,안산시,경기도안산교육지원청,경기도 안산시 상록구 안산천동로 90,공립,false,37.32434569,126.8426789,elem,true,data.go.kr
B000004236,성호초등학교,7530000,오산시,경기도화성오산교육지원청,경기도 오산시 성호새싹길 8,공립,false,37.15047668,127.0709442,elem,true,data.go.kr
B000003653,세곡초등학교,7530000,수원시,경기도수원교육지원청,경기도 수원시 권선구 세권로207번길 32,공립,false,37.25629813,127.0283401,elem,true,data.go.kr
B000004119,세교초등학교,7530000,평택시,경기도평택교육지원청,경기도 평택시 세교공원로 32,공립,false,37.00212071,127.0831756,elem,true,data.go.kr
B000023997,세담초등학교,7530000,오산시,경기도화성오산교육지원청,경기도 오산시 죽담2로 8,공립,false,37.16466234,127.0490836,elem,true,data.go.kr
B000003661,세류초등학교,7530000,수원시,경기도수원교육지원청,경기도 수원시 권선구 세류로 78,공립,false,37.26636058,127.010354,elem,true,data.go.kr
B000026019,세마초등학교,7530000,오산시,경기도화성오산교육지원청,경기도 오산시 세마문학로 45,공립,false,37.1696802,127.0275815,elem,true,data.go.kr
B000024758,세미초등학교,7530000,오산시,경기도화성오산교육지원청,경기도 오산시 내삼미로 127,공립,false,37.17448251,127.0643873,elem,true,data.go.kr
B000024063,세아초등학교,7530000,평택시,경기도평택교육지원청,경기도 평택시 세교4로 50,공립,false,37.00836879,127.0883054,elem,true,data.go.kr
B000004472,세월초등학교,7530000,양평군,경기도양평교육지원청,경기도 양평군 강상면 세월길147번길 2,공립,false,37.43605381,127.4951126,elem,true,data.go.kr
B000024707,세정초등학교,7530000,화성시,경기도화성오산교육지원청,경기도 화성시 동탄구 동탄순환대로12길 74,공립,false,37.16678823,127.1260411,elem,true,data.go.kr
B000004426,세종초등학교,7530000,여주시,경기도여주교육지원청,경기도 여주시 세종로 204-19,공립,false,37.2797981,127.6338262,elem,true,data.go.kr
B000004097,소래초등학교,7530000,시흥시,경기도시흥교육지원청,경기도 시흥시 호현로27번길 1,공립,false,37.44261531,126.7846566,elem,true,data.go.kr
B000004554,소만초등학교,7530000,고양시,경기도고양교육지원청,경기도 고양시 덕양구 화신로 48,공립,false,37.61754278,126.8395857,elem,true,data.go.kr
B000004114,소사벌초등학교,7530000,평택시,경기도평택교육지원청,경기도 평택시 동부공원로 59,공립,false,36.99531759,127.116892,elem,true,data.go.kr
B000003826,소사초등학교,7530000,부천시,경기도부천교육지원청,경기도 부천시 소사구 은성로 58,공립,false,37.47361187,126.7973298,elem,true,data.go.kr
B000003824,소안초등학교,7530000,부천시,경기도부천교육지원청,경기도 부천시 소사구 소사동로72번길 29,공립,false,37.47237615,126.804222,elem,true,data.go.kr
B000004726,소요초등학교,7530000,동두천시,경기도동두천양주교육지원청,경기도 동두천시 봉동로 64,공립,false,37.94849078,127.0540277,elem,true,data.go.kr
B000003833,소일초등학교,7530000,부천시,경기도부천교육지원청,경기도 부천시 소사구 소사로102번길 78,공립,false,37.46920358,126.8025378,elem,true,data.go.kr
B000004261,소하초등학교,7530000,광명시,경기도광명교육지원청,경기도 광명시 소하일로 45,공립,false,37.44927566,126.8873732,elem,true,data.go.kr
B000003946,소현초등학교,7530000,용인시,경기도용인교육지원청,경기도 용인시 수지구 만현로133번길 78,공립,false,37.30192517,127.0924337,elem,true,data.go.kr
B000003705,소화초등학교,7530000,수원시,경기도수원교육지원청,경기도 수원시 영통구 광교중앙로 30,사립,false,37.27820749,127.0528005,elem,true,data.go.kr
B000003994,손곡초등학교,7530000,용인시,경기도용인교육지원청,경기도 용인시 수지구 손곡로 68,공립,false,37.33686539,127.0950036,elem,true,data.go.kr
B000003978,솔개초등학교,7530000,용인시,경기도용인교육지원청,경기도 용인시 수지구 상현로 79,공립,false,37.30579885,127.0817295,elem,true,data.go.kr
B000004653,솔뫼초등학교,7530000,의정부시,경기도의정부교육지원청,경기도 의정부시 시민로 442,공립,false,37.73136881,127.0810565,elem,true,data.go.kr
B000004167,솔빛초등학교,7530000,화성시,경기도화성오산교육지원청,경기도 화성시 동탄구 동탄반석로 84,공립,false,37.1966888294,127.0737903,elem,true,data.go.kr
B000003821,솔안초등학교,7530000,부천시,경기도부천교육지원청,경기도 부천시 소사구 경인로1185번길 27,공립,false,37.4857014,126.7508603,elem,true,data.go.kr
B000004321,솔터초등학교,7530000,김포시,경기도김포교육지원청,경기도 김포시 김포한강7로22번길 61,공립,false,37.64120856,126.6343528,elem,true,data.go.kr
B000004384,송곡초등학교,7530000,이천시,경기도이천교육지원청,경기도 이천시 모가면 진상미로 1054,공립,false,37.15240669,127.4839209,elem,true,data.go.kr
B000003787,송내초등학교,7530000,부천시,경기도부천교육지원청,경기도 부천시 원미구 석천로 27,공립,false,37.4906788,126.7587493,elem,true,data.go.kr
B000004210,송라초등학교,7530000,화성시,경기도화성오산교육지원청,경기도 화성시 효행구 매송면 푸른들판로 1970-16,공립,false,37.27306194,126.8886245,elem,true,data.go.kr
B000026249,송린초등학교,7530000,화성시,경기도화성오산교육지원청,경기도 화성시 만세구 수노을1로 253,공립,false,37.27823129,126.8241504,elem,true,data.go.kr
B000003634,송림초등학교,7530000,수원시,경기도수원교육지원청,경기도 수원시 장안구 대평로51번길 65,공립,false,37.2912808,126.9917372,elem,true,data.go.kr
B000004127,송북초등학교,7530000,평택시,경기도평택교육지원청,경기도 평택시 지산로 90,공립,false,37.08049348,127.0666324,elem,true,data.go.kr
B000004218,송산초등학교,7530000,화성시,경기도화성오산교육지원청,경기도 화성시 만세구 송산면 사강시장길 15-9,공립,false,37.214340419,126.7327100174,elem,true,data.go.kr
B000004446,송삼초등학교,7530000,여주시,경기도여주교육지원청,경기도 여주시 가남읍 송삼로 165,공립,false,37.17646533,127.6339597,elem,true,data.go.kr
B000004128,송신초등학교,7530000,평택시,경기도평택교육지원청,경기도 평택시 송월로32번길 32,공립,false,37.07519037,127.0521302,elem,true,data.go.kr
B000022657,송안초등학교,7530000,군포시,경기도군포의왕교육지원청,경기도 군포시 송부로73번길 7,공립,false,37.31798939,126.9211924,elem,true,data.go.kr
B000004657,송양초등학교,7530000,의정부시,경기도의정부교육지원청,경기도 의정부시 송양로 49,공립,false,37.7531883,127.1121565,elem,true,data.go.kr
B000004765,송우초등학교,7530000,포천시,경기도포천교육지원청,경기도 포천시 소흘읍 송우로 42,공립,false,37.8291135,127.1442427,elem,true,data.go.kr
B000004083,송운초등학교,7530000,시흥시,경기도시흥교육지원청,경기도 시흥시 옥구천동로 433-25,공립,false,37.36014051,126.7301455,elem,true,data.go.kr
B000003620,송원초등학교,7530000,수원시,경기도수원교육지원청,경기도 수원시 장안구 수일로 185,공립,false,37.30849343,127.010124,elem,true,data.go.kr
B000004130,송일초등학교,7530000,평택시,경기도평택교육지원청,경기도 평택시 송일로 6,공립,false,37.06276469,127.0595666,elem,true,data.go.kr
B000004019,송전초등학교,7530000,용인시,경기도용인교육지원청,경기도 용인시 처인구 이동읍 경기동로687번길 14,공립,false,37.1408151,127.1986336,elem,true,data.go.kr
B000003626,송정초등학교,7530000,수원시,경기도수원교육지원청,경기도 수원시 장안구 송정로 41,공립,false,37.29707655,127.0017089,elem,true,data.go.kr
B000003627,송죽초등학교,7530000,수원시,경기도수원교육지원청,경기도 수원시 장안구 송원로41번길 34,공립,false,37.30076246,127.0060008,elem,true,data.go.kr
B000004439,송촌초등학교,7530000,여주시,경기도여주교육지원청,경기도 여주시 대신면 여양1로 237,공립,false,37.4117204,127.5690748,elem,true,data.go.kr
B000004748,송추초등학교,7530000,양주시,경기도동두천양주교육지원청,경기도 양주시 장흥면 호국로 499,공립,false,37.71620385,126.9704422,elem,true,data.go.kr
B000004124,송탄초등학교,7530000,평택시,경기도평택교육지원청,경기도 평택시 막곡길 67,공립,false,37.04228758,127.0870904,elem,true,data.go.kr
B000004509,송포초등학교,7530000,고양시,경기도고양교육지원청,경기도 고양시 일산서구 송산로 379,공립,false,37.68540122,126.7205405,elem,true,data.go.kr
B000004125,송현초등학교,7530000,평택시,경기도평택교육지원청,경기도 평택시 경기대로 1432,공립,false,37.07252189,127.0671042,elem,true,data.go.kr
B000003883,송호초등학교,7530000,안산시,경기도안산교육지원청,경기도 안산시 단원구 한양대학로 183,공립,false,37.31152906,126.8352381,elem,true,data.go.kr
B000004183,송화초등학교,7530000,화성시,경기도화성오산교육지원청,경기도 화성시 병점구 병점중앙로35번길 42,공립,false,37.2020661613,127.0402915454,elem,true,data.go.kr
B000004196,수기초등학교,7530000,화성시,경기도화성오산교육지원청,경기도 화성시 효행구 봉담읍 수기웃말길 27,공립,false,37.2017361434,126.9800268268,elem,true,data.go.kr
B000004348,수남초등학교,7530000,김포시,경기도김포교육지원청,경기도 김포시 대곶면 수남로21번길 24,공립,false,37.62889835,126.5883894,elem,true,data.go.kr
B000003772,수내초등학교,7530000,성남시,경기도성남교육지원청,경기도 성남시 분당구 백현로243번길 12,공립,false,37.36776564,127.1246626,elem,true,data.go.kr
B000004609,수동초등학교,7530000,남양주시,경기도구리남양주교육지원청,경기도 남양주시 수동면 비룡로 832,공립,false,37.71181119,127.3234174,elem,true,data.go.kr
B000004612,수동초등학교송천분교장,7530000,남양주시,경기도구리남양주교육지원청,경기도 남양주시 수동면 비룡로586번길 98,공립,true,37.69512457,127.3342585,elem,true,data.go.kr
B000004044,수리초등학교,7530000,군포시,경기도군포의왕교육지원청,경기도 군포시 수리산로 125,공립,false,37.36039563,126.9180787,elem,true,data.go.kr
B000003619,수성초등학교,7530000,수원시,경기도수원교육지원청,경기도 수원시 장안구 금당로 19,공립,false,37.30561994,127.0144759,elem,true,data.go.kr
B000004197,수영초등학교,7530000,화성시,경기도화성오산교육지원청,경기도 화성시 효행구 봉담읍 수영로 63,공립,false,37.23617759,126.9542831,elem,true,data.go.kr
B000024052,수원가온초등학교,7530000,수원시,경기도수원교육지원청,경기도 수원시 권선구 금곡로73번길 36,공립,false,37.27549141,126.9364215,elem,true,data.go.kr
B000003644,수원금곡초등학교,7530000,수원시,경기도수원교육지원청,경기도 수원시 권선구 서수원로617번길 30,공립,false,37.27970688,126.9526515,elem,true,data.go.kr
B000024053,수원금호초등학교,7530000,수원시,경기도수원교육지원청,경기도 수원시 권선구 칠보로 142,공립,false,37.26487765,126.9536054,elem,true,data.go.kr
B000003631,수원동신초등학교,7530000,수원시,경기도수원교육지원청,경기도 수원시 장안구 만석로68번길 46,공립,false,37.29567288,126.9891755,elem,true,data.go.kr
B000003691,수원매화초등학교,7530000,수원시,경기도수원교육지원청,경기도 수원시 영통구 권광로304번길 47-17,공립,false,37.27457739,127.0406845,elem,true,data.go.kr
B000003656,수원선일초등학교,7530000,수원시,경기도수원교육지원청,경기도 수원시 권선구 권중로120번길 17,공립,false,37.24833751,127.0304334,elem,true,data.go.kr
B000003662,수원신곡초등학교,7530000,수원시,경기도수원교육지원청,경기도 수원시 권선구 정조로544번길 13-7,공립,false,37.25804509,127.0133727,elem,true,data.go.kr
B000003615,수원중촌초등학교,7530000,수원시,경기도수원교육지원청,경기도 수원시 권선구 금곡로140번길 30,공립,false,37.27255378,126.9445494,elem,true,data.go.kr
B000003682,수원초등학교,7530000,수원시,경기도수원교육지원청,경기도 수원시 팔달구 팔달로110번길 26,공립,false,37.27783129,127.0043475,elem,true,data.go.kr
B000003639,수일초등학교,7530000,수원시,경기도수원교육지원청,경기도 수원시 장안구 수일로 85,공립,false,37.31086106,127.0008865,elem,true,data.go.kr
B000004474,수입초등학교,7530000,양평군,경기도양평교육지원청,경기도 양평군 서종면 무드리2길 20,공립,false,37.64453129,127.375740,elem,true,data.go.kr
B000003995,수지초등학교,7530000,용인시,경기도용인교육지원청,경기도 용인시 수지구 정평로13번길 30,공립,false,37.3167412,127.085295,elem,true,data.go.kr
B000003709,수진초등학교,7530000,성남시,경기도성남교육지원청,경기도 성남시 수정구 탄리로95번길 16,공립,false,37.44494388,127.1334651,elem,true,data.go.kr
B000004251,수청초등학교,7530000,오산시,경기도화성오산교육지원청,경기도 오산시 오산대역로 123,공립,false,37.17084729,127.0554738,elem,true,data.go.kr
B000004627,수택초등학교,7530000,구리시,경기도구리남양주교육지원청,경기도 구리시 검배로136번길 41,공립,false,37.59193504,127.152520,elem,true,data.go.kr
B000024724,수현초등학교,7530000,화성시,경기도화성오산교육지원청,경기도 화성시 효행구 봉담읍 상리3길 110,공립,false,37.22752589,126.950317,elem,true,data.go.kr
B000003681,숙지초등학교,7530000,수원시,경기도수원교육지원청,경기도 수원시 팔달구 덕영대로735번길 23-1,공립,false,37.28323146,126.9917106,elem,true,data.go.kr
B000030306,숲노을초등학교,7530000,파주시,경기도파주교육지원청,경기도 파주시 초롱꽃로 61,공립,false,37.71272985,126.7110615,elem,true,data.go.kr
B000004170,숲속초등학교,7530000,화성시,경기도화성오산교육지원청,경기도 화성시 동탄구 동탄공원로2길 10,공립,false,37.2058131443,127.060485,elem,true,data.go.kr
B000003882,슬기초등학교,7530000,안산시,경기도안산교육지원청,경기도 안산시 단원구 안산천남로 53,공립,false,37.30554378,126.8258512,elem,true,data.go.kr
B000004075,승지초등학교,7530000,시흥시,경기도시흥교육지원청,경기도 시흥시 승지로 110,공립,false,37.37238591,126.8127399,elem,true,data.go.kr
B000003906,시곡초등학교,7530000,안산시,경기도안산교육지원청,경기도 안산시 상록구 감골1로 46,공립,false,37.28905552,126.8524523,elem,true,data.go.kr
B000003918,시랑초등학교,7530000,안산시,경기도안산교육지원청,경기도 안산시 상록구 충장로 670,공립,false,37.33636627,126.8561381,elem,true,data.go.kr
B000026604,시화나래초등학교,7530000,시흥시,경기도시흥교육지원청,경기도 시흥시 거북섬남로 70,공립,false,37.32465657,126.6785656,elem,true,data.go.kr
B000004086,시화초등학교,7530000,시흥시,경기도시흥교육지원청,경기도 시흥시 큰솔로7번길 10,공립,false,37.33929505,126.7514775,elem,true,data.go.kr
B000024261,시흥가온초등학교,7530000,시흥시,경기도시흥교육지원청,경기도 시흥시 장현능곡로 33,공립,false,37.37363021,126.7943755,elem,true,data.go.kr
B000004076,시흥능곡초등학교,7530000,시흥시,경기도시흥교육지원청,경기도 시흥시 능곡중앙로 22,공립,false,37.36529596,126.812929,elem,true,data.go.kr
B000004096,시흥도원초등학교,7530000,시흥시,경기도시흥교육지원청,경기도 시흥시 수인로3413번길 34,공립,false,37.4401141,126.7779868,elem,true,data.go.kr
B000004073,시흥매화초등학교,7530000,시흥시,경기도시흥교육지원청,경기도 시흥시 매화1로 62,공립,false,37.41634831,126.8078869,elem,true,data.go.kr
B000004095,시흥신일초등학교,7530000,시흥시,경기도시흥교육지원청,경기도 시흥시 신천로7번길 12,공립,false,37.43309074,126.7915179,elem,true,data.go.kr
B000004081,시흥월곶초등학교,7530000,시흥시,경기도시흥교육지원청,경기도 시흥시 월곶해안로 69,공립,false,37.39176682,126.7373388,elem,true,data.go.kr
B000004101,시흥은행초등학교,7530000,시흥시,경기도시흥교육지원청,경기도 시흥시 대은로104번길 29-10,공립,false,37.44258628,126.8007227,elem,true,data.go.kr
B000004104,시흥장현초등학교,7530000,시흥시,경기도시흥교육지원청,경기도 시흥시 시청로80번길 5,공립,false,37.38175778,126.7991022,elem,true,data.go.kr
B000004088,시흥초등학교,7530000,시흥시,경기도시흥교육지원청,경기도 시흥시 정왕대로143번길 15,공립,false,37.35193371,126.7320864,elem,true,data.go.kr
B000003944,신갈초등학교,7530000,용인시,경기도용인교육지원청,경기도 용인시 기흥구 신갈로 76,공립,false,37.27380452,127.1067493,elem,true,data.go.kr
B000004339,신곡초등학교,7530000,김포시,경기도김포교육지원청,경기도 김포시 고촌읍 수기로 67-30,공립,false,37.59671156,126.7664388,elem,true,data.go.kr
B000003901,신길초등학교,7530000,안산시,경기도안산교육지원청,경기도 안산시 단원구 새뿔길 100,공립,false,37.33574863,126.7803184,elem,true,data.go.kr
B000027254,신남초등학교,7530000,화성시,경기도화성오산교육지원청,경기도 화성시 만세구 남양읍 화성시청역로 2,공립,false,37.19138969,126.8177628,elem,true,data.go.kr
B000004531,신능초등학교,7530000,고양시,경기도고양교육지원청,경기도 고양시 덕양구 충장로123번길 37,공립,false,37.62414406,126.8312671,elem,true,data.go.kr
B000003803,신도초등학교,7530000,부천시,경기도부천교육지원청,경기도 부천시 원미구 부흥로 137,공립,false,37.49783185,126.7581195,elem,true,data.go.kr
B000004650,신동초등학교,7530000,의정부시,경기도의정부교육지원청,경기도 의정부시 시민로179번길 42,공립,false,37.74012262,127.0552263,elem,true,data.go.kr
B000004380,신둔초등학교,7530000,이천시,경기도이천교육지원청,경기도 이천시 신둔면 경충대로3150번길 82-3,공립,false,37.31028246,127.4035285,elem,true,data.go.kr
B000003985,신리초등학교,7530000,용인시,경기도용인교육지원청,경기도 용인시 수지구 신봉1로48번길 6,공립,false,37.32235846,127.0808227,elem,true,data.go.kr
B000003746,신백현초등학교,7530000,성남시,경기도성남교육지원청,경기도 성남시 분당구 판교역로14번길 42,공립,false,37.38757937,127.1117509,elem,true,data.go.kr
B000004764,신봉초등학교,7530000,포천시,경기도포천교육지원청,경기도 포천시 소흘읍 송우로 98,공립,false,37.83206784,127.1392119,elem,true,data.go.kr
B000004785,신북초등학교,7530000,포천시,경기도포천교육지원청,경기도 포천시 신북면 청신로 2079-19,공립,false,37.93839548,127.2194084,elem,true,data.go.kr
B000004697,신산초등학교,7530000,파주시,경기도파주교육지원청,경기도 파주시 광탄면 심궁로 13,공립,false,37.78060216,126.8523159,elem,true,data.go.kr
B000003701,신성초등학교,7530000,수원시,경기도수원교육지원청,경기도 수원시 영통구 청명북로 42,공립,false,37.25547143,127.0816557,elem,true,data.go.kr
B000003846,신안초등학교,7530000,안양시,경기도안양과천교육지원청,경기도 안양시 만안구 능곡로 52,공립,false,37.38960225,126.9148624,elem,true,data.go.kr
B000004347,신양초등학교,7530000,김포시,경기도김포교육지원청,경기도 김포시 양촌읍 양곡3로 47,공립,false,37.65570322,126.6338809,elem,true,data.go.kr
B000003698,신영초등학교,7530000,수원시,경기도수원교육지원청,경기도 수원시 영통구 영통로 266,공립,false,37.25015801,127.0602538,elem,true,data.go.kr
B000023066,신우초등학교,7530000,하남시,경기도광주하남교육지원청,경기도 하남시 감일순환로 145,공립,false,37.5108164,127.1611646,elem,true,data.go.kr
B000024813,신원초등학교,7530000,고양시,경기도고양교육지원청,경기도 고양시 덕양구 신원3로 21,공립,false,37.66780558,126.8858833,elem,true,data.go.kr
B000003996,신월초등학교,7530000,용인시,경기도용인교육지원청,경기도 용인시 수지구 풍덕천로 86,공립,false,37.32052608,127.0927176,elem,true,data.go.kr
B000003984,신일초등학교,7530000,용인시,경기도용인교육지원청,경기도 용인시 수지구 신봉2로48번길 28,공립,false,37.32928881,127.0776935,elem,true,data.go.kr
B000004308,신장초등학교,7530000,하남시,경기도광주하남교육지원청,경기도 하남시 신평로 100,공립,false,37.54267108,127.2080043,elem,true,data.go.kr
B000004745,신지초등학교,7530000,양주시,경기도동두천양주교육지원청,경기도 양주시 백석읍 양주산성로574번길 20,공립,false,37.78831149,126.9901962,elem,true,data.go.kr
B000004072,신천초등학교,7530000,시흥시,경기도시흥교육지원청,경기도 시흥시 포도원로 88,공립,false,37.43514236,126.783407,elem,true,data.go.kr
B000004519,신촌초등학교,7530000,고양시,경기도고양교육지원청,경기도 고양시 일산서구 후곡로 52,공립,false,37.68162503,126.7661082,elem,true,data.go.kr
B000004316,신평초등학교,7530000,하남시,경기도광주하남교육지원청,경기도 하남시 신장동로 67,공립,false,37.54424461,127.2151286,elem,true,data.go.kr
B000024045,신풍초등학교,7530000,수원시,경기도수원교육지원청,경기도 수원시 영통구 도청로17번길 24,공립,false,37.28639813,127.0531872,elem,true,data.go.kr
B000004367,신하초등학교,7530000,이천시,경기도이천교육지원청,경기도 이천시 부발읍 경충대로2250번길 12,공립,false,37.26109025,127.4792851,elem,true,data.go.kr
B000025961,신현초등학교,7530000,광주시,경기도광주하남교육지원청,경기도 광주시 신현로12번길 20-10,공립,false,37.35681906,127.1473061,elem,true,data.go.kr
B000004042,신흥초등학교,7530000,군포시,경기도군포의왕교육지원청,경기도 군포시 고산로 470,공립,false,37.35650213,126.9266136,elem,true,data.go.kr
B000003773,심곡초등학교,7530000,부천시,경기도부천교육지원청,경기도 부천시 원미구 장말로 309,공립,false,37.49175137,126.7769146,elem,true,data.go.kr
B000004603,심석초등학교,7530000,남양주시,경기도구리남양주교육지원청,경기도 남양주시 화도읍 마석로76번길 10,사립,false,37.65730263,127.3068672,elem,true,data.go.kr
B000003775,심원초등학교,7530000,부천시,경기도부천교육지원청,경기도 부천시 원미구 옥산로 66,공립,false,37.49943237,126.7812105,elem,true,data.go.kr
B000004682,심학초등학교,7530000,파주시,경기도파주교육지원청,경기도 파주시 교하로681번길 33,공립,false,37.70804653,126.7033102,elem,true,data.go.kr
B000030424,쌍동초등학교,7530000,광주시,경기도광주하남교육지원청,경기도 광주시 초월읍 경충대로1127번길 56,공립,false,37.37728307,127.2896082,elem,true,data.go.kr
B000004286,쌍령초등학교,7530000,광주시,경기도광주하남교육지원청,경기도 광주시 경충대로1422번길 71,공립,false,37.39892325,127.2810845,elem,true,data.go.kr
B000004532,아람초등학교,7530000,고양시,경기도고양교육지원청,경기도 고양시 덕양구 서정마을로 36,공립,false,37.61945664,126.8504123,elem,true,data.go.kr
B000004368,아미초등학교,7530000,이천시,경기도이천교육지원청,경기도 이천시 부발읍 신아로92번길 32,공립,false,37.25826085,127.4908671,elem,true,data.go.kr
B000024670,아인초등학교,7530000,화성시,경기도화성오산교육지원청,경기도 화성시 동탄구 동탄대로시범길 219,공립,false,37.20083859,127.1052936,elem,true,data.go.kr
B000004497,안곡초등학교,7530000,고양시,경기도고양교육지원청,경기도 고양시 일산동구 중산로 142,공립,false,37.68475123,126.7818546,elem,true,data.go.kr
B000004188,안녕초등학교,7530000,화성시,경기도화성오산교육지원청,경기도 화성시 병점구 화산로 2,공립,false,37.2056837455,127.0088676986,elem,true,data.go.kr
B000003641,안룡초등학교,7530000,수원시,경기도수원교육지원청,경기도 수원시 권선구 곡반정로33번길 21,공립,false,37.23332545,127.0247048,elem,true,data.go.kr
B000003740,안말초등학교,7530000,성남시,경기도성남교육지원청,경기도 성남시 분당구 양현로 104,공립,false,37.39315429,127.1259824,elem,true,data.go.kr
B000003925,안산광덕초등학교,7530000,안산시,경기도안산교육지원청,경기도 안산시 상록구 안산천서로3길 6-7,공립,false,37.33306674,126.8437415,elem,true,data.go.kr
B000022583,안산대월초등학교,7530000,안산시,경기도안산교육지원청,경기도 안산시 단원구 신길로 67,공립,false,37.33582996,126.7873808,elem,true,data.go.kr
B000003917,안산부곡초등학교,7530000,안산시,경기도안산교육지원청,경기도 안산시 상록구 부곡로 73,공립,false,37.32919304,126.8604687,elem,true,data.go.kr
B000003890,안산서초등학교,7530000,안산시,경기도안산교육지원청,경기도 안산시 단원구 원선로 67,공립,false,37.33096674,126.8001715,elem,true,data.go.kr
B000003896,안산석수초등학교,7530000,안산시,경기도안산교육지원청,경기도 안산시 단원구 석수로 93,공립,false,37.34481728,126.8059626,elem,true,data.go.kr
B000003905,안산양지초등학교,7530000,안산시,경기도안산교육지원청,경기도 안산시 단원구 안산천남로 129,공립,false,37.30484259,126.8345809,elem,true,data.go.kr
B000003889,안산원곡초등학교,7530000,안산시,경기도안산교육지원청,경기도 안산시 단원구 원곡초교길 9,공립,false,37.3282411,126.7960898,elem,true,data.go.kr
B000003892,안산중앙초등학교,7530000,안산시,경기도안산교육지원청,경기도 안산시 단원구 예술대학로 50,공립,false,37.32172574,126.8373946,elem,true,data.go.kr
B000003881,안산진흥초등학교,7530000,안산시,경기도안산교육지원청,경기도 안산시 단원구 화정천동로 80,공립,false,37.31248107,126.8223093,elem,true,data.go.kr
B000003912,안산창촌초등학교,7530000,안산시,경기도안산교육지원청,경기도 안산시 상록구 건건5길 7,공립,false,37.30743877,126.9047029,elem,true,data.go.kr
B000003931,안산청석초등학교,7530000,안산시,경기도안산교육지원청,경기도 안산시 상록구 해양1로 48,공립,false,37.2947151,126.8181022,elem,true,data.go.kr
B000003913,안산초등학교,7530000,안산시,경기도안산교육지원청,경기도 안산시 상록구 수암2길 13-7,공립,false,37.36495969,126.8781241,elem,true,data.go.kr
B000030299,안산해솔초등학교,7530000,안산시,경기도안산교육지원청,경기도 안산시 상록구 해양5로 38,공립,false,37.2825303,126.8335717,elem,true,data.go.kr
B000003929,안산해양초등학교,7530000,안산시,경기도안산교육지원청,경기도 안산시 상록구 해양2로 28,공립,false,37.29452082,126.823770,elem,true,data.go.kr
B000003886,안산호원초등학교,7530000,안산시,경기도안산교육지원청,경기도 안산시 단원구 초지1로 100,공립,false,37.30264932,126.8184887,elem,true,data.go.kr
B000003899,안산화정초등학교,7530000,안산시,경기도안산교육지원청,경기도 안산시 단원구 화정천서로 545,공립,false,37.34595787,126.8173868,elem,true,data.go.kr
B000004266,안서초등학교,7530000,광명시,경기도광명교육지원청,경기도 광명시 가학로 247-55,공립,false,37.40278319,126.8706442,elem,true,data.go.kr
B000004389,안성초등학교,7530000,안성시,경기도안성교육지원청,경기도 안성시 혜산로 13,공립,false,37.0122701,127.2725354,elem,true,data.go.kr
B000003866,안양관악초등학교,7530000,안양시,경기도안양과천교육지원청,경기도 안양시 동안구 일동로 201,공립,false,37.40664855,126.9681914,elem,true,data.go.kr
B000003865,안양남초등학교,7530000,안양시,경기도안양과천교육지원청,경기도 안양시 동안구 흥안대로 275,공립,false,37.37987549,126.9685686,elem,true,data.go.kr
B000003864,안양덕현초등학교,7530000,안양시,경기도안양과천교육지원청,경기도 안양시 동안구 갈산로 34,공립,false,37.37549471,126.9623993,elem,true,data.go.kr
B000003872,안양동초등학교,7530000,안양시,경기도안양과천교육지원청,경기도 안양시 동안구 임곡로80번길 34,공립,false,37.4074453,126.9359047,elem,true,data.go.kr
B000003854,안양부안초등학교,7530000,안양시,경기도안양과천교육지원청,경기도 안양시 동안구 달안로 113,공립,false,37.3983563,126.9542396,elem,true,data.go.kr
B000003871,안양부흥초등학교,7530000,안양시,경기도안양과천교육지원청,경기도 안양시 동안구 달안로 37,공립,false,37.3947605,126.9465091,elem,true,data.go.kr
B000003850,안양서초등학교,7530000,안양시,경기도안양과천교육지원청,경기도 안양시 만안구 양화로37번길 32,공립,false,37.39696022,126.911039,elem,true,data.go.kr
B000003873,안양신기초등학교,7530000,안양시,경기도안양과천교육지원청,경기도 안양시 동안구 동안로 26,공립,false,37.3816429,126.9569687,elem,true,data.go.kr
B000003839,안양양지초등학교,7530000,안양시,경기도안양과천교육지원청,경기도 안양시 만안구 병목안로130번길 69,공립,false,37.39224518,126.9045522,elem,true,data.go.kr
B000003853,안양중앙초등학교,7530000,안양시,경기도안양과천교육지원청,경기도 안양시 동안구 경수대로883번길 11,공립,false,37.39553138,126.9377855,elem,true,data.go.kr
B000003848,안양초등학교,7530000,안양시,경기도안양과천교육지원청,경기도 안양시 만안구 현충로28번길 54,공립,false,37.39417913,126.9279515,elem,true,data.go.kr
B000003851,안양호암초등학교,7530000,안양시,경기도안양과천교육지원청,경기도 안양시 만안구 예술공원로103번길 73,공립,false,37.42090452,126.9164018,elem,true,data.go.kr
B000003847,안일초등학교,7530000,안양시,경기도안양과천교육지원청,경기도 안양시 만안구 안양천서로 339,공립,false,37.40408484,126.9223567,elem,true,data.go.kr
B000004141,안중초등학교,7530000,평택시,경기도평택교육지원청,경기도 평택시 안중읍 안중로 89,공립,false,36.98964453,126.9260167,elem,true,data.go.kr
B000004262,안현초등학교,7530000,광명시,경기도광명교육지원청,경기도 광명시 도덕공원로 5,공립,false,37.47101395,126.867503,elem,true,data.go.kr
B000004185,안화초등학교,7530000,화성시,경기도화성오산교육지원청,경기도 화성시 병점구 병점3로 132-5,공립,false,37.2126026078,127.0472161163,elem,true,data.go.kr
B000004359,안흥초등학교,7530000,이천시,경기도이천교육지원청,경기도 이천시 영창로300번길 16,공립,false,37.28024391,127.4560778,elem,true,data.go.kr
B000003762,야탑초등학교,7530000,성남시,경기도성남교육지원청,경기도 성남시 분당구 양현로 400,공립,false,37.41661561,127.1256267,elem,true,data.go.kr
B000003789,약대초등학교,7530000,부천시,경기도부천교육지원청,경기도 부천시 원미구 수도로66번길 14,공립,false,37.51360773,126.7727484,elem,true,data.go.kr
B000004224,양감초등학교,7530000,화성시,경기도화성오산교육지원청,경기도 화성시 만세구 양감면 초록로 49,공립,false,37.0809277186,126.951662,elem,true,data.go.kr
B000004346,양곡초등학교,7530000,김포시,경기도김포교육지원청,경기도 김포시 양촌읍 양곡로 548,공립,false,37.65584275,126.6220164,elem,true,data.go.kr
B000004336,양도초등학교,7530000,김포시,경기도김포교육지원청,경기도 김포시 풍무로93번길 31,공립,false,37.6029132,126.7204531,elem,true,data.go.kr
B000004469,양동초등학교,7530000,양평군,경기도양평교육지원청,경기도 양평군 양동면 양동로 1671,공립,false,37.43070341,127.7498853,elem,true,data.go.kr
B000004476,양동초등학교고송분교장,7530000,양평군,경기도양평교육지원청,경기도 양평군 양동면 고송길 32-16,공립,true,37.48641096,127.7005221,elem,true,data.go.kr
B000004298,양벌초등학교,7530000,광주시,경기도광주하남교육지원청,경기도 광주시 양벌로 195-15,공립,false,37.37946278,127.2561851,elem,true,data.go.kr
B000004248,양산초등학교,7530000,오산시,경기도화성오산교육지원청,경기도 오산시 양산로 448,공립,false,37.19721014,127.0321505,elem,true,data.go.kr
B000004459,양서초등학교,7530000,양평군,경기도양평교육지원청,경기도 양평군 양서면 양서도곡길 8,공립,false,37.51289742,127.3822247,elem,true,data.go.kr
B000004421,양성초등학교,7530000,안성시,경기도안성교육지원청,경기도 안성시 양성면 옥단길 43,공립,false,37.06212187,127.1958377,elem,true,data.go.kr
B000004460,양수초등학교,7530000,양평군,경기도양평교육지원청,경기도 양평군 양서면 용담3길 15,공립,false,37.54473436,127.3256681,elem,true,data.go.kr
B000003759,양영초등학교,7530000,성남시,경기도성남교육지원청,경기도 성남시 분당구 불정로406번길 17,공립,false,37.37465969,127.1400905,elem,true,data.go.kr
B000004595,양오초등학교,7530000,남양주시,경기도구리남양주교육지원청,경기도 남양주시 오남읍 양지로 261-35,공립,false,37.69759593,127.192346,elem,true,data.go.kr
B000004494,양일초등학교,7530000,고양시,경기도고양교육지원청,경기도 고양시 일산동구 위시티로 151,공립,false,37.68534412,126.8136095,elem,true,data.go.kr
B000004733,양주덕산초등학교,7530000,양주시,경기도동두천양주교육지원청,경기도 양주시 평화로 1418-6,공립,false,37.81819328,127.047730,elem,true,data.go.kr
B000004730,양주덕현초등학교,7530000,양주시,경기도동두천양주교육지원청,경기도 양주시 부흥로 1989,공립,false,37.79963799,127.0808351,elem,true,data.go.kr
B000004747,양주백석초등학교,7530000,양주시,경기도동두천양주교육지원청,경기도 양주시 백석읍 중앙로223번길 10-11,공립,false,37.79644619,126.9866637,elem,true,data.go.kr
B000004017,양지초등학교,7530000,용인시,경기도용인교육지원청,경기도 용인시 처인구 양지면 교동로 30,공립,false,37.23708312,127.2844906,elem,true,data.go.kr
B000004397,양진초등학교,7530000,안성시,경기도안성교육지원청,경기도 안성시 공도읍 진사1길 14,공립,false,36.98928184,127.1404236,elem,true,data.go.kr
B000004465,양평단월초등학교,7530000,양평군,경기도양평교육지원청,경기도 양평군 단월면 보룡길 65,공립,false,37.53960825,127.6728384,elem,true,data.go.kr
B000004455,양평동초등학교,7530000,양평군,경기도양평교육지원청,경기도 양평군 양평읍 창대길 20-8,공립,false,37.48822139,127.5071031,elem,true,data.go.kr
B000004456,양평초등학교,7530000,양평군,경기도양평교육지원청,경기도 양평군 양평읍 양근로 142,공립,false,37.49302359,127.4861938,elem,true,data.go.kr
B000004593,어람초등학교,7530000,남양주시,경기도구리남양주교육지원청,경기도 남양주시 오남읍 진건오남로550번길 25,공립,false,37.68248891,127.2131022,elem,true,data.go.kr
B000004656,어룡초등학교,7530000,의정부시,경기도의정부교육지원청,경기도 의정부시 부용로 241,공립,false,37.74781123,127.0826215,elem,true,data.go.kr
B000004151,어연초등학교,7530000,평택시,경기도평택교육지원청,경기도 평택시 청북읍 청원로 446,공립,false,37.04885888,126.9773922,elem,true,data.go.kr
B000026034,어울초등학교,7530000,안성시,경기도안성교육지원청,경기도 안성시 대덕면 신령로 58-33,공립,false,37.01660034,127.2238791,elem,true,data.go.kr
B000003975,어정초등학교,7530000,용인시,경기도용인교육지원청,경기도 용인시 기흥구 어정로 155,공립,false,37.27695642,127.1474013,elem,true,data.go.kr
B000003962,언남초등학교,7530000,용인시,경기도용인교육지원청,경기도 용인시 기흥구 기흥로116번길 87,공립,false,37.28975883,127.1195878,elem,true,data.go.kr
B000003940,언동초등학교,7530000,용인시,경기도용인교육지원청,경기도 용인시 기흥구 언남로 55,공립,false,37.29536064,127.131593,elem,true,data.go.kr
B000024682,여울초등학교,7530000,화성시,경기도화성오산교육지원청,경기도 화성시 동탄구 동탄감배산로 95,공립,false,37.19510443,127.0889469,elem,true,data.go.kr
B000004430,여주초등학교,7530000,여주시,경기도여주교육지원청,경기도 여주시 청심로 139,공립,false,37.29870175,127.6359788,elem,true,data.go.kr
B000004429,여흥초등학교,7530000,여주시,경기도여주교육지원청,경기도 여주시 여양로 91,공립,false,37.29320528,127.6432887,elem,true,data.go.kr
B000022645,역동초등학교,7530000,광주시,경기도광주하남교육지원청,경기도 광주시 순암로36번길 45,공립,false,37.39835953,127.2473611,elem,true,data.go.kr
B000004009,역북초등학교,7530000,용인시,경기도용인교육지원청,경기도 용인시 처인구 명지로 15-30,공립,false,37.23457297,127.1924469,elem,true,data.go.kr
B000004746,연곡초등학교,7530000,양주시,경기도동두천양주교육지원청,경기도 양주시 백석읍 월암로170번길 107,공립,false,37.80715791,126.9611638,elem,true,data.go.kr
B000004427,연라초등학교,7530000,여주시,경기도여주교육지원청,경기도 여주시 여주남로 116,공립,false,37.27733048,127.6114685,elem,true,data.go.kr
B000003671,연무초등학교,7530000,수원시,경기도수원교육지원청,경기도 수원시 팔달구 창룡대로103번길 60,공립,false,37.28730746,127.0219242,elem,true,data.go.kr
B000004265,연서초등학교,7530000,광명시,경기도광명교육지원청,경기도 광명시 안현로 80-2,공립,false,37.46593524,126.882420,elem,true,data.go.kr
B000004078,연성초등학교,7530000,시흥시,경기도시흥교육지원청,경기도 시흥시 나분들길 44,공립,false,37.38797529,126.8183205,elem,true,data.go.kr
B000004821,연천노곡초등학교,7530000,연천군,경기도연천교육지원청,경기도 연천군 백학면 진목로 26,공립,false,37.99901576,126.9166642,elem,true,data.go.kr
B000004819,연천왕산초등학교,7530000,연천군,경기도연천교육지원청,경기도 연천군 미산면 왕산로 15,공립,false,38.05625632,127.0110148,elem,true,data.go.kr
B000004816,연천초등학교,7530000,연천군,경기도연천교육지원청,경기도 연천군 연천읍 연천로 228,공립,false,38.09770924,127.0753111,elem,true,data.go.kr
B000030676,연푸른초등학교,7530000,양주시,경기도동두천양주교육지원청,경기도 양주시 옥정서로1길 27,공립,false,37.81470052,127.087108,elem,true,data.go.kr
B000004704,연풍초등학교,7530000,파주시,경기도파주교육지원청,경기도 파주시 파주읍 연풍초교길 25,공립,false,37.83104878,126.8348599,elem,true,data.go.kr
B000004798,연하초등학교,7530000,가평군,경기도가평교육지원청,경기도 가평군 상면 비룡로 2199-19,공립,false,37.80326029,127.3425054,elem,true,data.go.kr
B000024200,연현초등학교,7530000,안양시,경기도안양과천교육지원청,경기도 안양시 만안구 연현로1번길 55,공립,false,37.4252211,126.9025062,elem,true,data.go.kr
B000003695,영덕초등학교,7530000,수원시,경기도수원교육지원청,경기도 수원시 영통구 영통로 438,공립,false,37.25905057,127.0739487,elem,true,data.go.kr
B000004696,영도초등학교,7530000,파주시,경기도파주교육지원청,경기도 파주시 월롱면 도감로172번길 89,공립,false,37.78747992,126.8037361,elem,true,data.go.kr
B000003696,영동초등학교,7530000,수원시,경기도수원교육지원청,경기도 수원시 영통구 봉영로1517번길 40,공립,false,37.24980193,127.0660942,elem,true,data.go.kr
B000004782,영북초등학교,7530000,포천시,경기도포천교육지원청,경기도 포천시 영북면 영북로148번길 46,공립,false,38.08986492,127.2758792,elem,true,data.go.kr
B000003699,영일초등학교,7530000,수원시,경기도수원교육지원청,경기도 수원시 영통구 덕영대로1673번길 17,공립,false,37.24845193,127.0735665,elem,true,data.go.kr
B000024658,영천초등학교,7530000,화성시,경기도화성오산교육지원청,경기도 화성시 동탄구 동탄영천로 36,공립,false,37.20570766,127.1045574,elem,true,data.go.kr
B000003697,영통초등학교,7530000,수원시,경기도수원교육지원청,경기도 수원시 영통구 영통로 328,공립,false,37.25451415,127.0644383,elem,true,data.go.kr
B000003637,영화초등학교,7530000,수원시,경기도수원교육지원청,경기도 수원시 장안구 경수대로 838,공립,false,37.29686206,127.0163697,elem,true,data.go.kr
B000004173,예당초등학교,7530000,화성시,경기도화성오산교육지원청,경기도 화성시 동탄구 동탄반석로 245,공립,false,37.2103605128,127.0754050556,elem,true,data.go.kr
B000004597,예봉초등학교,7530000,남양주시,경기도구리남양주교육지원청,경기도 남양주시 와부읍 수레로 108,공립,false,37.59204603,127.2209856,elem,true,data.go.kr
B000024689,예솔초등학교,7530000,화성시,경기도화성오산교육지원청,경기도 화성시 동탄구 동탄순환대로22길 13,공립,false,37.19655044,127.1193973,elem,true,data.go.kr
B000024747,예원초등학교,7530000,화성시,경기도화성오산교육지원청,경기도 화성시 동탄구 동탄반석로 259,공립,false,37.2108869558,127.0764005173,elem,true,data.go.kr
B000004046,오금초등학교,7530000,군포시,경기도군포의왕교육지원청,경기도 군포시 번영로 366,공립,false,37.34799594,126.9259127,elem,true,data.go.kr
B000004596,오남초등학교,7530000,남양주시,경기도구리남양주교육지원청,경기도 남양주시 오남읍 진건오남로 696,공립,false,37.69527469,127.2145757,elem,true,data.go.kr
B000004643,오동초등학교,7530000,의정부시,경기도의정부교육지원청,경기도 의정부시 용민로 151,공립,false,37.74300357,127.0905799,elem,true,data.go.kr
B000003750,오리초등학교,7530000,성남시,경기도성남교육지원청,경기도 성남시 분당구 미금로 121,공립,false,37.34435285,127.1153656,elem,true,data.go.kr
B000004503,오마초등학교,7530000,고양시,경기도고양교육지원청,경기도 고양시 일산서구 주엽로 214,공립,false,37.67704114,126.7629997,elem,true,data.go.kr
B000003658,오목초등학교,7530000,수원시,경기도수원교육지원청,경기도 수원시 권선구 오목천로 24,공립,false,37.23969613,126.9656145,elem,true,data.go.kr
B000004254,오산고현초등학교,7530000,오산시,경기도화성오산교육지원청,경기도 오산시 남부대로 459,공립,false,37.1334449,127.0851451,elem,true,data.go.kr
B000004253,오산대원초등학교,7530000,오산시,경기도화성오산교육지원청,경기도 오산시 경기대로25번길 45,공립,false,37.13055379,127.0711928,elem,true,data.go.kr
B000004239,오산원당초등학교,7530000,오산시,경기도화성오산교육지원청,경기도 오산시 원당로 7,공립,false,37.14226351,127.0909242,elem,true,data.go.kr
B000004256,오산원일초등학교,7530000,오산시,경기도화성오산교육지원청,경기도 오산시 오산로132번길 27,공립,false,37.13920296,127.0716949,elem,true,data.go.kr
B000004243,오산초등학교,7530000,오산시,경기도화성오산교육지원청,경기도 오산시 가수로 16,공립,false,37.14515751,127.0501638,elem,true,data.go.kr
B000004447,오산초등학교,7530000,여주시,경기도여주교육지원청,경기도 여주시 가남읍 양화로 168,공립,false,37.23879824,127.5590727,elem,true,data.go.kr
B000004159,오성초등학교,7530000,평택시,경기도평택교육지원청,경기도 평택시 오성면 숙성시장길 15,공립,false,37.00824384,126.9786058,elem,true,data.go.kr
B000004063,오전초등학교,7530000,의왕시,경기도군포의왕교육지원청,경기도 의왕시 찬우물길 49,공립,false,37.35495156,126.9724121,elem,true,data.go.kr
B000003817,오정초등학교,7530000,부천시,경기도부천교육지원청,경기도 부천시 오정구 소사로794번길 48,공립,false,37.52717104,126.8075305,elem,true,data.go.kr
B000004296,오포초등학교,7530000,광주시,경기도광주하남교육지원청,경기도 광주시 추자길 28-7,공립,false,37.36089247,127.2156113,elem,true,data.go.kr
B000004431,오학초등학교,7530000,여주시,경기도여주교육지원청,경기도 여주시 도예로 117,공립,false,37.31241232,127.6478987,elem,true,data.go.kr
B000003657,오현초등학교,7530000,수원시,경기도수원교육지원청,경기도 수원시 권선구 서수원로 220,공립,false,37.24654131,126.9684672,elem,true,data.go.kr
B000024042,옥길버들초등학교,7530000,부천시,경기도부천교육지원청,경기도 부천시 소사구 양지로 234-25,공립,false,37.46427185,126.8260095,elem,true,data.go.kr
B000024041,옥길산들초등학교,7530000,부천시,경기도부천교육지원청,경기도 부천시 소사구 옥길로 31,공립,false,37.46254007,126.8164547,elem,true,data.go.kr
B000027083,옥빛초등학교,7530000,양주시,경기도동두천양주교육지원청,경기도 양주시 옥정로4길 38,공립,false,37.81458312,127.0932335,elem,true,data.go.kr
B000003801,옥산초등학교,7530000,부천시,경기도부천교육지원청,경기도 부천시 원미구 길주로 327,공립,false,37.50311738,126.779428,elem,true,data.go.kr
B000027081,옥정초등학교,7530000,양주시,경기도동두천양주교육지원청,경기도 양주시 옥정로5길 42-9,공립,false,37.82335053,127.0884163,elem,true,data.go.kr
B000027092,옥정호수초등학교,7530000,양주시,경기도동두천양주교육지원청,경기도 양주시 옥정동로 188,공립,false,37.82329418,127.0999516,elem,true,data.go.kr
B000004461,옥천초등학교,7530000,양평군,경기도양평교육지원청,경기도 양평군 옥천면 옥천길 51,공립,false,37.5195581,127.4593942,elem,true,data.go.kr
B000004090,옥터초등학교,7530000,시흥시,경기도시흥교육지원청,경기도 시흥시 옥터로 33,공립,false,37.34508074,126.6924422,elem,true,data.go.kr
B000004267,온신초등학교,7530000,광명시,경기도광명교육지원청,경기도 광명시 범안로 657,공립,false,37.44276065,126.8468523,elem,true,data.go.kr
B000004352,옹정초등학교,7530000,김포시,경기도김포교육지원청,경기도 김포시 통진읍 옹정로185번길 26,공립,false,37.69412627,126.5638994,elem,true,data.go.kr
B000003903,와동초등학교,7530000,안산시,경기도안산교육지원청,경기도 안산시 단원구 사세충열로 26,공립,false,37.33681697,126.831118,elem,true,data.go.kr
B000004598,와부초등학교,7530000,남양주시,경기도구리남양주교육지원청,경기도 남양주시 와부읍 월문천로 63,공립,false,37.58704748,127.218926,elem,true,data.go.kr
B000004687,와석초등학교,7530000,파주시,경기도파주교육지원청,경기도 파주시 한빛로 7,공립,false,37.71047466,126.753037,elem,true,data.go.kr
B000004193,와우초등학교,7530000,화성시,경기도화성오산교육지원청,경기도 화성시 효행구 봉담읍 식골길 14,공립,false,37.2202284026,126.9721013923,elem,true,data.go.kr
B000004061,왕곡초등학교,7530000,의왕시,경기도군포의왕교육지원청,경기도 의왕시 왕곡로 58,공립,false,37.34518014,126.9804912,elem,true,data.go.kr
B000003711,왕남초등학교,7530000,성남시,경기도성남교육지원청,경기도 성남시 수정구 왕남로 24,공립,false,37.42868223,127.0984126,elem,true,data.go.kr
B000004783,왕방초등학교,7530000,포천시,경기도포천교육지원청,경기도 포천시 신북면 학동로 52,공립,false,37.9042268,127.2016644,elem,true,data.go.kr
B000024694,왕배초등학교,7530000,화성시,경기도화성오산교육지원청,경기도 화성시 동탄구 동탄대로12길 101,공립,false,37.18017972,127.1135952,elem,true,data.go.kr
B000004024,왕산초등학교,7530000,용인시,경기도용인교육지원청,경기도 용인시 처인구 모현읍 백옥대로2366번길 7-8,공립,false,37.33532653,127.2506285,elem,true,data.go.kr
B000004784,외북초등학교,7530000,포천시,경기도포천교육지원청,경기도 포천시 신북면 포천로 2199,공립,false,37.94691178,127.1873126,elem,true,data.go.kr
B000004528,용두초등학교,7530000,고양시,경기도고양교육지원청,경기도 고양시 덕양구 용두로121번길 20,공립,false,37.62157483,126.8932079,elem,true,data.go.kr
B000004010,용마초등학교,7530000,용인시,경기도용인교육지원청,경기도 용인시 처인구 금학로 471-1,공립,false,37.23706584,127.2148977,elem,true,data.go.kr
B000004395,용머리초등학교,7530000,안성시,경기도안성교육지원청,경기도 안성시 공도읍 기업단지로 57,공립,false,37.00273703,127.1583693,elem,true,data.go.kr
B000004462,용문초등학교,7530000,양평군,경기도양평교육지원청,경기도 양평군 용문면 용문로 837,공립,false,37.50983973,127.6328251,elem,true,data.go.kr
B000004699,용미초등학교,7530000,파주시,경기도파주교육지원청,경기도 파주시 광탄면 장지산로 78,공립,false,37.74345643,126.8880587,elem,true,data.go.kr
B000004574,용신초등학교,7530000,남양주시,경기도구리남양주교육지원청,경기도 남양주시 진건읍 사릉로 474,공립,false,37.66100507,127.1733424,elem,true,data.go.kr
B000004707,용연초등학교,7530000,파주시,경기도파주교육지원청,경기도 파주시 파평면 청송로402번길 31,공립,false,37.92894597,126.8575502,elem,true,data.go.kr
B000004112,용이초등학교,7530000,평택시,경기도평택교육지원청,경기도 평택시 현신7길 36,공립,false,37.00008904,127.1467153,elem,true,data.go.kr
B000003989,용인대덕초등학교,7530000,용인시,경기도용인교육지원청,경기도 용인시 수지구 죽전로293번길 14,공립,false,37.33681391,127.1259149,elem,true,data.go.kr
B000003986,용인대일초등학교,7530000,용인시,경기도용인교육지원청,경기도 용인시 수지구 푸른솔로 98,공립,false,37.32801071,127.1189891,elem,true,data.go.kr
B000004013,용인둔전초등학교,7530000,용인시,경기도용인교육지원청,경기도 용인시 처인구 포곡읍 포곡로118번길 61,공립,false,37.26873077,127.2252393,elem,true,data.go.kr
B000003963,용인백현초등학교,7530000,용인시,경기도용인교육지원청,경기도 용인시 기흥구 동백8로 108,공립,false,37.28315855,127.1623938,elem,true,data.go.kr
B000004012,용인성산초등학교,7530000,용인시,경기도용인교육지원청,경기도 용인시 처인구 백옥대로1362번길 41,공립,false,37.25866039,127.2158043,elem,true,data.go.kr
B000030913,용인솔빛초등학교,7530000,용인시,경기도용인교육지원청,경기도 용인시 처인구 낙은로 98,공립,false,37.2446393,127.1946829,elem,true,data.go.kr
B000003957,용인신릉초등학교,7530000,용인시,경기도용인교육지원청,경기도 용인시 기흥구 새천년로 53,공립,false,37.29026142,127.1147273,elem,true,data.go.kr
B000004004,용인신봉초등학교,7530000,용인시,경기도용인교육지원청,경기도 용인시 수지구 신봉2로 115,공립,false,37.32965706,127.068107,elem,true,data.go.kr
B000003987,용인신촌초등학교,7530000,용인시,경기도용인교육지원청,경기도 용인시 수지구 죽전로27번길 14-19,공립,false,37.32314253,127.1136656,elem,true,data.go.kr
B000003979,용인심곡초등학교,7530000,용인시,경기도용인교육지원청,경기도 용인시 수지구 심곡로 59,공립,false,37.30901803,127.0789331,elem,true,data.go.kr
B000004021,용인이동초등학교,7530000,용인시,경기도용인교육지원청,경기도 용인시 처인구 이동읍 백옥대로587번길 22,공립,false,37.19084078,127.203512,elem,true,data.go.kr
B000004008,용인초등학교,7530000,용인시,경기도용인교육지원청,경기도 용인시 처인구 금학로367번길 14,공립,false,37.23856867,127.2052126,elem,true,data.go.kr
B000003977,용인한빛초등학교,7530000,용인시,경기도용인교육지원청,경기도 용인시 수지구 동천로153번길 23,공립,false,37.33506501,127.0879351,elem,true,data.go.kr
B000026728,용인한얼초등학교,7530000,용인시,경기도용인교육지원청,경기도 용인시 기흥구 기흥역로58번길 57,공립,false,37.27087893,127.1222004,elem,true,data.go.kr
B000003950,용인한일초등학교,7530000,용인시,경기도용인교육지원청,경기도 용인시 기흥구 한보라1로 145,공립,false,37.24332154,127.1069279,elem,true,data.go.kr
B000004545,용정초등학교,7530000,고양시,경기도고양교육지원청,경기도 고양시 덕양구 은빛로17번길 5-1,공립,false,37.63854875,126.8297047,elem,true,data.go.kr
B000024065,용죽초등학교,7530000,평택시,경기도평택교육지원청,경기도 평택시 용죽2로 23,공립,false,36.99506328,127.1240137,elem,true,data.go.kr
B000004020,용천초등학교,7530000,용인시,경기도용인교육지원청,경기도 용인시 처인구 이동읍 백옥대로 612,공립,false,37.19185075,127.2084179,elem,true,data.go.kr
B000004037,용호초등학교,7530000,군포시,경기도군포의왕교육지원청,경기도 군포시 용호2로 12,공립,false,37.3422666,126.9407794,elem,true,data.go.kr
B000003674,우만초등학교,7530000,수원시,경기도수원교육지원청,경기도 수원시 팔달구 창룡대로210번길 20,공립,false,37.29144659,127.0324161,elem,true,data.go.kr
B000004207,우정초등학교,7530000,화성시,경기도화성오산교육지원청,경기도 화성시 만세구 우정읍 버들로 136,공립,false,37.081424302,126.8007091418,elem,true,data.go.kr
B000004686,운광초등학교,7530000,파주시,경기도파주교육지원청,경기도 파주시 한울로 90,공립,false,37.70970523,126.7409707,elem,true,data.go.kr
B000004774,운담초등학교,7530000,포천시,경기도포천교육지원청,경기도 포천시 일동면 화동로 1239,공립,false,37.9711934,127.3291214,elem,true,data.go.kr
B000004237,운산초등학교,7530000,오산시,경기도화성오산교육지원청,경기도 오산시 운암로 72,공립,false,37.15261684,127.077532,elem,true,data.go.kr
B000004241,운암초등학교,7530000,오산시,경기도화성오산교육지원청,경기도 오산시 원동로 63,공립,false,37.14385503,127.0762024,elem,true,data.go.kr
B000004329,운양초등학교,7530000,김포시,경기도김포교육지원청,경기도 김포시 전원로38번길 99,공립,false,37.64621086,126.6900861,elem,true,data.go.kr
B000004323,운유초등학교,7530000,김포시,경기도김포교육지원청,경기도 김포시 김포한강2로 239,공립,false,37.64677596,126.6603858,elem,true,data.go.kr
B000030315,운정중앙초등학교,7530000,파주시,경기도파주교육지원청,경기도 파주시 목동동 337,공립,false,37.7227854054,126.7257475297,elem,true,data.go.kr
B000022607,운정초등학교,7530000,파주시,경기도파주교육지원청,경기도 파주시 와석순환로 35-34,공립,false,37.70790306,126.753863,elem,true,data.go.kr
B000030308,운정해오름초등학교,7530000,파주시,경기도파주교육지원청,경기도 파주시 범벅들길 155,공립,false,37.74177037,126.7306484,elem,true,data.go.kr
B000003748,운중초등학교,7530000,성남시,경기도성남교육지원청,경기도 성남시 분당구 운중로45번길 8,공립,false,37.39241921,127.0689381,elem,true,data.go.kr
B000004238,운천초등학교,7530000,오산시,경기도화성오산교육지원청,경기도 오산시 운암로 116,공립,false,37.15595103,127.0797631,elem,true,data.go.kr
B000004005,운학초등학교,7530000,용인시,경기도용인교육지원청,경기도 용인시 처인구 동부로465번길 7,공립,false,37.20278722,127.2466709,elem,true,data.go.kr
B000024135,운흥초등학교,7530000,시흥시,경기도시흥교육지원청,경기도 시흥시 목감둘레로 109,공립,false,37.37274739,126.8526799,elem,true,data.go.kr
B000004099,웃터골초등학교,7530000,시흥시,경기도시흥교육지원청,경기도 시흥시 은행고길 18,공립,false,37.43968236,126.7992598,elem,true,data.go.kr
B000004705,웅담초등학교,7530000,파주시,경기도파주교육지원청,경기도 파주시 법원읍 수작골길 14,공립,false,37.9142217,126.8957052,elem,true,data.go.kr
B000004398,원곡초등학교,7530000,안성시,경기도안성교육지원청,경기도 안성시 원곡면 가천중앙1길 51-17,공립,false,37.04184047,127.127739,elem,true,data.go.kr
B000004524,원당초등학교,7530000,고양시,경기도고양교육지원청,경기도 고양시 덕양구 마상로107번길 13,공립,false,37.66235886,126.834931,elem,true,data.go.kr
B000004454,원덕초등학교,7530000,양평군,경기도양평교육지원청,경기도 양평군 양평읍 원덕흑천길 180,공립,false,37.46805411,127.542840,elem,true,data.go.kr
B000004240,원동초등학교,7530000,오산시,경기도화성오산교육지원청,경기도 오산시 오산로 92,공립,false,37.13552905,127.0697217,elem,true,data.go.kr
B000003788,원미초등학교,7530000,부천시,경기도부천교육지원청,경기도 부천시 원미구 부흥로 423,공립,false,37.48963631,126.7872986,elem,true,data.go.kr
B000004029,원삼초등학교,7530000,용인시,경기도용인교육지원청,경기도 용인시 처인구 원삼면 하사로 1,공립,false,37.16355642,127.3161379,elem,true,data.go.kr
B000003894,원일초등학교,7530000,안산시,경기도안산교육지원청,경기도 안산시 단원구 원선로 113,공립,false,37.33279915,126.8041492,elem,true,data.go.kr
B000003687,원일초등학교,7530000,수원시,경기도수원교육지원청,경기도 수원시 영통구 중부대로448번길 84,공립,false,37.26779736,127.0602571,elem,true,data.go.kr
B000004138,원정초등학교,7530000,평택시,경기도평택교육지원청,경기도 평택시 포승읍 평택항로 469,공립,false,36.99402826,126.8416452,elem,true,data.go.kr
B000003818,원종초등학교,7530000,부천시,경기도부천교육지원청,경기도 부천시 오정구 삼작로410번길 38,공립,false,37.51822255,126.8063074,elem,true,data.go.kr
B000004492,원중초등학교,7530000,고양시,경기도고양교육지원청,경기도 고양시 일산동구 위시티3로 67,공립,false,37.6751316,126.814731,elem,true,data.go.kr
B000003685,원천초등학교,7530000,수원시,경기도수원교육지원청,경기도 수원시 영통구 매영로 103,공립,false,37.26847708,127.0537706,elem,true,data.go.kr
B000022565,원흥초등학교,7530000,고양시,경기도고양교육지원청,경기도 고양시 덕양구 원흥1로 26,공립,false,37.65103799,126.8687604,elem,true,data.go.kr
B000004354,월곶초등학교,7530000,김포시,경기도김포교육지원청,경기도 김포시 월곶면 군하로276번길 28,공립,false,37.71770877,126.5521783,elem,true,data.go.kr
B000004695,월롱초등학교,7530000,파주시,경기도파주교육지원청,경기도 파주시 월롱면 월롱초교길 40,공립,false,37.80089587,126.780323,elem,true,data.go.kr
B000004098,월포초등학교,7530000,시흥시,경기도시흥교육지원청,경기도 시흥시 월곶중앙로 18,공립,false,37.3874767,126.7428279,elem,true,data.go.kr
B000024240,위례고운초등학교,7530000,성남시,경기도성남교육지원청,경기도 성남시 수정구 위례순환로 155,공립,false,37.47148964,127.1457743,elem,true,data.go.kr
B000023089,위례숲초등학교,7530000,하남시,경기도광주하남교육지원청,경기도 하남시 위례대로6길 65,공립,false,37.48537694,127.1583387,elem,true,data.go.kr
B000024241,위례중앙초등학교,7530000,성남시,경기도성남교육지원청,경기도 성남시 수정구 위례순환로 71,공립,false,37.47189037,127.1358729,elem,true,data.go.kr
B000023087,위례초등학교,7530000,하남시,경기도광주하남교육지원청,경기도 하남시 위례순환로 333,공립,false,37.47713024,127.1494139,elem,true,data.go.kr
B000024239,위례푸른초등학교,7530000,성남시,경기도성남교육지원청,경기도 성남시 수정구 위례순환로 205,공립,false,37.47073159,127.1509587,elem,true,data.go.kr
B000024238,위례한빛초등학교,7530000,성남시,경기도성남교육지원청,경기도 성남시 수정구 위례동로 55,공립,false,37.46576542,127.1470188,elem,true,data.go.kr
B000004767,유암초등학교,7530000,포천시,경기도포천교육지원청,경기도 포천시 가산면 유교로88번길 8,공립,false,37.868243,127.1922366,elem,true,data.go.kr
B000004741,유양초등학교,7530000,양주시,경기도동두천양주교육지원청,경기도 양주시 부흥로 1373-7,공립,false,37.78606274,127.0272166,elem,true,data.go.kr
B000004334,유현초등학교,7530000,김포시,경기도김포교육지원청,경기도 김포시 유현로33번길 50,공립,false,37.5989218,126.7262246,elem,true,data.go.kr
B000023076,윤슬초등학교,7530000,하남시,경기도광주하남교육지원청,경기도 하남시 미사강변서로 151,공립,false,37.56367073,127.1825138,elem,true,data.go.kr
B000004797,율길초등학교,7530000,가평군,경기도가평교육지원청,경기도 가평군 상면 청군로 2090,공립,false,37.83790181,127.2885688,elem,true,data.go.kr
B000004495,율동초등학교,7530000,고양시,경기도고양교육지원청,경기도 고양시 일산동구 산두로 223,공립,false,37.67544394,126.7788445,elem,true,data.go.kr
B000004387,율면초등학교,7530000,이천시,경기도이천교육지원청,경기도 이천시 율면 고당로 48,공립,false,37.08769127,127.5425144,elem,true,data.go.kr
B000004180,율목초등학교,7530000,화성시,경기도화성오산교육지원청,경기도 화성시 병점구 영통로50번길 19,공립,false,37.236577421,127.064482901,elem,true,data.go.kr
B000027093,율빛초등학교,7530000,양주시,경기도동두천양주교육지원청,경기도 양주시 옥정동로4길 67,공립,false,37.81426498,127.1023598,elem,true,data.go.kr
B000003630,율전초등학교,7530000,수원시,경기도수원교육지원청,경기도 수원시 장안구 율전로 113,공립,false,37.29956659,126.9686866,elem,true,data.go.kr
B000026196,율정초등학교,7530000,양주시,경기도동두천양주교육지원청,경기도 양주시 옥정동로 245-41,공립,false,37.8280661,127.0960906,elem,true,data.go.kr
B000027527,율포초등학교,7530000,평택시,경기도평택교육지원청,경기도 평택시 함박산로 10,공립,false,37.04254108,127.0433697,elem,true,data.go.kr
B000003670,율현초등학교,7530000,수원시,경기도수원교육지원청,경기도 수원시 팔달구 정자천로32번길 55,공립,false,37.28722869,126.9828949,elem,true,data.go.kr
B000004107,은계초등학교,7530000,시흥시,경기도시흥교육지원청,경기도 시흥시 대은로103번길 24,공립,false,37.44756188,126.7978235,elem,true,data.go.kr
B000004807,은대초등학교,7530000,연천군,경기도연천교육지원청,경기도 연천군 전곡읍 은대로 210,공립,false,38.0526852,127.0604053,elem,true,data.go.kr
B000004744,은봉초등학교,7530000,양주시,경기도동두천양주교육지원청,경기도 양주시 백석읍 꿈나무로 321,공립,false,37.78135419,126.9831929,elem,true,data.go.kr
B000024246,은빛초등학교,7530000,시흥시,경기도시흥교육지원청,경기도 시흥시 은계로142번길 6,공립,false,37.43426275,126.8051824,elem,true,data.go.kr
B000027197,은솔초등학교,7530000,남양주시,경기도구리남양주교육지원청,경기도 남양주시 화도읍 경춘보학2길 9,공립,false,37.65013079,127.2949886,elem,true,data.go.kr
B000024118,은여울초등학교,7530000,김포시,경기도김포교육지원청,경기도 김포시 김포한강8로 173-38,공립,false,37.63834911,126.6406443,elem,true,data.go.kr
B000004755,은현초등학교,7530000,양주시,경기도동두천양주교육지원청,경기도 양주시 은현면 화합로 912,공립,false,37.8631857,127.0242854,elem,true,data.go.kr
B000004644,의순초등학교,7530000,의정부시,경기도의정부교육지원청,경기도 의정부시 부용로 77,공립,false,37.75108915,127.0660036,elem,true,data.go.kr
B000004068,의왕덕성초등학교,7530000,의왕시,경기도군포의왕교육지원청,경기도 의왕시 덕영대로 123,공립,false,37.32158274,126.9582085,elem,true,data.go.kr
B000004062,의왕부곡초등학교,7530000,의왕시,경기도군포의왕교육지원청,경기도 의왕시 철도박물관로 143,공립,false,37.31630748,126.9494753,elem,true,data.go.kr
B000004070,의왕초등학교,7530000,의왕시,경기도군포의왕교육지원청,경기도 의왕시 모락로 56,공립,false,37.36372368,126.9681873,elem,true,data.go.kr
B000026968,의왕푸른초등학교,7530000,의왕시,경기도군포의왕교육지원청,경기도 의왕시 시청1로 7,공립,false,37.34629393,126.9698404,elem,true,data.go.kr
B000004659,의정부부용초등학교,7530000,의정부시,경기도의정부교육지원청,경기도 의정부시 오목로 83,공립,false,37.73616531,127.0905013,elem,true,data.go.kr
B000004647,의정부서초등학교,7530000,의정부시,경기도의정부교육지원청,경기도 의정부시 둔야로 57,공립,false,37.74123889,127.0387878,elem,true,data.go.kr
B000023803,의정부송산초등학교,7530000,의정부시,경기도의정부교육지원청,경기도 의정부시 오목로 228,공립,false,37.74655622,127.1008814,elem,true,data.go.kr
B000004638,의정부신곡초등학교,7530000,의정부시,경기도의정부교육지원청,경기도 의정부시 능곡로 31,공립,false,37.74116755,127.0598453,elem,true,data.go.kr
B000004652,의정부용현초등학교,7530000,의정부시,경기도의정부교육지원청,경기도 의정부시 용민로 87,공립,false,37.73895165,127.0872306,elem,true,data.go.kr
B000004634,의정부장암초등학교,7530000,의정부시,경기도의정부교육지원청,경기도 의정부시 동일로 417,공립,false,37.72563883,127.0592392,elem,true,data.go.kr
B000004629,의정부중앙초등학교,7530000,의정부시,경기도의정부교육지원청,경기도 의정부시 호국로1291번길 17,공립,false,37.7450791,127.0469421,elem,true,data.go.kr
B000004639,의정부청룡초등학교,7530000,의정부시,경기도의정부교육지원청,경기도 의정부시 장곡로322번길 21,공립,false,37.73301508,127.0553494,elem,true,data.go.kr
B000004637,의정부초등학교,7530000,의정부시,경기도의정부교육지원청,경기도 의정부시 동일로522번길 30,공립,false,37.73474849,127.0602214,elem,true,data.go.kr
B000004655,의정부호동초등학교,7530000,의정부시,경기도의정부교육지원청,경기도 의정부시 호동로 45,공립,false,37.72997972,127.0427388,elem,true,data.go.kr
B000004633,의정부호원초등학교,7530000,의정부시,경기도의정부교육지원청,경기도 의정부시 전좌로156번길 20,공립,false,37.72207145,127.0412021,elem,true,data.go.kr
B000004640,의정부효자초등학교,7530000,의정부시,경기도의정부교육지원청,경기도 의정부시 부용로204번길 16,공립,false,37.75027839,127.0779303,elem,true,data.go.kr
B000004761,이곡초등학교,7530000,포천시,경기도포천교육지원청,경기도 포천시 소흘읍 이곡길 5,공립,false,37.77800099,127.1484028,elem,true,data.go.kr
B000004718,이담초등학교,7530000,동두천시,경기도동두천양주교육지원청,경기도 동두천시 이담로 21,공립,false,37.8896635,127.0508239,elem,true,data.go.kr
B000004777,이동초등학교,7530000,포천시,경기도포천교육지원청,경기도 포천시 이동면 화동로 2034,공립,false,38.02997863,127.3681896,elem,true,data.go.kr
B000003763,이매초등학교,7530000,성남시,경기도성남교육지원청,경기도 성남시 분당구 양현로 146,공립,false,37.39721014,127.1264932,elem,true,data.go.kr
B000024710,이솔초등학교,7530000,화성시,경기도화성오산교육지원청,경기도 화성시 동탄구 동탄순환대로8길 26,공립,false,37.16322375,127.109722,elem,true,data.go.kr
B000003618,이의초등학교,7530000,수원시,경기도수원교육지원청,경기도 수원시 영통구 법조로150번길 47,공립,false,37.29307671,127.0756898,elem,true,data.go.kr
B000004365,이천가산초등학교,7530000,이천시,경기도이천교육지원청,경기도 이천시 부발읍 황무로2065번길 112,공립,false,37.24160247,127.5178501,elem,true,data.go.kr
B000004362,이천남초등학교,7530000,이천시,경기도이천교육지원청,경기도 이천시 경충대로2614번길 32,공립,false,37.2769754,127.4436576,elem,true,data.go.kr
B000004361,이천단월초등학교,7530000,이천시,경기도이천교육지원청,경기도 이천시 단월로 98,공립,false,37.22700347,127.4522059,elem,true,data.go.kr
B000004375,이천매곡초등학교,7530000,이천시,경기도이천교육지원청,경기도 이천시 호법면 이섭대천로96번길 8,공립,false,37.21483213,127.3944149,elem,true,data.go.kr
B000004381,이천사동초등학교,7530000,이천시,경기도이천교육지원청,경기도 이천시 대월면 경충대로2003번길 124-87,공립,false,37.24158954,127.4874636,elem,true,data.go.kr
B000004358,이천송정초등학교,7530000,이천시,경기도이천교육지원청,경기도 이천시 영창로45번길 165,공립,false,37.29416287,127.4333897,elem,true,data.go.kr
B000030923,이천중리초등학교,7530000,이천시,경기도이천교육지원청,경기도 이천시 신서희로 33,공립,false,37.27153565,127.439614,elem,true,data.go.kr
B000004364,이천초등학교,7530000,이천시,경기도이천교육지원청,경기도 이천시 서희로81번길 20,공립,false,37.28401029,127.4422895,elem,true,data.go.kr
B000004132,이충초등학교,7530000,평택시,경기도평택교육지원청,경기도 평택시 이충로 93-5,공립,false,37.06329722,127.0670071,elem,true,data.go.kr
B000004437,이포초등학교,7530000,여주시,경기도여주교육지원청,경기도 여주시 금사면 이여로 1237,공립,false,37.38909566,127.5298321,elem,true,data.go.kr
B000004451,이포초등학교하호분교장,7530000,여주시,경기도여주교육지원청,경기도 여주시 금사면 금품1로 695,공립,true,37.40585877,127.5012612,elem,true,data.go.kr
B000003970,이현초등학교,7530000,용인시,경기도용인교육지원청,경기도 용인시 기흥구 이현로 83,공립,false,37.31029508,127.0931044,elem,true,data.go.kr
B000003915,이호초등학교,7530000,안산시,경기도안산교육지원청,경기도 안산시 상록구 고목로3길 44,공립,false,37.28699826,126.8609672,elem,true,data.go.kr
B000004371,이황초등학교,7530000,이천시,경기도이천교육지원청,경기도 이천시 장호원읍 경충대로 456-20,공립,false,37.14561016,127.5877241,elem,true,data.go.kr
B000003675,인계초등학교,7530000,수원시,경기도수원교육지원청,경기도 수원시 팔달구 장다리로245번길 12,공립,false,37.27314985,127.0260774,elem,true,data.go.kr
B000003868,인덕원초등학교,7530000,안양시,경기도안양과천교육지원청,경기도 안양시 동안구 관양로 311,공립,false,37.39728426,126.9797534,elem,true,data.go.kr
B000004622,인창초등학교,7530000,구리시,경기도구리남양주교육지원청,경기도 구리시 동구릉로 37-13,공립,false,37.60444952,127.1314952,elem,true,data.go.kr
B000004773,일동초등학교,7530000,포천시,경기도포천교육지원청,경기도 포천시 일동면 화동로 1019,공립,false,37.95527551,127.3151553,elem,true,data.go.kr
B000004493,일산은행초등학교,7530000,고양시,경기도고양교육지원청,경기도 고양시 일산동구 은행마을로 70,공립,false,37.66932912,126.8064844,elem,true,data.go.kr
B000004523,일산초등학교,7530000,고양시,경기도고양교육지원청,경기도 고양시 일산서구 일중로15번길 38,공립,false,37.68298887,126.7719674,elem,true,data.go.kr
B000003651,일월초등학교,7530000,수원시,경기도수원교육지원청,경기도 수원시 권선구 일월천로16번길 27,공립,false,37.28421904,126.9743928,elem,true,data.go.kr
B000004417,일죽초등학교,7530000,안성시,경기도안성교육지원청,경기도 안성시 일죽면 주래본죽로 72,공립,false,37.09165258,127.481714,elem,true,data.go.kr
B000004693,임진초등학교,7530000,파주시,경기도파주교육지원청,경기도 파주시 문산읍 문향로17번길 36,공립,false,37.85477487,126.784691,elem,true,data.go.kr
B000003646,입북초등학교,7530000,수원시,경기도수원교육지원청,경기도 수원시 권선구 율전로 10,공립,false,37.29451623,126.9601632,elem,true,data.go.kr
B000023999,자란초등학교,7530000,평택시,경기도평택교육지원청,경기도 평택시 만세로 1886,공립,false,37.00341476,127.0998653,elem,true,data.go.kr
B000004691,자유초등학교,7530000,파주시,경기도파주교육지원청,경기도 파주시 문산읍 방촌로 1722,공립,false,37.86553668,126.7865536,elem,true,data.go.kr
B000003689,잠원초등학교,7530000,수원시,경기도수원교육지원청,경기도 수원시 영통구 태장로54번길 11,공립,false,37.23872914,127.0525213,elem,true,data.go.kr
B000004103,장곡초등학교,7530000,시흥시,경기도시흥교육지원청,경기도 시흥시 장곡로70번길 12,공립,false,37.3814009,126.7819636,elem,true,data.go.kr
B000004330,장기초등학교,7530000,김포시,경기도김포교육지원청,경기도 김포시 김포한강2로 173,공립,false,37.64245358,126.6644771,elem,true,data.go.kr
B000004572,장내초등학교,7530000,남양주시,경기도구리남양주교육지원청,경기도 남양주시 평내로 64,공립,false,37.64109014,127.2348507,elem,true,data.go.kr
B000004122,장당초등학교,7530000,평택시,경기도평택교육지원청,경기도 평택시 송탄로 46,공립,false,37.05011502,127.0576496,elem,true,data.go.kr
B000004227,장명초등학교,7530000,화성시,경기도화성오산교육지원청,경기도 화성시 만세구 장안면 장명길 19-8,공립,false,37.0562352322,126.8524311928,elem,true,data.go.kr
B000004513,장성초등학교,7530000,고양시,경기도고양교육지원청,경기도 고양시 일산서구 일산로 738,공립,false,37.67794916,126.7496619,elem,true,data.go.kr
B000004590,장승초등학교,7530000,남양주시,경기도구리남양주교육지원청,경기도 남양주시 진접읍 금강로1576번길 12,공립,false,37.73035591,127.1954113,elem,true,data.go.kr
B000004614,장자초등학교,7530000,구리시,경기도구리남양주교육지원청,경기도 구리시 장자대로 40,공립,false,37.58684043,127.1352789,elem,true,data.go.kr
B000004386,장천초등학교,7530000,이천시,경기도이천교육지원청,경기도 이천시 설성면 설성로 165-25,공립,false,37.14575302,127.5283281,elem,true,data.go.kr
B000004514,장촌초등학교,7530000,고양시,경기도고양교육지원청,경기도 고양시 일산서구 호수로856번길 43,공립,false,37.67282742,126.7489605,elem,true,data.go.kr
B000004706,장파초등학교,7530000,파주시,경기도파주교육지원청,경기도 파주시 파평면 장마루5길 11,공립,false,37.9413673,126.837545,elem,true,data.go.kr
B000004025,장평초등학교,7530000,용인시,경기도용인교육지원청,경기도 용인시 처인구 백암면 한택로 446,공립,false,37.11907332,127.3776064,elem,true,data.go.kr
B000004591,장현초등학교,7530000,남양주시,경기도구리남양주교육지원청,경기도 남양주시 진접읍 장현천로 37,공립,false,37.71946287,127.1822165,elem,true,data.go.kr
B000004369,장호원초등학교,7530000,이천시,경기도이천교육지원청,경기도 이천시 장호원읍 장감로 46,공립,false,37.11558427,127.6281309,elem,true,data.go.kr
B000004483,저동초등학교,7530000,고양시,경기도고양교육지원청,경기도 고양시 일산동구 대산로11번길 37,공립,false,37.66801128,126.7738784,elem,true,data.go.kr
B000004711,적서초등학교,7530000,파주시,경기도파주교육지원청,경기도 파주시 적성면 적서초교길 3,공립,false,37.95104368,126.8969827,elem,true,data.go.kr
B000004713,적암초등학교,7530000,파주시,경기도파주교육지원청,경기도 파주시 적성면 율곡로 3042,공립,false,37.98780842,127.0039182,elem,true,data.go.kr
B000004808,전곡초등학교,7530000,연천군,경기도연천교육지원청,경기도 연천군 전곡읍 선사로 433,공립,false,38.0277842,127.0719609,elem,true,data.go.kr
B000004443,점동초등학교,7530000,여주시,경기도여주교육지원청,경기도 여주시 점동면 청안로 106,공립,false,37.2042595,127.6630001,elem,true,data.go.kr
B000004428,점봉초등학교,7530000,여주시,경기도여주교육지원청,경기도 여주시 세종로 488-4,공립,false,37.25674291,127.6446388,elem,true,data.go.kr
B000004768,정교초등학교,7530000,포천시,경기도포천교육지원청,경기도 포천시 가산면 정금로 77,공립,false,37.81599948,127.1698954,elem,true,data.go.kr
B000004229,정남초등학교,7530000,화성시,경기도화성오산교육지원청,경기도 화성시 효행구 정남면 만년로 516,공립,false,37.1675572276,126.984890366,elem,true,data.go.kr
B000004228,정림초등학교,7530000,화성시,경기도화성오산교육지원청,경기도 화성시 효행구 정남면 망월길 69,공립,false,37.1530421,127.0116502,elem,true,data.go.kr
B000004487,정발초등학교,7530000,고양시,경기도고양교육지원청,경기도 고양시 일산동구 강송로 190,공립,false,37.65577171,126.783759,elem,true,data.go.kr
B000004475,정배초등학교,7530000,양평군,경기도양평교육지원청,경기도 양평군 서종면 명덕길 10,공립,false,37.60302821,127.4232905,elem,true,data.go.kr
B000004105,정왕초등학교,7530000,시흥시,경기도시흥교육지원청,경기도 시흥시 중심상가로 257,공립,false,37.34097209,126.743227,elem,true,data.go.kr
B000003632,정자초등학교,7530000,수원시,경기도수원교육지원청,경기도 수원시 장안구 장안로 191,공립,false,37.29957588,126.9951959,elem,true,data.go.kr
B000003916,정재초등학교,7530000,안산시,경기도안산교육지원청,경기도 안산시 상록구 정재초교길 11,공립,false,37.33848608,126.8648857,elem,true,data.go.kr
B000003897,정지초등학교,7530000,안산시,경기도안산교육지원청,경기도 안산시 단원구 정지로 57,공립,false,37.34159982,126.8112705,elem,true,data.go.kr
B000003624,정천초등학교,7530000,수원시,경기도수원교육지원청,경기도 수원시 장안구 화산로 83,공립,false,37.2912382,126.9827548,elem,true,data.go.kr
B000003990,정평초등학교,7530000,용인시,경기도용인교육지원청,경기도 용인시 수지구 정평로 64,공립,false,37.32083142,127.0885087,elem,true,data.go.kr
B000024705,정현초등학교,7530000,화성시,경기도화성오산교육지원청,경기도 화성시 동탄구 동탄산척로 122,공립,false,37.17144705,127.1132706,elem,true,data.go.kr
B000004201,제암초등학교,7530000,화성시,경기도화성오산교육지원청,경기도 화성시 만세구 향남읍 발안서로 21,공립,false,37.13115334,126.9021135,elem,true,data.go.kr
B000004018,제일초등학교,7530000,용인시,경기도용인교육지원청,경기도 용인시 처인구 양지면 중부대로2517번길 42-7,공립,false,37.24280483,127.3135289,elem,true,data.go.kr
B000026214,조남초등학교,7530000,시흥시,경기도시흥교육지원청,경기도 시흥시 목감둘레로 229-9,공립,false,37.37902709,126.8592671,elem,true,data.go.kr
B000004610,조안초등학교,7530000,남양주시,경기도구리남양주교육지원청,경기도 남양주시 조안면 북한강로229번길 20,공립,false,37.54641013,127.3005896,elem,true,data.go.kr
B000003636,조원초등학교,7530000,수원시,경기도수원교육지원청,경기도 수원시 장안구 금당로 53,공립,false,37.30321326,127.0172011,elem,true,data.go.kr
B000004800,조종초등학교,7530000,가평군,경기도가평교육지원청,경기도 가평군 조종면 조종새싹로 13-9,공립,false,37.82151519,127.348932,elem,true,data.go.kr
B000004464,조현초등학교,7530000,양평군,경기도양평교육지원청,경기도 양평군 용문면 중원산로 157,공립,false,37.52272731,127.6160008,elem,true,data.go.kr
B000027528,종덕초등학교,7530000,평택시,경기도평택교육지원청,경기도 평택시 고덕국제2로 111,공립,false,37.05294406,127.0462775,elem,true,data.go.kr
B000004028,좌항초등학교,7530000,용인시,경기도용인교육지원청,경기도 용인시 처인구 원삼면 원양로 603,공립,false,37.20182797,127.3203483,elem,true,data.go.kr
B000004586,주곡초등학교,7530000,남양주시,경기도구리남양주교육지원청,경기도 남양주시 진접읍 해밀예당1로 277,공립,false,37.72470084,127.2059678,elem,true,data.go.kr
B000004522,주엽초등학교,7530000,고양시,경기도고양교육지원청,경기도 고양시 일산서구 강선로 29,공립,false,37.66738993,126.7615108,elem,true,data.go.kr
B000004729,주원초등학교,7530000,양주시,경기도동두천양주교육지원청,경기도 양주시 고암길 242,공립,false,37.83553577,127.0728956,elem,true,data.go.kr
B000004110,죽백초등학교,7530000,평택시,경기도평택교육지원청,경기도 평택시 죽백1길 41,공립,false,37.01362689,127.1375227,elem,true,data.go.kr
B000004416,죽산초등학교,7530000,안성시,경기도안성교육지원청,경기도 안성시 죽산면 죽산초교길 43,공립,false,37.07847725,127.4211898,elem,true,data.go.kr
B000003999,죽전초등학교,7530000,용인시,경기도용인교육지원청,경기도 용인시 수지구 용구대로2772번길 15,공립,false,37.33374032,127.1103872,elem,true,data.go.kr
B000004419,죽화초등학교,7530000,안성시,경기도안성교육지원청,경기도 안성시 일죽면 죽화로 297,공립,false,37.10774589,127.4582669,elem,true,data.go.kr
B000003774,중동초등학교,7530000,부천시,경기도부천교육지원청,경기도 부천시 원미구 심중로75번길 37,공립,false,37.49002712,126.7693697,elem,true,data.go.kr
B000003733,중부초등학교,7530000,성남시,경기도성남교육지원청,경기도 성남시 중원구 자혜로 55,공립,false,37.45154694,127.1649507,elem,true,data.go.kr
B000004498,중산초등학교,7530000,고양시,경기도고양교육지원청,경기도 고양시 일산동구 탄중로 373,공립,false,37.69044448,126.7835571,elem,true,data.go.kr
B000003704,중앙기독초등학교,7530000,수원시,경기도수원교육지원청,경기도 수원시 영통구 월드컵로 70,사립,false,37.27533477,127.0576904,elem,true,data.go.kr
B000003728,중원초등학교,7530000,성남시,경기도성남교육지원청,경기도 성남시 중원구 사기막골로31번길 46,공립,false,37.43785528,127.1678574,elem,true,data.go.kr
B000025541,중일초등학교,7530000,용인시,경기도용인교육지원청,경기도 용인시 기흥구 동백죽전대로527번길 36,공립,false,37.28560757,127.1432335,elem,true,data.go.kr
B000003767,중탑초등학교,7530000,성남시,경기도성남교육지원청,경기도 성남시 분당구 벌말로 68,공립,false,37.41392399,127.1396854,elem,true,data.go.kr
B000003800,중흥초등학교,7530000,부천시,경기도부천교육지원청,경기도 부천시 원미구 계남로 214,공립,false,37.50668196,126.7732474,elem,true,data.go.kr
B000004363,증포초등학교,7530000,이천시,경기도이천교육지원청,경기도 이천시 이섭대천로 1418,공립,false,37.29419851,127.457137,elem,true,data.go.kr
B000003961,지곡초등학교,7530000,용인시,경기도용인교육지원청,경기도 용인시 기흥구 사은로 274-45,공립,false,37.2521849,127.1382088,elem,true,data.go.kr
B000004541,지도초등학교,7530000,고양시,경기도고양교육지원청,경기도 고양시 덕양구 성신로 49,공립,false,37.62827339,126.8337591,elem,true,data.go.kr
B000003677,지동초등학교,7530000,수원시,경기도수원교육지원청,경기도 수원시 팔달구 중부대로 67,공립,false,37.27715909,127.024503,elem,true,data.go.kr
B000004671,지산초등학교,7530000,파주시,경기도파주교육지원청,경기도 파주시 경의로 1274,공립,false,37.73092345,126.7615175,elem,true,data.go.kr
B000003939,지석초등학교,7530000,용인시,경기도용인교육지원청,경기도 용인시 기흥구 어정로 62-25,공립,false,37.27004892,127.1390138,elem,true,data.go.kr
B000004131,지장초등학교,7530000,평택시,경기도평택교육지원청,경기도 평택시 지장로 15,공립,false,37.0680549,127.0575782,elem,true,data.go.kr
B000030562,지제초등학교,7530000,평택시,경기도평택교육지원청,경기도 평택시 지제5로 77,공립,false,37.0234962,127.0781525,elem,true,data.go.kr
B000024542,지축초등학교,7530000,고양시,경기도고양교육지원청,경기도 고양시 덕양구 오부자로 50,공립,false,37.65291086,126.9159516,elem,true,data.go.kr
B000004468,지평초등학교,7530000,양평군,경기도양평교육지원청,경기도 양평군 지평면 지평의병로 107,공립,false,37.47584497,127.6380388,elem,true,data.go.kr
B000004719,지행초등학교,7530000,동두천시,경기도동두천양주교육지원청,경기도 동두천시 행선로 40,공립,false,37.89193087,127.0616932,elem,true,data.go.kr
B000004771,지현초등학교,7530000,포천시,경기도포천교육지원청,경기도 포천시 화현면 봉화로 926-9,공립,false,37.92906522,127.2654578,elem,true,data.go.kr
B000030425,지효초등학교,7530000,고양시,경기도고양교육지원청,경기도 고양시 덕양구 오부자로 115,공립,false,37.65032906,126.9220106,elem,true,data.go.kr
B000004383,진가초등학교,7530000,이천시,경기도이천교육지원청,경기도 이천시 모가면 진상미로 1321-14,공립,false,37.17475248,127.479209,elem,true,data.go.kr
B000004575,진건초등학교,7530000,남양주시,경기도구리남양주교육지원청,경기도 남양주시 진건읍 사릉로 408-9,공립,false,37.65702846,127.1787473,elem,true,data.go.kr
B000004080,진말초등학교,7530000,시흥시,경기도시흥교육지원청,경기도 시흥시 황고개로 567,공립,false,37.38051877,126.7881466,elem,true,data.go.kr
B000004190,진안초등학교,7530000,화성시,경기도화성오산교육지원청,경기도 화성시 병점구 병점4로 97,공립,false,37.21700472,127.040545,elem,true,data.go.kr
B000004157,진위초등학교,7530000,평택시,경기도평택교육지원청,경기도 평택시 진위면 봉남길 49,공립,false,37.10066411,127.0899589,elem,true,data.go.kr
B000004162,진위초등학교산대분교장,7530000,평택시,경기도평택교육지원청,경기도 평택시 진위면 은산3길 46,공립,true,37.08401577,127.1211641,elem,true,data.go.kr
B000004585,진접초등학교,7530000,남양주시,경기도구리남양주교육지원청,경기도 남양주시 진접읍 해밀예당2로 102,공립,false,37.71713977,127.1997562,elem,true,data.go.kr
B000004582,차산초등학교,7530000,남양주시,경기도구리남양주교육지원청,경기도 남양주시 화도읍 수레로 1105-23,공립,false,37.63636634,127.3017247,elem,true,data.go.kr
B000026648,창릉초등학교,7530000,고양시,경기도고양교육지원청,경기도 고양시 덕양구 덕수천2로 118,공립,false,37.64831721,126.8932376,elem,true,data.go.kr
B000004786,창수초등학교,7530000,포천시,경기도포천교육지원청,경기도 포천시 창수면 옥수로58번길 4,공립,false,37.98985608,127.181701,elem,true,data.go.kr
B000004158,창신초등학교,7530000,평택시,경기도평택교육지원청,경기도 평택시 오성면 창신뜰길 138,공립,false,37.00430891,127.0067541,elem,true,data.go.kr
B000003823,창영초등학교,7530000,부천시,경기도부천교육지원청,경기도 부천시 소사구 은성로 109-26,공립,false,37.47516929,126.8048426,elem,true,data.go.kr
B000003628,창용초등학교,7530000,수원시,경기도수원교육지원청,경기도 수원시 장안구 광교산로140번길 8,공립,false,37.29959882,127.0313858,elem,true,data.go.kr
B000004310,창우초등학교,7530000,하남시,경기도광주하남교육지원청,경기도 하남시 대청로 99,공립,false,37.54065829,127.2237555,elem,true,data.go.kr
B000004584,창현초등학교,7530000,남양주시,경기도구리남양주교육지원청,경기도 남양주시 화도읍 녹촌로 12,공립,false,37.64594218,127.3018512,elem,true,data.go.kr
B000030808,처인초등학교,7530000,용인시,경기도용인교육지원청,경기도 용인시 처인구 남사읍 한숲로57번길 17,공립,false,37.1537633,127.1686577,elem,true,data.go.kr
B000004438,천남초등학교,7530000,여주시,경기도여주교육지원청,경기도 여주시 대신면 참샘2길 1,공립,false,37.3458497,127.6313952,elem,true,data.go.kr
B000004581,천마초등학교,7530000,남양주시,경기도구리남양주교육지원청,경기도 남양주시 화도읍 경춘로 1707,공립,false,37.65583217,127.2803967,elem,true,data.go.kr
B000004742,천보초등학교(폐교),7530000,양주시,경기도동두천양주교육지원청,경기도 양주시 옥정로7길 65,공립,false,37.82756573,127.087463,elem,true,data.go.kr
B000003625,천일초등학교,7530000,수원시,경기도수원교육지원청,경기도 수원시 장안구 정자로19번길 13,공립,false,37.30095712,126.9781743,elem,true,data.go.kr
B000003623,천천초등학교,7530000,수원시,경기도수원교육지원청,경기도 수원시 장안구 정자로42번길 17,공립,false,37.30058446,126.982582,elem,true,data.go.kr
B000004689,천현초등학교,7530000,파주시,경기도파주교육지원청,경기도 파주시 법원읍 사임당로 875,공립,false,37.84977666,126.8784019,elem,true,data.go.kr
B000004278,철산초등학교,7530000,광명시,경기도광명교육지원청,경기도 광명시 하안로 392,공립,false,37.46979433,126.8745934,elem,true,data.go.kr
B000003878,청계초등학교,7530000,과천시,경기도안양과천교육지원청,경기도 과천시 꿈보람길 34,공립,false,37.43147178,126.9963233,elem,true,data.go.kr
B000003958,청곡초등학교,7530000,용인시,경기도용인교육지원청,경기도 용인시 기흥구 덕영대로2077번길 52,공립,false,37.2674933,127.0933821,elem,true,data.go.kr
B000003972,청덕초등학교,7530000,용인시,경기도용인교육지원청,경기도 용인시 기흥구 구성1로 61,공립,false,37.29439648,127.1492572,elem,true,data.go.kr
B000004213,청룡초등학교,7530000,화성시,경기도화성오산교육지원청,경기도 화성시 효행구 비봉면 주석로 610,공립,false,37.2012425172,126.8888177219,elem,true,data.go.kr
B000024702,청림초등학교,7530000,화성시,경기도화성오산교육지원청,경기도 화성시 동탄구 동탄산척로 93-22,공립,false,37.17458716,127.1113568,elem,true,data.go.kr
B000003700,청명초등학교,7530000,수원시,경기도수원교육지원청,경기도 수원시 영통구 봉영로1744번길 41,공립,false,37.26563109,127.0851747,elem,true,data.go.kr
B000024686,청목초등학교,7530000,화성시,경기도화성오산교육지원청,경기도 화성시 동탄구 동탄순환대로21길 10,공립,false,37.19577115,127.1174309,elem,true,data.go.kr
B000030818,청미르초등학교,7530000,파주시,경기도파주교육지원청,경기도 파주시 운정중앙로 230,공립,false,37.73077313,126.7247089,elem,true,data.go.kr
B000004148,청북초등학교,7530000,평택시,경기도평택교육지원청,경기도 평택시 청북읍 청북새싹길 25,공립,false,37.04319052,126.9351869,elem,true,data.go.kr
B000004679,청석초등학교,7530000,파주시,경기도파주교육지원청,경기도 파주시 청석로 330,공립,false,37.73090226,126.7195884,elem,true,data.go.kr
B000004778,청성초등학교,7530000,포천시,경기도포천교육지원청,경기도 포천시 군내면 솔밭길 12-1,공립,false,37.87467899,127.2233735,elem,true,data.go.kr
B000003749,청솔초등학교,7530000,성남시,경기도성남교육지원청,경기도 성남시 분당구 금곡로 243,공립,false,37.35465808,127.1141001,elem,true,data.go.kr
B000024281,청수초등학교,7530000,김포시,경기도김포교육지원청,경기도 김포시 김포한강11로 256,공립,false,37.65389615,126.6786971,elem,true,data.go.kr
B000023084,청아초등학교,7530000,하남시,경기도광주하남교육지원청,경기도 하남시 미사강변중앙로132번길 45,공립,false,37.55870172,127.1941911,elem,true,data.go.kr
B000004680,청암초등학교,7530000,파주시,경기도파주교육지원청,경기도 파주시 청암로 16,공립,false,37.73076255,126.7378966,elem,true,data.go.kr
B000027252,청연초등학교,7530000,화성시,경기도화성오산교육지원청,경기도 화성시 효행구 비봉면 새비봉서로 68,공립,false,37.24643696,126.8673577,elem,true,data.go.kr
B000004149,청옥초등학교,7530000,평택시,경기도평택교육지원청,경기도 평택시 청북읍 안청로1길 76,공립,false,37.01891055,126.9118619,elem,true,data.go.kr
B000004466,청운초등학교,7530000,양평군,경기도양평교육지원청,경기도 양평군 청운면 용두로156번길 30,공립,false,37.55457051,127.713771,elem,true,data.go.kr
B000004215,청원초등학교,7530000,화성시,경기도화성오산교육지원청,경기도 화성시 만세구 마도면 해운로 794,공립,false,37.1880720263,126.7617041041,elem,true,data.go.kr
B000004796,청평초등학교,7530000,가평군,경기도가평교육지원청,경기도 가평군 청평면 잠곡로 27,공립,false,37.73783289,127.4218861,elem,true,data.go.kr
B000003974,초당초등학교,7530000,용인시,경기도용인교육지원청,경기도 용인시 기흥구 동백중앙로 78,공립,false,37.26347282,127.1609334,elem,true,data.go.kr
B000003920,초당초등학교,7530000,안산시,경기도안산교육지원청,경기도 안산시 상록구 초당로 25,공립,false,37.28528789,126.8503842,elem,true,data.go.kr
B000030318,초롱초등학교,7530000,파주시,경기도파주교육지원청,경기도 파주시 양지로 101,공립,false,37.7099875,126.7198866,elem,true,data.go.kr
B000003738,초림초등학교,7530000,성남시,경기도성남교육지원청,경기도 성남시 분당구 수내로90번길 26,공립,false,37.37682557,127.1175924,elem,true,data.go.kr
B000004814,초성초등학교,7530000,연천군,경기도연천교육지원청,경기도 연천군 청산면 학담로 104,공립,false,37.99816515,127.0736834,elem,true,data.go.kr
B000004292,초월초등학교,7530000,광주시,경기도광주하남교육지원청,경기도 광주시 초월읍 산수로 523,공립,false,37.40790493,127.3078667,elem,true,data.go.kr
B000003904,초지초등학교,7530000,안산시,경기도안산교육지원청,경기도 안산시 단원구 초지로 153,공립,false,37.31267996,126.8142307,elem,true,data.go.kr
B000004762,추산초등학교,7530000,포천시,경기도포천교육지원청,경기도 포천시 소흘읍 솔모루로3번길 52-20,공립,false,37.82576436,127.1371878,elem,true,data.go.kr
B000004766,축석초등학교,7530000,포천시,경기도포천교육지원청,경기도 포천시 소흘읍 무란1길 25,공립,false,37.78841208,127.1220876,elem,true,data.go.kr
B000004259,충현초등학교,7530000,광명시,경기도광명교육지원청,경기도 광명시 성채안로 16,공립,false,37.43313872,126.8864833,elem,true,data.go.kr
B000024655,치동초등학교,7530000,화성시,경기도화성오산교육지원청,경기도 화성시 동탄구 동탄순환대로 881-34,공립,false,37.20655283,127.0915676,elem,true,data.go.kr
B000003664,칠보초등학교,7530000,수원시,경기도수원교육지원청,경기도 수원시 권선구 금호로37번길 15,공립,false,37.26986181,126.9553744,elem,true,data.go.kr
B000004727,칠봉초등학교,7530000,양주시,경기도동두천양주교육지원청,경기도 양주시 회정로 156,공립,false,37.83808604,127.0703607,elem,true,data.go.kr
B000004285,탄벌초등학교,7530000,광주시,경기도광주하남교육지원청,경기도 광주시 이배재로 20-12,공립,false,37.4201828,127.2485144,elem,true,data.go.kr
B000003757,탄천초등학교,7530000,성남시,경기도성남교육지원청,경기도 성남시 분당구 내정로 20,공립,false,37.36159606,127.1156357,elem,true,data.go.kr
B000004703,탄현초등학교,7530000,파주시,경기도파주교육지원청,경기도 파주시 탄현면 방촌로653번길 4,공립,false,37.80327877,126.7174121,elem,true,data.go.kr
B000004724,탑동초등학교,7530000,동두천시,경기도동두천양주교육지원청,경기도 동두천시 탑신로 61,공립,false,37.89155643,127.1039343,elem,true,data.go.kr
B000003642,탑동초등학교,7530000,수원시,경기도수원교육지원청,경기도 수원시 권선구 탑동로 55,공립,false,37.27351524,126.9728696,elem,true,data.go.kr
B000004763,태봉초등학교,7530000,포천시,경기도포천교육지원청,경기도 포천시 소흘읍 송선로 8,공립,false,37.83436899,127.1450133,elem,true,data.go.kr
B000022654,태성초등학교,7530000,광주시,경기도광주하남교육지원청,경기도 광주시 태성로 37,공립,false,37.38496543,127.2288622,elem,true,data.go.kr
B000004184,태안초등학교,7530000,화성시,경기도화성오산교육지원청,경기도 화성시 병점구 병점3로 77,공립,false,37.21065951,127.0408656,elem,true,data.go.kr
B000004048,태을초등학교,7530000,군포시,경기도군포의왕교육지원청,경기도 군포시 산본로 451-49,공립,false,37.37205306,126.9263632,elem,true,data.go.kr
B000003688,태장초등학교,7530000,수원시,경기도수원교육지원청,경기도 수원시 영통구 태장로71번길 30,공립,false,37.24087205,127.0546251,elem,true,data.go.kr
B000004288,태전초등학교,7530000,광주시,경기도광주하남교육지원청,경기도 광주시 태봉로 56,공립,false,37.38885946,127.2271184,elem,true,data.go.kr
B000003708,태평초등학교,7530000,성남시,경기도성남교육지원청,경기도 성남시 수정구 남문로32번길 7,공립,false,37.44495416,127.1316938,elem,true,data.go.kr
B000004553,토당초등학교,7530000,고양시,경기도고양교육지원청,경기도 고양시 덕양구 행신로 90,공립,false,37.61719519,126.8262942,elem,true,data.go.kr
B000003992,토월초등학교,7530000,용인시,경기도용인교육지원청,경기도 용인시 수지구 수지로296번길 3,공립,false,37.32522741,127.0915836,elem,true,data.go.kr
B000004618,토평초등학교,7530000,구리시,경기도구리남양주교육지원청,경기도 구리시 벌말로129번길 17-1,공립,false,37.58782449,127.1463829,elem,true,data.go.kr
B000004701,통일초등학교,7530000,파주시,경기도파주교육지원청,경기도 파주시 탄현면 사슴벌레로 14,공립,false,37.77487915,126.703646,elem,true,data.go.kr
B000004343,통진초등학교,7530000,김포시,경기도김포교육지원청,경기도 김포시 통진읍 조강로 116,공립,false,37.69388578,126.5944372,elem,true,data.go.kr
B000004607,퇴계원초등학교,7530000,남양주시,경기도구리남양주교육지원청,경기도 남양주시 퇴계원읍 퇴계원로59번길 16,공립,false,37.65370134,127.1414178,elem,true,data.go.kr
B000004710,파양초등학교,7530000,파주시,경기도파주교육지원청,경기도 파주시 문산읍 배머리길 90-70,공립,false,37.86146392,126.8367197,elem,true,data.go.kr
B000003638,파장초등학교,7530000,수원시,경기도수원교육지원청,경기도 수원시 장안구 경수대로1081번길 32-9,공립,false,37.30896098,126.9923556,elem,true,data.go.kr
B000004676,파주대원초등학교,7530000,파주시,경기도파주교육지원청,경기도 파주시 조리읍 대원로 30,공립,false,37.7273473,126.8196844,elem,true,data.go.kr
B000004664,파주송화초등학교,7530000,파주시,경기도파주교육지원청,경기도 파주시 송화로 39,공립,false,37.77459686,126.7792304,elem,true,data.go.kr
B000004684,파주와동초등학교,7530000,파주시,경기도파주교육지원청,경기도 파주시 금바위로 17,공립,false,37.72649445,126.756745,elem,true,data.go.kr
B000004688,파주초등학교,7530000,파주시,경기도파주교육지원청,경기도 파주시 파주읍 우계로53번길 15,공립,false,37.83214767,126.8159558,elem,true,data.go.kr
B000004708,파평초등학교,7530000,파주시,경기도파주교육지원청,경기도 파주시 파평면 파평산로478번길 37,공립,false,37.90360997,126.8380523,elem,true,data.go.kr
B000004561,판곡초등학교,7530000,남양주시,경기도구리남양주교육지원청,경기도 남양주시 늘을3로 15,공립,false,37.6601779,127.2417486,elem,true,data.go.kr
B000026906,판교대장초등학교,7530000,성남시,경기도성남교육지원청,경기도 성남시 분당구 판교대장로5길 71,공립,false,37.36825879,127.0697175,elem,true,data.go.kr
B000003744,판교초등학교,7530000,성남시,경기도성남교육지원청,경기도 성남시 분당구 판교원로 231,공립,false,37.38728227,127.0914433,elem,true,data.go.kr
B000003910,팔곡초등학교,7530000,안산시,경기도안산교육지원청,경기도 안산시 상록구 팔곡두레길 71,공립,false,37.29695945,126.8826412,elem,true,data.go.kr
B000003672,팔달초등학교,7530000,수원시,경기도수원교육지원청,경기도 수원시 팔달구 권광로367번길 22,공립,false,37.279481,127.0357442,elem,true,data.go.kr
B000004221,팔탄초등학교,7530000,화성시,경기도화성오산교육지원청,경기도 화성시 만세구 팔탄면 마당바위로31번길 6,공립,false,37.1593633969,126.9024567558,elem,true,data.go.kr
B000004231,팔탄초등학교대방분교장,7530000,화성시,경기도화성오산교육지원청,경기도 화성시 만세구 팔탄면 노하길 398,공립,true,37.1615148278,126.870326171,elem,true,data.go.kr
B000004134,팽성초등학교,7530000,평택시,경기도평택교육지원청,경기도 평택시 팽성읍 송화2길 2,공립,false,36.95068718,127.0517616,elem,true,data.go.kr
B000004571,평내초등학교,7530000,남양주시,경기도구리남양주교육지원청,경기도 남양주시 경춘로 1292-11,공립,false,37.64908523,127.2377347,elem,true,data.go.kr
B000004563,평동초등학교,7530000,남양주시,경기도구리남양주교육지원청,경기도 남양주시 호평로68번길 16,공립,false,37.65461996,127.247687,elem,true,data.go.kr
B000004120,평일초등학교,7530000,평택시,경기도평택교육지원청,경기도 평택시 평남로 626,공립,false,36.98937529,127.1070709,elem,true,data.go.kr
B000003859,평촌초등학교,7530000,안양시,경기도안양과천교육지원청,경기도 안양시 동안구 평촌대로180번길 56,공립,false,37.38839468,126.9604635,elem,true,data.go.kr
B000024172,평택대동초등학교,7530000,평택시,경기도평택교육지원청,경기도 평택시 소사서로 17,공립,false,36.98936457,127.1317904,elem,true,data.go.kr
B000004139,평택도곡초등학교,7530000,평택시,경기도평택교육지원청,경기도 평택시 포승읍 여술로44번길 5,공립,false,36.98892556,126.8480738,elem,true,data.go.kr
B000024061,평택모산초등학교,7530000,평택시,경기도평택교육지원청,경기도 평택시 지제동삭1로 175,공립,false,37.02063576,127.092978,elem,true,data.go.kr
B000027396,평택새빛초등학교,7530000,평택시,경기도평택교육지원청,경기도 평택시 신촌2로 33,공립,false,37.0250819,127.1051136,elem,true,data.go.kr
B000027390,평택서재초등학교,7530000,평택시,경기도평택교육지원청,경기도 평택시 상서재로6길 19,공립,false,37.0182477,127.1039672,elem,true,data.go.kr
B000004115,평택성동초등학교,7530000,평택시,경기도평택교육지원청,경기도 평택시 중앙로 89,공립,false,36.99536292,127.0933789,elem,true,data.go.kr
B000004135,평택송화초등학교,7530000,평택시,경기도평택교육지원청,경기도 평택시 팽성읍 송화택지로25번길 14,공립,false,36.96294275,127.0569797,elem,true,data.go.kr
B000004142,평택안일초등학교,7530000,평택시,경기도평택교육지원청,경기도 평택시 안중읍 안중로 13,공립,false,36.98287497,126.9243945,elem,true,data.go.kr
B000027410,평택연화초등학교,7530000,평택시,경기도평택교육지원청,경기도 평택시 현덕면 운정화양1로 95,공립,false,36.98085727,126.8990058,elem,true,data.go.kr
B000024064,평택영신초등학교,7530000,평택시,경기도평택교육지원청,경기도 평택시 지제동삭2로 123,공립,false,37.01744671,127.0852241,elem,true,data.go.kr
B000023746,평택이화초등학교,7530000,평택시,경기도평택교육지원청,경기도 평택시 평남로 906,공립,false,37.00356166,127.1082237,elem,true,data.go.kr
B000004118,평택중앙초등학교,7530000,평택시,경기도평택교육지원청,경기도 평택시 세교로 11,공립,false,37.00227268,127.0780535,elem,true,data.go.kr
B000004126,평택지산초등학교,7530000,평택시,경기도평택교육지원청,경기도 평택시 지산2로 57,공립,false,37.07730692,127.0620077,elem,true,data.go.kr
B000024015,평택청아초등학교,7530000,평택시,경기도평택교육지원청,경기도 평택시 청북읍 안청로4길 26,공립,false,37.02330019,126.9157083,elem,true,data.go.kr
B000004108,평택초등학교,7530000,평택시,경기도평택교육지원청,경기도 평택시 원평2로 4,공립,false,36.98945615,127.0813739,elem,true,data.go.kr
B000027408,평택화양초등학교,7530000,평택시,경기도평택교육지원청,경기도 평택시 현덕면 화양현화2로 10,공립,false,36.98489032,126.9048336,elem,true,data.go.kr
B000004015,포곡초등학교,7530000,용인시,경기도용인교육지원청,경기도 용인시 처인구 포곡읍 부곡로 24,공립,false,37.28217962,127.2202404,elem,true,data.go.kr
B000030579,포담초등학교,7530000,포천시,경기도포천교육지원청,경기도 포천시 영중면 양문로 163,공립,false,38.00680902,127.2454502,elem,true,data.go.kr
B000004106,포리초등학교,7530000,시흥시,경기도시흥교육지원청,경기도 시흥시 신현로202번길 31,공립,false,37.40570864,126.7711923,elem,true,data.go.kr
B000004060,포일초등학교,7530000,의왕시,경기도군포의왕교육지원청,경기도 의왕시 포일세거리로 51,공립,false,37.39958138,126.9856366,elem,true,data.go.kr
B000004775,포천노곡초등학교,7530000,포천시,경기도포천교육지원청,경기도 포천시 이동면 성장로869번길 4,공립,false,38.00793427,127.3361721,elem,true,data.go.kr
B000004789,포천삼정초등학교,7530000,포천시,경기도포천교육지원청,경기도 포천시 신북면 청신로947번길 17,공립,false,37.96357368,127.1307144,elem,true,data.go.kr
B000004760,포천초등학교,7530000,포천시,경기도포천교육지원청,경기도 포천시 신읍길 40,공립,false,37.89648434,127.1984743,elem,true,data.go.kr
B000004373,표교초등학교,7530000,이천시,경기도이천교육지원청,경기도 이천시 마장면 중부대로609번길 28-1,공립,false,37.25673911,127.4058981,elem,true,data.go.kr
B000027108,푸른샘초등학교,7530000,양주시,경기도동두천양주교육지원청,경기도 양주시 회천중앙로 192,공립,false,37.81466123,127.0509241,elem,true,data.go.kr
B000004322,푸른솔초등학교,7530000,김포시,경기도김포교육지원청,경기도 김포시 김포한강2로 306,공립,false,37.65159348,126.6657793,elem,true,data.go.kr
B000004176,푸른초등학교,7530000,화성시,경기도화성오산교육지원청,경기도 화성시 동탄구 동탄공원로 21-38,공립,false,37.2021612091,127.0552901,elem,true,data.go.kr
B000003997,풍덕초등학교,7530000,용인시,경기도용인교육지원청,경기도 용인시 수지구 수지로 367,공립,false,37.33007411,127.0952528,elem,true,data.go.kr
B000004481,풍동초등학교,7530000,고양시,경기도고양교육지원청,경기도 고양시 일산동구 숲속마을로 14-43,공립,false,37.66951599,126.8025233,elem,true,data.go.kr
B000004332,풍무초등학교,7530000,김포시,경기도김포교육지원청,경기도 김포시 풍무로96번길 71,공립,false,37.60508712,126.7266135,elem,true,data.go.kr
B000004479,풍산초등학교,7530000,고양시,경기도고양교육지원청,경기도 고양시 일산동구 숲속마을로 51,공립,false,37.66687039,126.7967057,elem,true,data.go.kr
B000004588,풍양초등학교,7530000,남양주시,경기도구리남양주교육지원청,경기도 남양주시 진접읍 내각1로 31-1,공립,false,37.70216089,127.1620794,elem,true,data.go.kr
B000003991,풍천초등학교,7530000,용인시,경기도용인교육지원청,경기도 용인시 수지구 진산로66번길 20,공립,false,37.31616174,127.0955107,elem,true,data.go.kr
B000004247,필봉초등학교,7530000,오산시,경기도화성오산교육지원청,경기도 오산시 수청로 124,공립,false,37.17882611,127.0523788,elem,true,data.go.kr
B000024739,하길초등학교,7530000,화성시,경기도화성오산교육지원청,경기도 화성시 만세구 향남읍 상신하길로273번길 45,공립,false,37.11560646,126.9040759,elem,true,data.go.kr
B000004317,하남천현초등학교,7530000,하남시,경기도광주하남교육지원청,경기도 하남시 천현로 45,공립,false,37.53808695,127.2161188,elem,true,data.go.kr
B000004311,하남초등학교,7530000,하남시,경기도광주하남교육지원청,경기도 하남시 천현로 109,공립,false,37.53742616,127.2221663,elem,true,data.go.kr
B000004318,하남풍산초등학교,7530000,하남시,경기도광주하남교육지원청,경기도 하남시 덕풍북로 100,공립,false,37.5543847,127.2013921,elem,true,data.go.kr
B000024403,하늘빛초등학교,7530000,김포시,경기도김포교육지원청,경기도 김포시 김포한강11로 374,공립,false,37.65402774,126.6898224,elem,true,data.go.kr
B000004478,하늘초등학교,7530000,고양시,경기도고양교육지원청,경기도 고양시 일산동구 하늘마을1로 46,공립,false,37.67735902,126.7898583,elem,true,data.go.kr
B000027200,하랑초등학교,7530000,남양주시,경기도구리남양주교육지원청,경기도 남양주시 백봉로 92,공립,false,37.65003598,127.2552349,elem,true,data.go.kr
B000004355,하성초등학교,7530000,김포시,경기도김포교육지원청,경기도 김포시 하성면 애기봉로 857,공립,false,37.72067449,126.632570,elem,true,data.go.kr
B000004279,하안남초등학교,7530000,광명시,경기도광명교육지원청,경기도 광명시 금당로 71,공립,false,37.46217243,126.8852513,elem,true,data.go.kr
B000004281,하안북초등학교,7530000,광명시,경기도광명교육지원청,경기도 광명시 가림로 18,공립,false,37.46470851,126.8691342,elem,true,data.go.kr
B000004263,하안초등학교,7530000,광명시,경기도광명교육지원청,경기도 광명시 안현로 16,공립,false,37.46306043,126.873989,elem,true,data.go.kr
B000003724,하원초등학교,7530000,성남시,경기도성남교육지원청,경기도 성남시 중원구 광명로 396,공립,false,37.44625438,127.1702362,elem,true,data.go.kr
B000004280,하일초등학교,7530000,광명시,경기도광명교육지원청,경기도 광명시 철망산로 68,공립,false,37.46908545,126.8764178,elem,true,data.go.kr
B000004077,하중초등학교,7530000,시흥시,경기도시흥교육지원청,경기도 시흥시 하중로209번길 10,공립,false,37.39320804,126.8071006,elem,true,data.go.kr
B000003769,하탑초등학교,7530000,성남시,경기도성남교육지원청,경기도 성남시 분당구 양현로 262,공립,false,37.4073264,127.1266127,elem,true,data.go.kr
B000004172,학동초등학교,7530000,화성시,경기도화성오산교육지원청,경기도 화성시 동탄구 동탄지성로 79-17,공립,false,37.2053783356,127.0658928139,elem,true,data.go.kr
B000004345,학운초등학교,7530000,김포시,경기도김포교육지원청,경기도 김포시 양촌읍 황금로70번길 13,공립,false,37.62030006,126.6248607,elem,true,data.go.kr
B000003926,학현초등학교,7530000,안산시,경기도안산교육지원청,경기도 안산시 상록구 석호로 6,공립,false,37.31061715,126.8469052,elem,true,data.go.kr
B000004672,한가람초등학교,7530000,파주시,경기도파주교육지원청,경기도 파주시 금바위로 87,공립,false,37.73207826,126.7560308,elem,true,data.go.kr
B000004360,한내초등학교,7530000,이천시,경기도이천교육지원청,경기도 이천시 갈산로 71,공립,false,37.29041031,127.4615027,elem,true,data.go.kr
B000026379,한류초등학교,7530000,고양시,경기도고양교육지원청,경기도 고양시 일산동구 한류월드로 262,공립,false,37.66226794,126.7569581,elem,true,data.go.kr
B000004177,한마음초등학교,7530000,화성시,경기도화성오산교육지원청,경기도 화성시 동탄구 동탄숲속로 69-6,공립,false,37.2084818064,127.0561807588,elem,true,data.go.kr
B000004518,한뫼초등학교,7530000,고양시,경기도고양교육지원청,경기도 고양시 일산서구 고양대로 629,공립,false,37.68657933,126.7667049,elem,true,data.go.kr
B000024662,한백초등학교,7530000,화성시,경기도화성오산교육지원청,경기도 화성시 동탄구 동탄순환대로26길 37,공립,false,37.20836252,127.1147183,elem,true,data.go.kr
B000025994,한별초등학교,7530000,남양주시,경기도구리남양주교육지원청,경기도 남양주시 별내4로 40,공립,false,37.64648136,127.1159755,elem,true,data.go.kr
B000004673,한빛초등학교,7530000,파주시,경기도파주교육지원청,경기도 파주시 미래로408번길 77,공립,false,37.71486343,126.7510296,elem,true,data.go.kr
B000004517,한산초등학교,7530000,고양시,경기도고양교육지원청,경기도 고양시 일산서구 하이파크1로 56,공립,false,37.69594625,126.7532616,elem,true,data.go.kr
B000003765,한솔초등학교,7530000,성남시,경기도성남교육지원청,경기도 성남시 분당구 돌마로 303,공립,false,37.36677602,127.1180159,elem,true,data.go.kr
B000004506,한수초등학교,7530000,고양시,경기도고양교육지원청,경기도 고양시 일산서구 주엽로 118,공립,false,37.66933747,126.7575689,elem,true,data.go.kr
B000022653,한아람초등학교,7530000,광주시,경기도광주하남교육지원청,경기도 광주시 태봉로 152,공립,false,37.38013538,127.2300546,elem,true,data.go.kr
B000004056,한얼초등학교,7530000,군포시,경기도군포의왕교육지원청,경기도 군포시 산본천로 136,공립,false,37.36623705,126.935606,elem,true,data.go.kr
B000026610,한여울초등학교,7530000,시흥시,경기도시흥교육지원청,경기도 시흥시 능곡군자로 2,공립,false,37.36552967,126.8055267,elem,true,data.go.kr
B000004204,한울초등학교,7530000,화성시,경기도화성오산교육지원청,경기도 화성시 만세구 향남읍 행정중앙1로 25,공립,false,37.1267273558,126.9177900985,elem,true,data.go.kr
B000024696,한율초등학교,7530000,화성시,경기도화성오산교육지원청,경기도 화성시 동탄구 동탄순환대로 429-10,공립,false,37.18641561,127.1226079,elem,true,data.go.kr
B000003621,한일초등학교,7530000,수원시,경기도수원교육지원청,경기도 수원시 장안구 수일로 150,공립,false,37.30709739,127.0058122,elem,true,data.go.kr
B000004016,한터초등학교,7530000,용인시,경기도용인교육지원청,경기도 용인시 처인구 양지면 한터로571번길 4,공립,false,37.26199118,127.2682539,elem,true,data.go.kr
B000023083,한홀초등학교,7530000,하남시,경기도광주하남교육지원청,경기도 하남시 미사강변서로 68,공립,false,37.55637026,127.1853152,elem,true,data.go.kr
B000025649,함박초등학교,7530000,용인시,경기도용인교육지원청,경기도 용인시 처인구 명지로40번길 46,공립,false,37.23373509,127.1841126,elem,true,data.go.kr
B000004082,함현초등학교,7530000,시흥시,경기도시흥교육지원청,경기도 시흥시 역전로 455,공립,false,37.36530111,126.7377918,elem,true,data.go.kr
B000004109,합정초등학교,7530000,평택시,경기도평택교육지원청,경기도 평택시 평택4로 11,공립,false,36.98938026,127.0977377,elem,true,data.go.kr
B000026725,해밀초등학교,7530000,남양주시,경기도구리남양주교육지원청,경기도 남양주시 진접읍 해밀예당3로 103,공립,false,37.71881988,127.1961737,elem,true,data.go.kr
B000004681,해솔초등학교,7530000,파주시,경기도파주교육지원청,경기도 파주시 해솔로 40,공립,false,37.72666542,126.7473755,elem,true,data.go.kr
B000003836,해오름초등학교,7530000,안양시,경기도안양과천교육지원청,경기도 안양시 동안구 동편로 117,공립,false,37.41074576,126.9691932,elem,true,data.go.kr
B000004220,해운초등학교,7530000,화성시,경기도화성오산교육지원청,경기도 화성시 만세구 서신면 궁평항로 1374-6,공립,false,37.14005466,126.7037872,elem,true,data.go.kr
B000027537,해창초등학교,7530000,평택시,경기도평택교육지원청,경기도 평택시 고덕국제5로 165,공립,false,37.03550398,127.0238664,elem,true,data.go.kr
B000004535,행남초등학교,7530000,고양시,경기도고양교육지원청,경기도 고양시 덕양구 소만로 22,공립,false,37.61518264,126.8425493,elem,true,data.go.kr
B000004537,행신초등학교,7530000,고양시,경기도고양교육지원청,경기도 고양시 덕양구 중앙로 527,공립,false,37.62194692,126.8364546,elem,true,data.go.kr
B000004199,행정초등학교,7530000,화성시,경기도화성오산교육지원청,경기도 화성시 만세구 향남읍 행정중앙1로 77,공립,false,37.1264193606,126.9237277965,elem,true,data.go.kr
B000004538,행주초등학교,7530000,고양시,경기도고양교육지원청,경기도 고양시 덕양구 행주로17번길 70,공립,false,37.6034034,126.8243428,elem,true,data.go.kr
B000004203,향남초등학교,7530000,화성시,경기도화성오산교육지원청,경기도 화성시 만세구 향남읍 왜골길 7,공립,false,37.1198358961,126.943112781,elem,true,data.go.kr
B000025947,향동숲내초등학교,7530000,고양시,경기도고양교육지원청,경기도 고양시 덕양구 향기로 53,공립,false,37.59520859,126.8908446,elem,true,data.go.kr
B000025946,향동초등학교,7530000,고양시,경기도고양교육지원청,경기도 고양시 덕양구 향동1로 37,공립,false,37.60347891,126.8954667,elem,true,data.go.kr
B000026425,향산초등학교,7530000,김포시,경기도김포교육지원청,경기도 김포시 고촌읍 상미1로 26,공립,false,37.61950876,126.749325,elem,true,data.go.kr
B000004147,현덕초등학교,7530000,평택시,경기도평택교육지원청,경기도 평택시 현덕면 현덕로 1254,공립,false,36.96525495,126.9219431,elem,true,data.go.kr
B000004160,현덕초등학교광덕분교장,7530000,평택시,경기도평택교육지원청,경기도 평택시 현덕면 현덕로 934,공립,true,36.9441357,126.9440341,elem,true,data.go.kr
B000004406,현매초등학교,7530000,안성시,경기도안성교육지원청,경기도 안성시 서운면 매향길 61,공립,false,36.93595743,127.2300443,elem,true,data.go.kr
B000024698,현민초등학교,7530000,화성시,경기도화성오산교육지원청,경기도 화성시 동탄구 동탄신리천로3길 11,공립,false,37.18273595,127.1299753,elem,true,data.go.kr
B000004502,현산초등학교,7530000,고양시,경기도고양교육지원청,경기도 고양시 일산서구 산현로 87,공립,false,37.69269168,126.7710938,elem,true,data.go.kr
B000004000,현암초등학교,7530000,용인시,경기도용인교육지원청,경기도 용인시 수지구 대지로 146,공립,false,37.32881299,127.1247627,elem,true,data.go.kr
B000004144,현일초등학교,7530000,평택시,경기도평택교육지원청,경기도 평택시 안중읍 현화중앙길 83,공립,false,36.98611217,126.919873,elem,true,data.go.kr
B000024066,현촌초등학교,7530000,평택시,경기도평택교육지원청,경기도 평택시 현촌3길 10,공립,false,37.00056185,127.1319038,elem,true,data.go.kr
B000004143,현화초등학교,7530000,평택시,경기도평택교육지원청,경기도 평택시 안중읍 안현로서7길 80,공립,false,36.98236685,126.9189136,elem,true,data.go.kr
B000003875,호계초등학교,7530000,안양시,경기도안양과천교육지원청,경기도 안양시 동안구 경수대로707번길 27,공립,false,37.38427093,126.9501232,elem,true,data.go.kr
B000004521,호곡초등학교,7530000,고양시,경기도고양교육지원청,경기도 고양시 일산서구 탄현로 109,공립,false,37.70111367,126.7667961,elem,true,data.go.kr
B000003928,호동초등학교,7530000,안산시,경기도안산교육지원청,경기도 안산시 상록구 성호로 70,공립,false,37.31261017,126.8652987,elem,true,data.go.kr
B000003665,호매실초등학교,7530000,수원시,경기도수원교육지원청,경기도 수원시 권선구 매실로 48,공립,false,37.26731936,126.9563936,elem,true,data.go.kr
B000004376,호법초등학교,7530000,이천시,경기도이천교육지원청,경기도 이천시 호법면 이섭대천로537번길 8,공립,false,37.22452827,127.4264713,elem,true,data.go.kr
B000003863,호성초등학교,7530000,안양시,경기도안양과천교육지원청,경기도 안양시 동안구 호성로 43-2,공립,false,37.36625525,126.9630267,elem,true,data.go.kr
B000004499,호수초등학교,7530000,고양시,경기도고양교육지원청,경기도 고양시 일산동구 강촌로 27,공립,false,37.6470271,126.7779626,elem,true,data.go.kr
B000004631,호암초등학교,7530000,의정부시,경기도의정부교육지원청,경기도 의정부시 호암로 47,공립,false,37.70521856,127.0460901,elem,true,data.go.kr
B000024709,호연초등학교,7530000,화성시,경기도화성오산교육지원청,경기도 화성시 동탄구 동탄대로3길 17-7,공립,false,37.16277708,127.1046985,elem,true,data.go.kr
B000003874,호원초등학교,7530000,안양시,경기도안양과천교육지원청,경기도 안양시 동안구 경수대로623번길 72,공립,false,37.37505948,126.9531928,elem,true,data.go.kr
B000004562,호평초등학교,7530000,남양주시,경기도구리남양주교육지원청,경기도 남양주시 천마산로 63,공립,false,37.66706912,127.2460639,elem,true,data.go.kr
B000004140,홍원초등학교,7530000,평택시,경기도평택교육지원청,경기도 평택시 포승읍 외원길 26,공립,false,37.01431327,126.8895143,elem,true,data.go.kr
B000003983,홍천초등학교,7530000,용인시,경기도용인교육지원청,경기도 용인시 수지구 신봉2로14번길 49,공립,false,37.32663648,127.0798022,elem,true,data.go.kr
B000004230,화남초등학교,7530000,화성시,경기도화성오산교육지원청,경기도 화성시 동탄구 동탄순환대로4길 16,공립,false,37.1637073239,127.0960756,elem,true,data.go.kr
B000004580,화도초등학교,7530000,남양주시,경기도구리남양주교육지원청,경기도 남양주시 화도읍 비룡로116번길 24-42,공립,false,37.66323819,127.3080068,elem,true,data.go.kr
B000003884,화랑초등학교,7530000,안산시,경기도안산교육지원청,경기도 안산시 단원구 화정천동로 296,공립,false,37.33117975,126.8179858,elem,true,data.go.kr
B000004587,화봉초등학교,7530000,남양주시,경기도구리남양주교육지원청,경기도 남양주시 진접읍 해밀예당2로 21,공립,false,37.71584179,127.1918707,elem,true,data.go.kr
B000004187,화산초등학교,7530000,화성시,경기도화성오산교육지원청,경기도 화성시 병점구 화산중앙로64번길 17,공립,false,37.2103814347,127.0140222917,elem,true,data.go.kr
B000003669,화서초등학교,7530000,수원시,경기도수원교육지원청,경기도 수원시 팔달구 팔달로127번길 54-11,공립,false,37.28119982,127.0005411,elem,true,data.go.kr
B000004171,화성금곡초등학교,7530000,화성시,경기도화성오산교육지원청,경기도 화성시 동탄구 동탄문화센터로 13,공립,false,37.19863407,127.0662175,elem,true,data.go.kr
B000004211,화성매송초등학교,7530000,화성시,경기도화성오산교육지원청,경기도 화성시 효행구 매송면 화성로 2403,공립,false,37.24980641,126.9282436,elem,true,data.go.kr
B000024699,화성바른초등학교,7530000,화성시,경기도화성오산교육지원청,경기도 화성시 동탄구 동탄신동5길 7,공립,false,37.18200072,127.1391223,elem,true,data.go.kr
B000024718,화성반월초등학교,7530000,화성시,경기도화성오산교육지원청,경기도 화성시 병점구 효행로 1281-23,공립,false,37.22359053,127.0592312,elem,true,data.go.kr
B000004182,화성벌말초등학교,7530000,화성시,경기도화성오산교육지원청,경기도 화성시 병점구 떡전골로 34,공립,false,37.2024831646,127.0378857995,elem,true,data.go.kr
B000024703,화성신동초등학교,7530000,화성시,경기도화성오산교육지원청,경기도 화성시 동탄구 동탄신동1길 11,공립,false,37.17490244,127.1310568,elem,true,data.go.kr
B000004222,화성월문초등학교,7530000,화성시,경기도화성오산교육지원청,경기도 화성시 만세구 팔탄면 버들로 1537,공립,false,37.1181400934,126.8727703054,elem,true,data.go.kr
B000004225,화성장안초등학교,7530000,화성시,경기도화성오산교육지원청,경기도 화성시 만세구 장안면 조암동로 8-5,공립,false,37.0855710015,126.8241561958,elem,true,data.go.kr
B000024674,화성청계초등학교,7530000,화성시,경기도화성오산교육지원청,경기도 화성시 동탄구 동탄대로시범길 39,공립,false,37.199192,127.1021055,elem,true,data.go.kr
B000004250,화성초등학교,7530000,오산시,경기도화성오산교육지원청,경기도 오산시 내삼미로 18,공립,false,37.16477164,127.0691917,elem,true,data.go.kr
B000004208,화성화수초등학교,7530000,화성시,경기도화성오산교육지원청,경기도 화성시 만세구 우정읍 화수동길 145,공립,false,37.1086954042,126.7971818471,elem,true,data.go.kr
B000003680,화양초등학교,7530000,수원시,경기도수원교육지원청,경기도 수원시 팔달구 덕영대로735번길 65,공립,false,37.28354656,126.9950478,elem,true,data.go.kr
B000024738,화원초등학교,7530000,화성시,경기도화성오산교육지원청,경기도 화성시 만세구 향남읍 하길로 59,공립,false,37.11170675,126.9190641,elem,true,data.go.kr
B000004605,화접초등학교,7530000,남양주시,경기도구리남양주교육지원청,경기도 남양주시 별내중앙로 148,공립,false,37.65327026,127.1157569,elem,true,data.go.kr
B000004543,화중초등학교,7530000,고양시,경기도고양교육지원청,경기도 고양시 덕양구 화중로152번길 43,공립,false,37.64089349,126.8360183,elem,true,data.go.kr
B000004811,화진초등학교,7530000,연천군,경기도연천교육지원청,경기도 연천군 군남면 청정로 2289,공립,false,38.0306148,127.0402975,elem,true,data.go.kr
B000003845,화창초등학교,7530000,안양시,경기도안양과천교육지원청,경기도 안양시 만안구 양화로217번길 30,공립,false,37.41212653,126.9035094,elem,true,data.go.kr
B000004772,화현초등학교,7530000,포천시,경기도포천교육지원청,경기도 포천시 화현면 달인동로1길 29,공립,false,37.90245413,127.2839615,elem,true,data.go.kr
B000003679,화홍초등학교,7530000,수원시,경기도수원교육지원청,경기도 수원시 팔달구 수성로258번길 70,공립,false,37.28724566,127.0028824,elem,true,data.go.kr
B000004165,활초초등학교,7530000,화성시,경기도화성오산교육지원청,경기도 화성시 만세구 남양읍 안석길111번길 106,공립,false,37.1786215621,126.8257205869,elem,true,data.go.kr
B000003694,황곡초등학교,7530000,수원시,경기도수원교육지원청,경기도 수원시 영통구 영통로 518,공립,false,37.2655424,127.0782969,elem,true,data.go.kr
B000004500,황룡초등학교,7530000,고양시,경기도고양교육지원청,경기도 고양시 일산서구 탄현로 75,공립,false,37.69844738,126.7680071,elem,true,data.go.kr
B000004632,회룡초등학교,7530000,의정부시,경기도의정부교육지원청,경기도 의정부시 안말로 57,공립,false,37.71538947,127.044923,elem,true,data.go.kr
B000027078,회암초등학교,7530000,양주시,경기도동두천양주교육지원청,경기도 양주시 옥정서로5길 27-3,공립,false,37.83503515,127.0869549,elem,true,data.go.kr
B000004743,회정초등학교,7530000,양주시,경기도동두천양주교육지원청,경기도 양주시 평화로 1567,공립,false,37.83020916,127.0521646,elem,true,data.go.kr
B000004728,회천초등학교,7530000,양주시,경기도동두천양주교육지원청,경기도 양주시 고암길 73,공립,false,37.83265552,127.0696094,elem,true,data.go.kr
B000004152,효덕초등학교,7530000,평택시,경기도평택교육지원청,경기도 평택시 고덕면 효덕새싹길 6-5,공립,false,37.01670942,127.0355926,elem,true,data.go.kr
B000003703,효동초등학교,7530000,수원시,경기도수원교육지원청,경기도 수원시 영통구 매탄로126번길 27,공립,false,37.26251285,127.0457449,elem,true,data.go.kr
B000003673,효성초등학교,7530000,수원시,경기도수원교육지원청,경기도 수원시 팔달구 월드컵로 256,공립,false,37.28347335,127.0393624,elem,true,data.go.kr
B000003686,효원초등학교,7530000,수원시,경기도수원교육지원청,경기도 수원시 영통구 효원로358번길 16,공립,false,37.2591319,127.039915,elem,true,data.go.kr
B000003981,효자초등학교,7530000,용인시,경기도용인교육지원청,경기도 용인시 수지구 성복1로 106-1,공립,false,37.31735232,127.0673443,elem,true,data.go.kr
B000003655,효정초등학교,7530000,수원시,경기도수원교육지원청,경기도 수원시 권선구 동수원로285번길 5,공립,false,37.25513574,127.0349022,elem,true,data.go.kr
B000003622,효천초등학교,7530000,수원시,경기도수원교육지원청,경기도 수원시 장안구 천천로21번길 11,공립,false,37.2934661,126.9869171,elem,true,data.go.kr
B000004751,효촌초등학교,7530000,양주시,경기도동두천양주교육지원청,경기도 양주시 광적면 화합로248번길 18,공립,false,37.85794102,126.9632327,elem,true,data.go.kr
B000003643,효탑초등학교,7530000,수원시,경기도수원교육지원청,경기도 수원시 권선구 효탑로16번길 17,공립,false,37.26654167,126.9759378,elem,true,data.go.kr
B000024732,효행초등학교,7530000,화성시,경기도화성오산교육지원청,경기도 화성시 효행구 봉담읍 와우로 16,공립,false,37.21596526,126.9682075,elem,true,data.go.kr
B000030303,훈민초등학교,7530000,의정부시,경기도의정부교육지원청,경기도 의정부시 훈민로 14,공립,false,37.73885594,127.1146943,elem,true,data.go.kr
B000003959,흥덕초등학교,7530000,용인시,경기도용인교육지원청,경기도 용인시 기흥구 흥덕1로62번길 26,공립,false,37.27236487,127.0716736,elem,true,data.go.kr
B000022531,흥도초등학교,7530000,고양시,경기도고양교육지원청,경기도 고양시 덕양구 도래울1로 83,공립,false,37.62748273,126.8718082,elem,true,data.go.kr
B000004051,흥진초등학교,7530000,군포시,경기도군포의왕교육지원청,경기도 군포시 오금로 15-40,공립,false,37.35386649,126.9281597,elem,true,data.go.kr
B000004436,흥천초등학교,7530000,여주시,경기도여주교육지원청,경기도 여주시 흥천면 효자로 155,공립,false,37.3328062,127.5413066,elem,true,data.go.kr
B000003720,희망대초등학교,7530000,성남시,경기도성남교육지원청,경기도 성남시 수정구 공원로370번길 29,공립,false,37.44749919,127.1491148,elem,true,data.go.kr
B000003869,희성초등학교,7530000,안양시,경기도안양과천교육지원청,경기도 안양시 동안구 학의로 86,공립,false,37.39836601,126.9487102,elem,true,data.go.kr
B000004852,가산초등학교,7801000,춘천시,강원특별자치도춘천교육지원청,강원특별자치도 춘천시 동면 가산로 52,공립,false,37.90800105,127.7824565,elem,true,data.go.kr
B000005217,간성초등학교,7801000,고성군,강원특별자치도고성교육지원청,강원특별자치도 고성군 간성읍 간성로39번길 20,공립,false,38.37730554,128.4687327,elem,true,data.go.kr
B000005134,갈래초등학교,7801000,정선군,강원특별자치도정선교육지원청,강원특별자치도 정선군 고한읍 고한로 300,공립,false,37.19487669,128.8657343,elem,true,data.go.kr
B000005075,갑천초등학교,7801000,횡성군,강원특별자치도횡성교육지원청,강원특별자치도 횡성군 갑천면 청정로 262,공립,false,37.55755136,128.107661,elem,true,data.go.kr
B000004937,강동초등학교,7801000,강릉시,강원특별자치도강릉교육지원청,강원특별자치도 강릉시 강동면 단경로 20,공립,false,37.72474403,128.9623406,elem,true,data.go.kr
B000004928,강릉초등학교,7801000,강릉시,강원특별자치도강릉교육지원청,강원특별자치도 강릉시 토성로 103,공립,false,37.75367806,128.887751,elem,true,data.go.kr
B000005083,강림초등학교,7801000,횡성군,강원특별자치도횡성교육지원청,강원특별자치도 횡성군 강림면 태종로강림4길 11,공립,false,37.35840671,128.1200151,elem,true,data.go.kr
B000004998,강현초등학교,7801000,양양군,강원특별자치도속초양양교육지원청,강원특별자치도 양양군 강현면 진미로12번길 22,공립,false,38.14966307,128.6039841,elem,true,data.go.kr
B000005126,거문초등학교,7801000,평창군,강원특별자치도평창교육지원청,강원특별자치도 평창군 진부면 거문길 24,공립,false,37.60466097,128.5318811,elem,true,data.go.kr
B000005218,거성초등학교,7801000,고성군,강원특별자치도고성교육지원청,강원특별자치도 고성군 거진읍 거성길 38,공립,false,38.45258108,128.4571606,elem,true,data.go.kr
B000005219,거진초등학교,7801000,고성군,강원특별자치도고성교육지원청,강원특별자치도 고성군 거진읍 자산길 19,공립,false,38.43847289,128.4448362,elem,true,data.go.kr
B000004917,경포대초등학교,7801000,강릉시,강원특별자치도강릉교육지원청,강원특별자치도 강릉시 경포로475번길 23-11,공립,false,37.80485771,128.9001388,elem,true,data.go.kr
B000004919,경포초등학교,7801000,강릉시,강원특별자치도강릉교육지원청,강원특별자치도 강릉시 솔올로 90,공립,false,37.77000657,128.8798575,elem,true,data.go.kr
B000005119,계촌초등학교,7801000,평창군,강원특별자치도평창교육지원청,강원특별자치도 평창군 방림면 계촌길 63,공립,false,37.45243883,128.3047597,elem,true,data.go.kr
B000004905,고산초등학교,7801000,원주시,강원특별자치도원주교육지원청,강원특별자치도 원주시 호저면 호저로 873,공립,false,37.44654061,127.9276932,elem,true,data.go.kr
B000005135,고한초등학교,7801000,정선군,강원특별자치도정선교육지원청,강원특별자치도 정선군 고한읍 고한4길 11,공립,false,37.20294319,128.8533378,elem,true,data.go.kr
B000005077,공근초등학교,7801000,횡성군,강원특별자치도횡성교육지원청,강원특별자치도 횡성군 공근면 영서로 207,공립,false,37.53371687,127.9609625,elem,true,data.go.kr
B000005220,공현진초등학교,7801000,고성군,강원특별자치도고성교육지원청,강원특별자치도 고성군 죽왕면 공현진한옥길 49,공립,false,38.35457469,128.5076301,elem,true,data.go.kr
B000004870,관설초등학교,7801000,원주시,강원특별자치도원주교육지원청,강원특별자치도 원주시 치악로 1355,공립,false,37.30874675,127.9760113,elem,true,data.go.kr
B000005182,광덕초등학교,7801000,화천군,강원특별자치도화천교육지원청,강원특별자치도 화천군 사내면 포화로 817,공립,false,38.06755874,127.4950837,elem,true,data.go.kr
B000005216,광산초등학교,7801000,고성군,강원특별자치도고성교육지원청,강원특별자치도 고성군 간성읍 진부령로 2427,공립,false,38.37526383,128.4139175,elem,true,data.go.kr
B000004995,광정초등학교,7801000,양양군,강원특별자치도속초양양교육지원청,강원특별자치도 양양군 현북면 하조대1길 38,공립,false,38.01858351,128.7251068,elem,true,data.go.kr
B000004859,광판초등학교,7801000,춘천시,강원특별자치도춘천교육지원청,강원특별자치도 춘천시 남산면 김유정로 159-12,공립,false,37.73085734,127.6992277,elem,true,data.go.kr
B000004877,교동초등학교,7801000,원주시,강원특별자치도원주교육지원청,강원특별자치도 원주시 명륜로 9,공립,false,37.3389582,127.9470691,elem,true,data.go.kr
B000004987,교동초등학교,7801000,속초시,강원특별자치도속초양양교육지원청,강원특별자치도 속초시 만천1길 67,공립,false,38.20342899,128.5739638,elem,true,data.go.kr
B000004824,교동초등학교,7801000,춘천시,강원특별자치도춘천교육지원청,강원특별자치도 춘천시 교동길 29,공립,false,37.88111877,127.7373962,elem,true,data.go.kr
B000004918,교동초등학교,7801000,강릉시,강원특별자치도강릉교육지원청,강원특별자치도 강릉시 율곡로2968번길 10,공립,false,37.76730824,128.8935846,elem,true,data.go.kr
B000004895,교학초등학교,7801000,원주시,강원특별자치도원주교육지원청,강원특별자치도 원주시 소초면 토동길 20,공립,false,37.43538093,128.0553274,elem,true,data.go.kr
B000004875,구곡초등학교,7801000,원주시,강원특별자치도원주교육지원청,강원특별자치도 원주시 늘품로 64,공립,false,37.32488379,127.952479,elem,true,data.go.kr
B000005101,구래초등학교,7801000,영월군,강원특별자치도영월교육지원청,강원특별자치도 영월군 상동읍 교촌길 20,공립,false,37.14185819,128.8390436,elem,true,data.go.kr
B000005036,구송초등학교,7801000,홍천군,강원특별자치도홍천교육지원청,강원특별자치도 홍천군 화촌면 홍천로 1105,공립,false,37.73846005,127.9384056,elem,true,data.go.kr
B000004935,구정초등학교,7801000,강릉시,강원특별자치도강릉교육지원청,강원특별자치도 강릉시 구정면 범일로 266-14,공립,false,37.71771534,128.8913615,elem,true,data.go.kr
B000005201,귀둔초등학교,7801000,인제군,강원특별자치도인제교육지원청,강원특별자치도 인제군 인제읍 점봉산로 51,공립,false,38.01720494,128.3607942,elem,true,data.go.kr
B000004901,귀래초등학교,7801000,원주시,강원특별자치도원주교육지원청,강원특별자치도 원주시 귀래면 북원로 89,공립,false,37.16916835,127.8836318,elem,true,data.go.kr
B000005170,근남초등학교,7801000,철원군,강원특별자치도철원교육지원청,강원특별자치도 철원군 근남면 육단2길 34,공립,false,38.23838226,127.4700992,elem,true,data.go.kr
B000005014,근덕초등학교,7801000,삼척시,강원특별자치도삼척교육지원청,강원특별자치도 삼척시 근덕면 삼척로 3653,공립,false,37.38092428,129.2244956,elem,true,data.go.kr
B000004828,근화초등학교,7801000,춘천시,강원특별자치도춘천교육지원청,강원특별자치도 춘천시 소양로163번길 23,공립,false,37.88852203,127.7229904,elem,true,data.go.kr
B000004936,금광초등학교,7801000,강릉시,강원특별자치도강릉교육지원청,강원특별자치도 강릉시 구정면 금평로 575,공립,false,37.70388258,128.9135547,elem,true,data.go.kr
B000004904,금대초등학교,7801000,원주시,강원특별자치도원주교육지원청,강원특별자치도 원주시 판부면 금대길 10,공립,false,37.28882214,127.9973613,elem,true,data.go.kr
B000004847,금병초등학교,7801000,춘천시,강원특별자치도춘천교육지원청,강원특별자치도 춘천시 신동면 김유정로 1394,공립,false,37.81475452,127.7147409,elem,true,data.go.kr
B000004848,금산초등학교,7801000,춘천시,강원특별자치도춘천교육지원청,강원특별자치도 춘천시 서면 금산2길 21,공립,false,37.90346175,127.6993912,elem,true,data.go.kr
B000005210,기린초등학교,7801000,인제군,강원특별자치도인제교육지원청,강원특별자치도 인제군 기린면 기린로 76,공립,false,37.95832485,128.3194073,elem,true,data.go.kr
B000005215,기린초등학교진동분교장,7801000,인제군,강원특별자치도인제교육지원청,강원특별자치도 인제군 기린면 설피밭길 432,공립,true,38.01810769,128.4755403,elem,true,data.go.kr
B000005166,김화초등학교,7801000,철원군,강원특별자치도철원교육지원청,강원특별자치도 철원군 김화읍 김화로 551,공립,false,38.25264662,127.4138388,elem,true,data.go.kr
B000004927,남강초등학교,7801000,강릉시,강원특별자치도강릉교육지원청,강원특별자치도 강릉시 경강로2310번길 7,공립,false,37.7670985,128.9146306,elem,true,data.go.kr
B000004838,남부초등학교,7801000,춘천시,강원특별자치도춘천교육지원청,강원특별자치도 춘천시 춘주로 159,공립,false,37.8590161,127.7261391,elem,true,data.go.kr
B000004856,남산초등학교,7801000,춘천시,강원특별자치도춘천교육지원청,강원특별자치도 춘천시 남산면 한치로 59,공립,false,37.79325182,127.6454292,elem,true,data.go.kr
B000005034,남산초등학교,7801000,홍천군,강원특별자치도홍천교육지원청,강원특별자치도 홍천군 홍천읍 연봉로 17-9,공립,false,37.68258117,127.8784447,elem,true,data.go.kr
B000004922,남산초등학교,7801000,강릉시,강원특별자치도강릉교육지원청,강원특별자치도 강릉시 남산초교길 33,공립,false,37.74449004,128.892106,elem,true,data.go.kr
B000005139,남선초등학교,7801000,정선군,강원특별자치도정선교육지원청,강원특별자치도 정선군 남면 칠현로 70,공립,false,37.26930638,128.740950,elem,true,data.go.kr
B000004996,남애초등학교,7801000,양양군,강원특별자치도속초양양교육지원청,강원특별자치도 양양군 현남면 갯마을길 10,공립,false,37.94661618,128.7807802,elem,true,data.go.kr
B000004876,남원주초등학교,7801000,원주시,강원특별자치도원주교육지원청,강원특별자치도 원주시 늘품로 28,공립,false,37.32275082,127.9509825,elem,true,data.go.kr
B000004836,남춘천초등학교,7801000,춘천시,강원특별자치도춘천교육지원청,강원특별자치도 춘천시 충혼길 33,공립,false,37.86162079,127.7220519,elem,true,data.go.kr
B000005142,남평초등학교,7801000,정선군,강원특별자치도정선교육지원청,강원특별자치도 정선군 북평면 송석길 137,공립,false,37.43121093,128.6628689,elem,true,data.go.kr
B000004949,남호초등학교,7801000,동해시,강원특별자치도동해교육지원청,강원특별자치도 동해시 평원로 120,공립,false,37.53437365,129.1131685,elem,true,data.go.kr
B000005159,내대초등학교,7801000,철원군,강원특별자치도철원교육지원청,강원특별자치도 철원군 갈말읍 두루미로 422-21,공립,false,38.20592384,127.2974687,elem,true,data.go.kr
B000005090,내성초등학교,7801000,영월군,강원특별자치도영월교육지원청,강원특별자치도 영월군 영월읍 내성안길 9,공립,false,37.19013485,128.4751137,elem,true,data.go.kr
B000005042,내촌초등학교,7801000,홍천군,강원특별자치도홍천교육지원청,강원특별자치도 홍천군 내촌면 내촌길 21,공립,false,37.81544735,128.085196,elem,true,data.go.kr
B000004923,노암초등학교,7801000,강릉시,강원특별자치도강릉교육지원청,강원특별자치도 강릉시 노암등길 71,공립,false,37.74082297,128.901541,elem,true,data.go.kr
B000005097,녹전초등학교,7801000,영월군,강원특별자치도영월교육지원청,강원특별자치도 영월군 산솔면 유전길 3-2,공립,false,37.14775137,128.6815846,elem,true,data.go.kr
B000005180,다목초등학교,7801000,화천군,강원특별자치도화천교육지원청,강원특별자치도 화천군 상서면 다파로 9-4,공립,false,38.17591682,127.5345915,elem,true,data.go.kr
B000004871,단계초등학교,7801000,원주시,강원특별자치도원주교육지원청,강원특별자치도 원주시 북원로 2387,공립,false,37.35920567,127.9359535,elem,true,data.go.kr
B000004869,단관초등학교,7801000,원주시,강원특별자치도원주교육지원청,강원특별자치도 원주시 단관초교길 14,공립,false,37.31754759,127.9635503,elem,true,data.go.kr
B000004874,단구초등학교,7801000,원주시,강원특별자치도원주교육지원청,강원특별자치도 원주시 단구초교길 5,공립,false,37.32258023,127.9638908,elem,true,data.go.kr
B000004849,당림초등학교,7801000,춘천시,강원특별자치도춘천교육지원청,강원특별자치도 춘천시 서면 당숲안길 81,공립,false,37.83784571,127.6081748,elem,true,data.go.kr
B000005052,대곡초등학교,7801000,홍천군,강원특별자치도홍천교육지원청,강원특별자치도 홍천군 서면 한서로 1843,공립,false,37.62856389,127.6486907,elem,true,data.go.kr
B000005127,대관령초등학교,7801000,평창군,강원특별자치도평창교육지원청,강원특별자치도 평창군 대관령면 도암새싹길 11,공립,false,37.6891494,128.6940484,elem,true,data.go.kr
B000005227,대진초등학교,7801000,고성군,강원특별자치도고성교육지원청,강원특별자치도 고성군 현내면 대진3길 15,공립,false,38.49696274,128.4235922,elem,true,data.go.kr
B000004985,대포초등학교,7801000,속초시,강원특별자치도속초양양교육지원청,강원특별자치도 속초시 동해대로 3797,공립,false,38.17372332,128.6031621,elem,true,data.go.kr
B000005113,대화초등학교,7801000,평창군,강원특별자치도평창교육지원청,강원특별자치도 평창군 대화면 대화중앙로 92-9,공립,false,37.49794605,128.4567574,elem,true,data.go.kr
B000005020,도계초등학교,7801000,삼척시,강원특별자치도삼척교육지원청,강원특별자치도 삼척시 도계읍 도계로 265,공립,false,37.23334067,129.0446262,elem,true,data.go.kr
B000005128,도성초등학교,7801000,평창군,강원특별자치도평창교육지원청,강원특별자치도 평창군 대관령면 경강로 4177-6,공립,false,37.67082944,128.599366,elem,true,data.go.kr
B000005167,도창초등학교,7801000,철원군,강원특별자치도철원교육지원청,강원특별자치도 철원군 김화읍 도창2길 7-2,공립,false,38.26742121,127.3520474,elem,true,data.go.kr
B000005190,도촌초등학교,7801000,양구군,강원특별자치도양구교육지원청,강원특별자치도 양구군 국토정중앙면 정중앙로 259,공립,false,38.08009801,128.0213746,elem,true,data.go.kr
B000005228,도학초등학교,7801000,고성군,강원특별자치도고성교육지원청,강원특별자치도 고성군 토성면 무릉도원로 486,공립,false,38.27189948,128.5009771,elem,true,data.go.kr
B000005223,동광초등학교,7801000,고성군,강원특별자치도고성교육지원청,강원특별자치도 고성군 토성면 교암1길 15,공립,false,38.28847338,128.5434932,elem,true,data.go.kr
B000004855,동내초등학교,7801000,춘천시,강원특별자치도춘천교육지원청,강원특별자치도 춘천시 동내면 동내로 131,공립,false,37.85129444,127.7657926,elem,true,data.go.kr
B000004913,동명초등학교,7801000,강릉시,강원특별자치도강릉교육지원청,강원특별자치도 강릉시 경강로 2473,공립,false,37.77543116,128.9287446,elem,true,data.go.kr
B000004842,동부초등학교,7801000,춘천시,강원특별자치도춘천교육지원청,강원특별자치도 춘천시 서부대성로 339,공립,false,37.87105987,127.7547818,elem,true,data.go.kr
B000005163,동송초등학교,7801000,철원군,강원특별자치도철원교육지원청,강원특별자치도 철원군 동송읍 금학로187번길 16-13,공립,false,38.20391455,127.216704,elem,true,data.go.kr
B000004972,동점초등학교,7801000,태백시,강원특별자치도태백교육지원청,강원특별자치도 태백시 방터골1길 59,공립,false,37.10057564,129.0498649,elem,true,data.go.kr
B000004839,동춘천초등학교,7801000,춘천시,강원특별자치도춘천교육지원청,강원특별자치도 춘천시 성심로 77,공립,false,37.87687276,127.7433163,elem,true,data.go.kr
B000004962,동해삼육초등학교,7801000,동해시,강원특별자치도동해교육지원청,강원특별자치도 동해시 동해대로 5367,사립,false,37.5220721,129.0997495,elem,true,data.go.kr
B000004961,동해중앙초등학교,7801000,동해시,강원특별자치도동해교육지원청,강원특별자치도 동해시 천곡로 35,공립,false,37.52531981,129.1084972,elem,true,data.go.kr
B000004954,동해초등학교,7801000,동해시,강원특별자치도동해교육지원청,강원특별자치도 동해시 봉오주택길 22,공립,false,37.51222384,129.1197999743,elem,true,data.go.kr
B000004950,동호초등학교,7801000,동해시,강원특별자치도동해교육지원청,강원특별자치도 동해시 발한로 123,공립,false,37.54417872,129.1001844,elem,true,data.go.kr
B000004889,동화초등학교,7801000,원주시,강원특별자치도원주교육지원청,강원특별자치도 원주시 문막읍 왕건로 83,공립,false,37.3274788,127.8285781,elem,true,data.go.kr
B000005039,두촌초등학교,7801000,홍천군,강원특별자치도홍천교육지원청,강원특별자치도 홍천군 두촌면 자은로 329,공립,false,37.86844665,128.0169715,elem,true,data.go.kr
B000005074,둔내초등학교,7801000,횡성군,강원특별자치도횡성교육지원청,강원특별자치도 횡성군 둔내면 둔내로47번길 6,공립,false,37.51342678,128.2179229,elem,true,data.go.kr
B000004896,둔둔초등학교,7801000,원주시,강원특별자치도원주교육지원청,강원특별자치도 원주시 소초면 버덩마을길 7,공립,false,37.44666265,127.9793019,elem,true,data.go.kr
B000005100,마차초등학교,7801000,영월군,강원특별자치도영월교육지원청,강원특별자치도 영월군 북면 밤재로 221,공립,false,37.25744112,128.4536987,elem,true,data.go.kr
B000004864,만대초등학교,7801000,원주시,강원특별자치도원주교육지원청,강원특별자치도 원주시 만대로 65,공립,false,37.33941893,127.9202582,elem,true,data.go.kr
B000004906,만종초등학교,7801000,원주시,강원특별자치도원주교육지원청,강원특별자치도 원주시 호저면 원문로 599,공립,false,37.3556736,127.9020676,elem,true,data.go.kr
B000004853,만천초등학교,7801000,춘천시,강원특별자치도춘천교육지원청,강원특별자치도 춘천시 동면 후석로326번길 89,공립,false,37.88427255,127.7574018,elem,true,data.go.kr
B000004953,망상초등학교,7801000,동해시,강원특별자치도동해교육지원청,강원특별자치도 동해시 동해대로 6251,공립,false,37.59086742,129.0902466,elem,true,data.go.kr
B000005044,매산초등학교,7801000,홍천군,강원특별자치도홍천교육지원청,강원특별자치도 홍천군 남면 시동안로 351,공립,false,37.59114866,127.8467209,elem,true,data.go.kr
B000004899,매지초등학교,7801000,원주시,강원특별자치도원주교육지원청,강원특별자치도 원주시 흥업면 북원로 1324,공립,false,37.26945131,127.9065605,elem,true,data.go.kr
B000005015,맹방초등학교,7801000,삼척시,강원특별자치도삼척교육지원청,강원특별자치도 삼척시 근덕면 삼척로 3884-4,공립,false,37.39852676,129.2127768,elem,true,data.go.kr
B000005124,면온초등학교,7801000,평창군,강원특별자치도평창교육지원청,강원특별자치도 평창군 봉평면 태기로 493-11,공립,false,37.56526656,128.349804,elem,true,data.go.kr
B000005045,명덕초등학교,7801000,홍천군,강원특별자치도홍천교육지원청,강원특별자치도 홍천군 남면 양덕원로 117,공립,false,37.61960883,127.7674294,elem,true,data.go.kr
B000004868,명륜초등학교,7801000,원주시,강원특별자치도원주교육지원청,강원특별자치도 원주시 행구로 25,공립,false,37.34202301,127.9592728,elem,true,data.go.kr
B000004914,명주초등학교,7801000,강릉시,강원특별자치도강릉교육지원청,강원특별자치도 강릉시 강변로 86-1,공립,false,37.74277817,128.8784692,elem,true,data.go.kr
B000005055,모곡초등학교,7801000,홍천군,강원특별자치도홍천교육지원청,강원특별자치도 홍천군 서면 설밀길 76,공립,false,37.6768742,127.6006639,elem,true,data.go.kr
B000004915,모산초등학교,7801000,강릉시,강원특별자치도강릉교육지원청,강원특별자치도 강릉시 모산로224번길 3,공립,false,37.73184003,128.9017805,elem,true,data.go.kr
B000005164,묘장초등학교,7801000,철원군,강원특별자치도철원교육지원청,강원특별자치도 철원군 철원읍 묘장로 344,공립,false,38.26408626,127.1648028,elem,true,data.go.kr
B000005099,무릉초등학교,7801000,영월군,강원특별자치도영월교육지원청,강원특별자치도 영월군 무릉도원면 중방안길 68,공립,false,37.29034006,128.267914,elem,true,data.go.kr
B000004865,무실초등학교,7801000,원주시,강원특별자치도원주교육지원청,강원특별자치도 원주시 만대로 155,공립,false,37.33543002,127.9216593,elem,true,data.go.kr
B000004951,묵호초등학교,7801000,동해시,강원특별자치도동해교육지원청,강원특별자치도 동해시 발한천길 30,공립,false,37.55230105,129.1013302,elem,true,data.go.kr
B000004888,문막초등학교,7801000,원주시,강원특별자치도원주교육지원청,강원특별자치도 원주시 문막읍 건등로 28-11,공립,false,37.31291674,127.8205042,elem,true,data.go.kr
B000005155,문혜초등학교,7801000,철원군,강원특별자치도철원교육지원청,강원특별자치도 철원군 갈말읍 태봉로 1556,공립,false,38.18684432,127.3180704,elem,true,data.go.kr
B000004973,미동초등학교,7801000,태백시,강원특별자치도태백교육지원청,강원특별자치도 태백시 역둔원동로 1405,공립,false,37.25586205,128.9839195,elem,true,data.go.kr
B000005013,미로초등학교,7801000,삼척시,강원특별자치도삼척교육지원청,강원특별자치도 삼척시 미로면 미로강변로1길 10-11,공립,false,37.41491592,129.1150045,elem,true,data.go.kr
B000005112,미탄초등학교,7801000,평창군,강원특별자치도평창교육지원청,강원특별자치도 평창군 미탄면 미탄중앙로 49,공립,false,37.34208875,128.5006251,elem,true,data.go.kr
B000004890,반계초등학교,7801000,원주시,강원특별자치도원주교육지원청,강원특별자치도 원주시 문막읍 원문로 2265,공립,false,37.29190903,127.7908415,elem,true,data.go.kr
B000004866,반곡초등학교,7801000,원주시,강원특별자치도원주교육지원청,강원특별자치도 원주시 동부순환로 247,공립,false,37.33734175,127.9730349,elem,true,data.go.kr
B000005053,반곡초등학교,7801000,홍천군,강원특별자치도홍천교육지원청,강원특별자치도 홍천군 서면 팔봉산로 639,공립,false,37.6902207,127.6647672,elem,true,data.go.kr
B000005120,방림초등학교,7801000,평창군,강원특별자치도평창교육지원청,강원특별자치도 평창군 방림면 방림1길 9,공립,false,37.42747954,128.3921733,elem,true,data.go.kr
B000005194,방산초등학교,7801000,양구군,강원특별자치도양구교육지원청,강원특별자치도 양구군 방산면 평화로 5121-7,공립,false,38.20935773,127.9435152,elem,true,data.go.kr
B000005147,백전초등학교,7801000,정선군,강원특별자치도정선교육지원청,강원특별자치도 정선군 화암면 대지산길 22,공립,false,37.27434477,128.8728274,elem,true,data.go.kr
B000024022,버들초등학교,7801000,원주시,강원특별자치도원주교육지원청,강원특별자치도 원주시 건강로 80,공립,false,37.32025989,127.9862701,elem,true,data.go.kr
B000005132,벽탄초등학교,7801000,정선군,강원특별자치도정선교육지원청,강원특별자치도 정선군 정선읍 벽탄길 32,공립,false,37.3947319,128.601871,elem,true,data.go.kr
B000004833,봄내초등학교,7801000,춘천시,강원특별자치도춘천교육지원청,강원특별자치도 춘천시 퇴계로 220-10,공립,false,37.85564001,127.7419298,elem,true,data.go.kr
B000022519,봉대초등학교,7801000,원주시,강원특별자치도원주교육지원청,강원특별자치도 원주시 혁신로 300,공립,false,37.33400059,127.9880546,elem,true,data.go.kr
B000005089,봉래초등학교,7801000,영월군,강원특별자치도영월교육지원청,강원특별자치도 영월군 영월읍 중앙로 168-17,공립,false,37.17711747,128.4749781,elem,true,data.go.kr
B000005133,봉양초등학교,7801000,정선군,강원특별자치도정선교육지원청,강원특별자치도 정선군 정선읍 녹송7길 1,공립,false,37.38603426,128.6689908,elem,true,data.go.kr
B000004827,봉의초등학교,7801000,춘천시,강원특별자치도춘천교육지원청,강원특별자치도 춘천시 춘천로 141,공립,false,37.8758109,127.7298935,elem,true,data.go.kr
B000005114,봉평초등학교,7801000,평창군,강원특별자치도평창교육지원청,강원특별자치도 평창군 봉평면 기풍8길 22,공립,false,37.61588866,128.3813243,elem,true,data.go.kr
B000004892,부론초등학교,7801000,원주시,강원특별자치도원주교육지원청,강원특별자치도 원주시 부론면 법천시장길 58,공립,false,37.20796043,127.7487502,elem,true,data.go.kr
B000004840,부안초등학교,7801000,춘천시,강원특별자치도춘천교육지원청,강원특별자치도 춘천시 서부대성로239번길 70,공립,false,37.87621285,127.7501166,elem,true,data.go.kr
B000005199,부평초등학교,7801000,인제군,강원특별자치도인제교육지원청,강원특별자치도 인제군 남면 신남로94번길 7,공립,false,37.96976661,128.0839125,elem,true,data.go.kr
B000004955,북삼초등학교,7801000,동해시,강원특별자치도동해교육지원청,강원특별자치도 동해시 지양길 77,공립,false,37.49565579,129.1009681,elem,true,data.go.kr
B000004872,북원초등학교,7801000,원주시,강원특별자치도원주교육지원청,강원특별자치도 원주시 단구로 60,공립,false,37.34305588,127.9383479,elem,true,data.go.kr
B000005141,북평초등학교,7801000,정선군,강원특별자치도정선교육지원청,강원특별자치도 정선군 북평면 서동로 2170,공립,false,37.4548845,128.6744939,elem,true,data.go.kr
B000004957,북평초등학교,7801000,동해시,강원특별자치도동해교육지원청,강원특별자치도 동해시 오일장1길 22,공립,false,37.48224269,129.1242282,elem,true,data.go.kr
B000004908,비두초등학교,7801000,원주시,강원특별자치도원주교육지원청,강원특별자치도 원주시 문막읍 귀문로 1070,공립,false,37.26190381,127.8348305,elem,true,data.go.kr
B000005186,비봉초등학교,7801000,양구군,강원특별자치도양구교육지원청,강원특별자치도 양구군 양구읍 관공서로 56,공립,false,38.11058955,127.9880675,elem,true,data.go.kr
B000005177,사내초등학교,7801000,화천군,강원특별자치도화천교육지원청,강원특별자치도 화천군 사내면 사내로3길 13,공립,false,38.06952254,127.521214,elem,true,data.go.kr
B000022527,사북초등학교,7801000,정선군,강원특별자치도정선교육지원청,강원특별자치도 정선군 사북읍 소금강로 3561,공립,false,37.22856387,128.8342377,elem,true,data.go.kr
B000004943,사천초등학교,7801000,강릉시,강원특별자치도강릉교육지원청,강원특별자치도 강릉시 사천면 미노길 46,공립,false,37.82188867,128.8505139,elem,true,data.go.kr
B000005174,산양초등학교,7801000,화천군,강원특별자치도화천교육지원청,강원특별자치도 화천군 상서면 영서로 7778,공립,false,38.21257979,127.6631402,elem,true,data.go.kr
B000004910,산현초등학교,7801000,원주시,강원특별자치도원주교육지원청,강원특별자치도 원주시 호저면 칠봉로 347,공립,false,37.42513544,127.8939741,elem,true,data.go.kr
B000005048,삼생초등학교,7801000,홍천군,강원특별자치도홍천교육지원청,강원특별자치도 홍천군 서석면 구룡령로 2933,공립,false,37.70045828,128.2264767,elem,true,data.go.kr
B000004969,삼성초등학교,7801000,태백시,강원특별자치도태백교육지원청,강원특별자치도 태백시 평화길 44,공립,false,37.09757635,129.0235889,elem,true,data.go.kr
B000005006,삼척남초등학교,7801000,삼척시,강원특별자치도삼척교육지원청,강원특별자치도 삼척시 동해대로 3783-22,공립,false,37.423543,129.1881536,elem,true,data.go.kr
B000005005,삼척중앙초등학교,7801000,삼척시,강원특별자치도삼척교육지원청,강원특별자치도 삼척시 새천년도로 630-121,공립,false,37.46634966,129.1612278,elem,true,data.go.kr
B000005008,삼척초등학교,7801000,삼척시,강원특별자치도삼척교육지원청,강원특별자치도 삼척시 교동로 43,공립,false,37.44968087,129.1676311,elem,true,data.go.kr
B000005037,삼포초등학교,7801000,홍천군,강원특별자치도홍천교육지원청,강원특별자치도 홍천군 화촌면 구룡령로 339,공립,false,37.75658982,127.9757306,elem,true,data.go.kr
B000004958,삼화초등학교,7801000,동해시,강원특별자치도동해교육지원청,강원특별자치도 동해시 파수길 38,공립,false,37.48462946,129.0677053,elem,true,data.go.kr
B000005208,상남초등학교,7801000,인제군,강원특별자치도인제교육지원청,강원특별자치도 인제군 상남면 내린천로 2548,공립,false,37.87306566,128.2606988,elem,true,data.go.kr
B000005173,상승초등학교,7801000,화천군,강원특별자치도화천교육지원청,강원특별자치도 화천군 상서면 평촌길 126-30,공립,false,38.15682448,127.6496754,elem,true,data.go.kr
B000004964,상장초등학교,7801000,태백시,강원특별자치도태백교육지원청,강원특별자치도 태백시 태백로 1223,공립,false,37.14934577,128.9935072,elem,true,data.go.kr
B000004846,상천초등학교,7801000,춘천시,강원특별자치도춘천교육지원청,강원특별자치도 춘천시 신북읍 상천2길 19,공립,false,37.93360761,127.7858296,elem,true,data.go.kr
B000004990,상평초등학교,7801000,양양군,강원특별자치도속초양양교육지원청,강원특별자치도 양양군 서면 물윗구미길 25,공립,false,38.07341515,128.5859389,elem,true,data.go.kr
B000005004,상평초등학교공수전분교장,7801000,양양군,강원특별자치도속초양양교육지원청,강원특별자치도 양양군 서면 구룡령로 2855,공립,true,38.0418679,128.5572842,elem,true,data.go.kr
B000005000,상평초등학교오색분교장,7801000,양양군,강원특별자치도속초양양교육지원청,강원특별자치도 양양군 서면 설악로 1173,공립,true,38.07434202,128.4792502,elem,true,data.go.kr
B000023981,샘마루초등학교,7801000,원주시,강원특별자치도원주교육지원청,강원특별자치도 원주시 지정면 신지정로 264,공립,false,37.3792055,127.8710762,elem,true,data.go.kr
B000004903,서곡초등학교,7801000,원주시,강원특별자치도원주교육지원청,강원특별자치도 원주시 판부면 용수골길 159,공립,false,37.29832271,127.9390294,elem,true,data.go.kr
B000005158,서면초등학교,7801000,철원군,강원특별자치도철원교육지원청,강원특별자치도 철원군 서면 자등로 634,공립,false,38.16847615,127.4169341,elem,true,data.go.kr
B000005007,서부초등학교,7801000,삼척시,강원특별자치도삼척교육지원청,강원특별자치도 삼척시 오십천로 279,공립,false,37.43938485,129.1500624,elem,true,data.go.kr
B000004850,서상초등학교,7801000,춘천시,강원특별자치도춘천교육지원청,강원특별자치도 춘천시 서면 박사로 1348,공립,false,37.9291721,127.7072893,elem,true,data.go.kr
B000005041,서석초등학교,7801000,홍천군,강원특별자치도홍천교육지원청,강원특별자치도 홍천군 서석면 풍암길 58,공립,false,37.71239602,128.1882303,elem,true,data.go.kr
B000005058,서석초등학교청량분교장,7801000,홍천군,강원특별자치도홍천교육지원청,강원특별자치도 홍천군 서석면 청량로 25,공립,true,37.68857788,128.191934,elem,true,data.go.kr
B000004878,서원주초등학교,7801000,원주시,강원특별자치도원주교육지원청,강원특별자치도 원주시 남원로469번길 61,공립,false,37.32716911,127.9398707,elem,true,data.go.kr
B000005080,서원초등학교,7801000,횡성군,강원특별자치도횡성교육지원청,강원특별자치도 횡성군 서원면 서원로 173,공립,false,37.48755011,127.8510704,elem,true,data.go.kr
B000005207,서화초등학교,7801000,인제군,강원특별자치도인제교육지원청,강원특별자치도 인제군 서화면 금강로 1490,공립,false,38.22925537,128.2085299,elem,true,data.go.kr
B000004832,석사초등학교,7801000,춘천시,강원특별자치도춘천교육지원청,강원특별자치도 춘천시 공지로 108-17,공립,false,37.85815744,127.7494217,elem,true,data.go.kr
B000005030,석화초등학교,7801000,홍천군,강원특별자치도홍천교육지원청,강원특별자치도 홍천군 홍천읍 석화안길1길 12,공립,false,37.69725595,127.8928843,elem,true,data.go.kr
B000004986,설악초등학교,7801000,속초시,강원특별자치도속초양양교육지원청,강원특별자치도 속초시 청봉로 51,공립,false,38.16405799,128.5402664,elem,true,data.go.kr
B000023980,섬강초등학교,7801000,원주시,강원특별자치도원주교육지원청,강원특별자치도 원주시 지정면 가곡로 91,공립,false,37.37891073,127.8740436,elem,true,data.go.kr
B000005067,성남초등학교,7801000,횡성군,강원특별자치도횡성교육지원청,강원특별자치도 횡성군 횡성읍 횡성로 109,공립,false,37.46526355,127.9729081,elem,true,data.go.kr
B000004925,성덕초등학교,7801000,강릉시,강원특별자치도강릉교육지원청,강원특별자치도 강릉시 용지로 60,공립,false,37.75644211,128.910547,elem,true,data.go.kr
B000004834,성림초등학교,7801000,춘천시,강원특별자치도춘천교육지원청,강원특별자치도 춘천시 지석로 47,공립,false,37.85232013,127.7403494,elem,true,data.go.kr
B000005069,성북초등학교,7801000,횡성군,강원특별자치도횡성교육지원청,강원특별자치도 횡성군 횡성읍 성북로 10,공립,false,37.49023468,127.9918713,elem,true,data.go.kr
B000004941,성산초등학교,7801000,강릉시,강원특별자치도강릉교육지원청,강원특별자치도 강릉시 성산면 구산길 15,공립,false,37.71907111,128.8337431,elem,true,data.go.kr
B000004843,성원초등학교,7801000,춘천시,강원특별자치도춘천교육지원청,강원특별자치도 춘천시 승지골길16번길 36,공립,false,37.84832953,127.744912,elem,true,data.go.kr
B000004980,소야초등학교,7801000,속초시,강원특별자치도속초양양교육지원청,강원특별자치도 속초시 배움터길 42,공립,false,38.19964843,128.5667195,elem,true,data.go.kr
B000004837,소양초등학교,7801000,춘천시,강원특별자치도춘천교육지원청,강원특별자치도 춘천시 충열로 134,공립,false,37.90535836,127.7398864,elem,true,data.go.kr
B000004897,소초초등학교,7801000,원주시,강원특별자치도원주교육지원청,강원특별자치도 원주시 소초면 평장안골1길 15,공립,false,37.41767143,128.0046158,elem,true,data.go.kr
B000005125,속사초등학교,7801000,평창군,강원특별자치도평창교육지원청,강원특별자치도 평창군 용평면 운두령로 100,공립,false,37.64646041,128.4926046,elem,true,data.go.kr
B000004978,속초초등학교,7801000,속초시,강원특별자치도속초양양교육지원청,강원특별자치도 속초시 수복로 117,공립,false,38.20151592,128.5811892,elem,true,data.go.kr
B000005047,속초초등학교,7801000,홍천군,강원특별자치도홍천교육지원청,강원특별자치도 홍천군 영귀미면 속초길 14,공립,false,37.67909652,127.9393167,elem,true,data.go.kr
B000004992,손양초등학교,7801000,양양군,강원특별자치도속초양양교육지원청,강원특별자치도 양양군 손양면 손중로 202,공립,false,38.06030303,128.6429862,elem,true,data.go.kr
B000023989,솔샘초등학교,7801000,원주시,강원특별자치도원주교육지원청,강원특별자치도 원주시 무실로 381,공립,false,37.32997035,127.9295665,elem,true,data.go.kr
B000004942,송양초등학교,7801000,강릉시,강원특별자치도강릉교육지원청,강원특별자치도 강릉시 성산면 위촌길 198,공립,false,37.75885165,128.8477386,elem,true,data.go.kr
B000004959,송정초등학교,7801000,동해시,강원특별자치도동해교육지원청,강원특별자치도 동해시 동해역길 25,공립,false,37.49516696,129.1228649,elem,true,data.go.kr
B000004993,송포초등학교,7801000,양양군,강원특별자치도속초양양교육지원청,강원특별자치도 양양군 손양면 동명로 321-11,공립,false,38.08956539,128.6565001,elem,true,data.go.kr
B000004858,송화초등학교,7801000,춘천시,강원특별자치도춘천교육지원청,강원특별자치도 춘천시 사북면 춘화로 510-5,공립,false,37.98791842,127.708052,elem,true,data.go.kr
B000005082,수백초등학교,7801000,횡성군,강원특별자치도횡성교육지원청,강원특별자치도 횡성군 공근면 공근남로 446,공립,false,37.53438292,128.0073002,elem,true,data.go.kr
B000004947,숲실초등학교,7801000,강릉시,강원특별자치도강릉교육지원청,강원특별자치도 강릉시 강동면 임곡로 890-14,공립,false,37.67721845,128.9689053,elem,true,data.go.kr
B000004830,신남초등학교,7801000,춘천시,강원특별자치도춘천교육지원청,강원특별자치도 춘천시 칠전서길 37,공립,false,37.84209461,127.7117582,elem,true,data.go.kr
B000005016,신동초등학교,7801000,삼척시,강원특별자치도삼척교육지원청,강원특별자치도 삼척시 신기면 강원남부로 2997,공립,false,37.35038522,129.0819292,elem,true,data.go.kr
B000024231,신동초등학교,7801000,춘천시,강원특별자치도춘천교육지원청,강원특별자치도 춘천시 우두로 100,공립,false,37.91211452,127.7330778,elem,true,data.go.kr
B000005123,신리초등학교,7801000,평창군,강원특별자치도평창교육지원청,강원특별자치도 평창군 대화면 하송빈1길 23,공립,false,37.53767918,128.4574601,elem,true,data.go.kr
B000004902,신림초등학교,7801000,원주시,강원특별자치도원주교육지원청,강원특별자치도 원주시 신림면 치악로 34,공립,false,37.23155517,128.0786998,elem,true,data.go.kr
B000004933,신영초등학교,7801000,강릉시,강원특별자치도강릉교육지원청,강원특별자치도 강릉시 주문진읍 주문북로 160,공립,false,37.90706843,128.8232652,elem,true,data.go.kr
B000004946,신왕초등학교,7801000,강릉시,강원특별자치도강릉교육지원청,강원특별자치도 강릉시 연곡면 진고개로 2265-11,공립,false,37.85361534,128.7873096,elem,true,data.go.kr
B000005095,신천초등학교,7801000,영월군,강원특별자치도영월교육지원청,강원특별자치도 영월군 한반도면 신천길 4,공립,false,37.23636557,128.3290029,elem,true,data.go.kr
B000005154,신철원초등학교,7801000,철원군,강원특별자치도철원교육지원청,강원특별자치도 철원군 갈말읍 명성로139번안길 45,공립,false,38.14752189,127.3055544,elem,true,data.go.kr
B000004894,신평초등학교,7801000,원주시,강원특별자치도원주교육지원청,강원특별자치도 원주시 지정면 신무로 336,공립,false,37.38491214,127.8923524,elem,true,data.go.kr
B000005183,실내초등학교,7801000,화천군,강원특별자치도화천교육지원청,강원특별자치도 화천군 사내면 실내길 26,공립,false,38.12010974,127.5317739,elem,true,data.go.kr
B000005094,쌍룡초등학교,7801000,영월군,강원특별자치도영월교육지원청,강원특별자치도 영월군 한반도면 무동길 50,공립,false,37.17792101,128.3192001,elem,true,data.go.kr
B000005224,아야진초등학교,7801000,고성군,강원특별자치도고성교육지원청,강원특별자치도 고성군 토성면 아야진길 15,공립,false,38.27348966,128.5493078,elem,true,data.go.kr
B000005122,안미초등학교,7801000,평창군,강원특별자치도평창교육지원청,강원특별자치도 평창군 대화면 하안미길 11-8,공립,false,37.46067727,128.4344101,elem,true,data.go.kr
B000005073,안흥초등학교,7801000,횡성군,강원특별자치도횡성교육지원청,강원특별자치도 횡성군 안흥면 서동로 1257,공립,false,37.42072781,128.1644918,elem,true,data.go.kr
B000005084,안흥초등학교덕천분교장,7801000,횡성군,강원특별자치도횡성교육지원청,강원특별자치도 횡성군 안흥면 덕송로 23,공립,true,37.46467349,128.153944,elem,true,data.go.kr
B000005187,양구초등학교,7801000,양구군,강원특별자치도양구교육지원청,강원특별자치도 양구군 양구읍 양구새싹로 48,공립,false,38.10290823,127.9914525,elem,true,data.go.kr
B000004989,양양초등학교,7801000,양양군,강원특별자치도속초양양교육지원청,강원특별자치도 양양군 양양읍 군청길 39,공립,false,38.07732034,128.6217432,elem,true,data.go.kr
B000005202,어론초등학교,7801000,인제군,강원특별자치도인제교육지원청,강원특별자치도 인제군 남면 설악로 198,공립,false,37.93211244,128.0617602,elem,true,data.go.kr
B000005140,여량초등학교,7801000,정선군,강원특별자치도정선교육지원청,강원특별자치도 정선군 여량면 서동로 2950,공립,false,37.47134571,128.7277245,elem,true,data.go.kr
B000004945,연곡초등학교,7801000,강릉시,강원특별자치도강릉교육지원청,강원특별자치도 강릉시 연곡면 진고개로 2656,공립,false,37.85709645,128.8292866,elem,true,data.go.kr
B000005093,연당초등학교,7801000,영월군,강원특별자치도영월교육지원청,강원특별자치도 영월군 남면 연당로 17,공립,false,37.18653689,128.4023188,elem,true,data.go.kr
B000004921,영동초등학교,7801000,강릉시,강원특별자치도강릉교육지원청,강원특별자치도 강릉시 화부산로 28,공립,false,37.76044419,128.8861601,elem,true,data.go.kr
B000004976,영랑초등학교,7801000,속초시,강원특별자치도속초양양교육지원청,강원특별자치도 속초시 중앙로 331,공립,false,38.21791984,128.5905961,elem,true,data.go.kr
B000005091,영월초등학교,7801000,영월군,강원특별자치도영월교육지원청,강원특별자치도 영월군 영월읍 하송안길 100,공립,false,37.18247488,128.4679901,elem,true,data.go.kr
B000005136,예미초등학교,7801000,정선군,강원특별자치도정선교육지원청,강원특별자치도 정선군 신동읍 의림로 327,공립,false,37.22101035,128.6453889,elem,true,data.go.kr
B000005150,예미초등학교운치분교장,7801000,정선군,강원특별자치도정선교육지원청,강원특별자치도 정선군 신동읍 운치길 51,공립,true,37.26997882,128.6074041,elem,true,data.go.kr
B000005162,오덕초등학교,7801000,철원군,강원특별자치도철원교육지원청,강원특별자치도 철원군 동송읍 오덕로 159,공립,false,38.22299855,127.2321739,elem,true,data.go.kr
B000004845,오동초등학교,7801000,춘천시,강원특별자치도춘천교육지원청,강원특별자치도 춘천시 신북읍 장본길 74,공립,false,37.95184042,127.758004,elem,true,data.go.kr
B000005032,오안초등학교,7801000,홍천군,강원특별자치도홍천교육지원청,강원특별자치도 홍천군 홍천읍 오안로 12,공립,false,37.6616897,127.8308979,elem,true,data.go.kr
B000005017,오저초등학교,7801000,삼척시,강원특별자치도삼척교육지원청,강원특별자치도 삼척시 가곡면 가곡천로 1430,공립,false,37.14662042,129.2066741,elem,true,data.go.kr
B000005222,오호초등학교,7801000,고성군,강원특별자치도고성교육지원청,강원특별자치도 고성군 죽왕면 황포길 28,공립,false,38.31375296,128.5319109,elem,true,data.go.kr
B000004940,옥계초등학교,7801000,강릉시,강원특별자치도강릉교육지원청,강원특별자치도 강릉시 옥계면 옥계로 1074,공립,false,37.6094088,129.0347767,elem,true,data.go.kr
B000004939,옥계초등학교금진분교장,7801000,강릉시,강원특별자치도강릉교육지원청,강원특별자치도 강릉시 옥계면 금진안길 2,공립,true,37.63495713,129.0434718,elem,true,data.go.kr
B000005098,옥동초등학교,7801000,영월군,강원특별자치도영월교육지원청,강원특별자치도 영월군 김삿갓면 영월동로 1679,공립,false,37.1304806,128.5698387,elem,true,data.go.kr
B000004924,옥천초등학교,7801000,강릉시,강원특별자치도강릉교육지원청,강원특별자치도 강릉시 수문길 25,공립,false,37.75683221,128.9027168,elem,true,data.go.kr
B000004979,온정초등학교,7801000,속초시,강원특별자치도속초양양교육지원청,강원특별자치도 속초시 온천로 107,공립,false,38.1899335,128.5539681,elem,true,data.go.kr
B000005169,와수초등학교,7801000,철원군,강원특별자치도철원교육지원청,강원특별자치도 철원군 서면 와수로 119,공립,false,38.23572423,127.4351403,elem,true,data.go.kr
B000004948,왕산초등학교,7801000,강릉시,강원특별자치도강릉교육지원청,강원특별자치도 강릉시 왕산면 백두대간로 2011-8,공립,false,37.67359898,128.8368585,elem,true,data.go.kr
B000005203,용대초등학교,7801000,인제군,강원특별자치도인제교육지원청,강원특별자치도 인제군 북면 미시령로 1031,공립,false,38.19559876,128.329394,elem,true,data.go.kr
B000005172,용암초등학교,7801000,화천군,강원특별자치도화천교육지원청,강원특별자치도 화천군 하남면 용화산로 1325,공립,false,38.08949697,127.6998338,elem,true,data.go.kr
B000005156,용정초등학교,7801000,철원군,강원특별자치도철원교육지원청,강원특별자치도 철원군 동송읍 상노2길 11,공립,false,38.16317002,127.241457,elem,true,data.go.kr
B000005191,용하초등학교,7801000,양구군,강원특별자치도양구교육지원청,강원특별자치도 양구군 국토정중앙면 정중앙로 624-7,공립,false,38.1095202,128.0360735,elem,true,data.go.kr
B000004881,우산초등학교,7801000,원주시,강원특별자치도원주교육지원청,강원특별자치도 원주시 우산초교길 84,공립,false,37.36960628,127.9326151,elem,true,data.go.kr
B000004835,우석초등학교,7801000,춘천시,강원특별자치도춘천교육지원청,강원특별자치도 춘천시 애막골길16번길 6,공립,false,37.86466554,127.7496908,elem,true,data.go.kr
B000005071,우천초등학교,7801000,횡성군,강원특별자치도횡성교육지원청,강원특별자치도 횡성군 우천면 수남로 319,공립,false,37.46116506,128.0615769,elem,true,data.go.kr
B000004930,운산초등학교,7801000,강릉시,강원특별자치도강릉교육지원청,강원특별자치도 강릉시 운산길 79-15,공립,true,37.7297797,128.9375871,elem,true,data.go.kr
B000004944,운양초등학교,7801000,강릉시,강원특별자치도강릉교육지원청,강원특별자치도 강릉시 사천면 이설당1길 36,공립,false,37.83710042,128.8586163,elem,true,data.go.kr
B000005049,원당초등학교,7801000,홍천군,강원특별자치도홍천교육지원청,강원특별자치도 홍천군 내면 구룡령로 5931,공립,false,37.82063244,128.414524,elem,true,data.go.kr
B000005192,원당초등학교,7801000,양구군,강원특별자치도양구교육지원청,강원특별자치도 양구군 동면 원당길52번길 9-17,공립,false,38.18860349,128.0435835,elem,true,data.go.kr
B000004887,원주삼육초등학교,7801000,원주시,강원특별자치도원주교육지원청,강원특별자치도 원주시 북원로 1996,사립,false,37.3260422,127.9227366,elem,true,data.go.kr
B000004880,원주초등학교,7801000,원주시,강원특별자치도원주교육지원청,강원특별자치도 원주시 봉산로 15,공립,false,37.34784173,127.9588477,elem,true,data.go.kr
B000005178,원천초등학교,7801000,화천군,강원특별자치도화천교육지원청,강원특별자치도 화천군 하남면 원천새싹길 16,공립,false,38.05970511,127.6665764,elem,true,data.go.kr
B000005200,원통초등학교,7801000,인제군,강원특별자치도인제교육지원청,강원특별자치도 인제군 북면 원통로 129,공립,false,38.12033476,128.2010606,elem,true,data.go.kr
B000005204,월학초등학교,7801000,인제군,강원특별자치도인제교육지원청,강원특별자치도 인제군 북면 금강로 732,공립,false,38.17074712,128.2093385,elem,true,data.go.kr
B000026210,유천초등학교,7801000,강릉시,강원특별자치도강릉교육지원청,강원특별자치도 강릉시 선수촌로 100,공립,false,37.76001124,128.8711009,elem,true,data.go.kr
B000005176,유촌초등학교,7801000,화천군,강원특별자치도화천교육지원청,강원특별자치도 화천군 간동면 파로호로 935-9,공립,false,38.05575042,127.7913201,elem,true,data.go.kr
B000005081,유현초등학교,7801000,횡성군,강원특별자치도횡성교육지원청,강원특별자치도 횡성군 서원면 경강로 711,공립,false,37.52666161,127.874879,elem,true,data.go.kr
B000004920,율곡초등학교,7801000,강릉시,강원특별자치도강릉교육지원청,강원특별자치도 강릉시 원대로 129,공립,false,37.76623849,128.8816262,elem,true,data.go.kr
B000005050,율전초등학교,7801000,홍천군,강원특별자치도홍천교육지원청,강원특별자치도 홍천군 내면 방내로 12,공립,false,37.74980024,128.3077377,elem,true,data.go.kr
B000004997,인구초등학교,7801000,양양군,강원특별자치도속초양양교육지원청,강원특별자치도 양양군 현남면 해송천로 10,공립,false,37.968083,128.7583979,elem,true,data.go.kr
B000005197,인제남초등학교,7801000,인제군,강원특별자치도인제교육지원청,강원특별자치도 인제군 인제읍 인제로156번길 34,공립,false,38.06409774,128.1706146,elem,true,data.go.kr
B000005198,인제초등학교,7801000,인제군,강원특별자치도인제교육지원청,강원특별자치도 인제군 인제읍 인제로277번길 20,공립,false,38.07477612,128.1783515,elem,true,data.go.kr
B000005229,인흥초등학교,7801000,고성군,강원특별자치도고성교육지원청,강원특별자치도 고성군 토성면 인흥1길 26,공립,false,38.23702574,128.5511905,elem,true,data.go.kr
B000004882,일산초등학교,7801000,원주시,강원특별자치도원주교육지원청,강원특별자치도 원주시 일산초교길 1,공립,false,37.34637268,127.9421071,elem,true,data.go.kr
B000005144,임계초등학교,7801000,정선군,강원특별자치도정선교육지원청,강원특별자치도 정선군 임계면 송계1길 7,공립,false,37.49641199,128.8483571,elem,true,data.go.kr
B000005193,임당초등학교,7801000,양구군,강원특별자치도양구교육지원청,강원특별자치도 양구군 동면 금강산로 1673,공립,false,38.20110769,128.0421702,elem,true,data.go.kr
B000005011,임원초등학교,7801000,삼척시,강원특별자치도삼척교육지원청,강원특별자치도 삼척시 원덕읍 삼척로 1246,공립,false,37.23608331,129.3422397,elem,true,data.go.kr
B000004970,장성초등학교,7801000,태백시,강원특별자치도태백교육지원청,강원특별자치도 태백시 보드미길 26,공립,false,37.10267933,129.0057684,elem,true,data.go.kr
B000004885,장양초등학교,7801000,원주시,강원특별자치도원주교육지원청,강원특별자치도 원주시 북원로 2868,공립,false,37.39858148,127.9532647,elem,true,data.go.kr
B000005021,장원초등학교,7801000,삼척시,강원특별자치도삼척교육지원청,강원특별자치도 삼척시 도계읍 장원길 25,공립,false,37.22822776,129.0554571,elem,true,data.go.kr
B000005115,장평초등학교,7801000,평창군,강원특별자치도평창교육지원청,강원특별자치도 평창군 용평면 갈정지길 35-43,공립,false,37.59256373,128.4107169,elem,true,data.go.kr
B000024259,장학초등학교,7801000,춘천시,강원특별자치도춘천교육지원청,강원특별자치도 춘천시 동면 춘천로449번길 33,공립,false,37.89520864,127.7522365,elem,true,data.go.kr
B000005018,장호초등학교,7801000,삼척시,강원특별자치도삼척교육지원청,강원특별자치도 삼척시 근덕면 용화안길 24,공립,false,37.28869694,129.3019081,elem,true,data.go.kr
B000005161,장흥초등학교,7801000,철원군,강원특별자치도철원교육지원청,강원특별자치도 철원군 동송읍 태봉로 2017,공립,false,38.19337131,127.2668579,elem,true,data.go.kr
B000005072,정금초등학교,7801000,횡성군,강원특별자치도횡성교육지원청,강원특별자치도 횡성군 우천면 경강로 3276,공립,false,37.50552162,128.1048898,elem,true,data.go.kr
B000004938,정동초등학교,7801000,강릉시,강원특별자치도강릉교육지원청,강원특별자치도 강릉시 강동면 헌화로 1055,공립,false,37.68735318,129.0336174,elem,true,data.go.kr
B000005010,정라초등학교,7801000,삼척시,강원특별자치도삼척교육지원청,강원특별자치도 삼척시 정상로3길 5,공립,false,37.44429121,129.1768806,elem,true,data.go.kr
B000005131,정선초등학교,7801000,정선군,강원특별자치도정선교육지원청,강원특별자치도 정선군 정선읍 비봉로 15,공립,false,37.38121807,128.659662,elem,true,data.go.kr
B000005148,정선초등학교가수분교장,7801000,정선군,강원특별자치도정선교육지원청,강원특별자치도 정선군 정선읍 수미길 7,공립,true,37.3147154,128.6278942,elem,true,data.go.kr
B000004988,조산초등학교,7801000,양양군,강원특별자치도속초양양교육지원청,강원특별자치도 양양군 양양읍 동해대로 3020,공립,false,38.11371111,128.6323998,elem,true,data.go.kr
B000004851,조양초등학교,7801000,춘천시,강원특별자치도춘천교육지원청,강원특별자치도 춘천시 동산면 조양길 257,공립,false,37.75120029,127.7956209,elem,true,data.go.kr
B000004982,조양초등학교,7801000,속초시,강원특별자치도속초양양교육지원청,강원특별자치도 속초시 동해대로 3965,공립,false,38.18784162,128.598124,elem,true,data.go.kr
B000004931,주문진초등학교,7801000,강릉시,강원특별자치도강릉교육지원청,강원특별자치도 강릉시 주문진읍 주문로 26,공립,false,37.88688223,128.8266399,elem,true,data.go.kr
B000005031,주봉초등학교,7801000,홍천군,강원특별자치도홍천교육지원청,강원특별자치도 홍천군 홍천읍 두루봉1길 16,공립,false,37.70896288,127.9139632,elem,true,data.go.kr
B000004932,주영초등학교,7801000,강릉시,강원특별자치도강릉교육지원청,강원특별자치도 강릉시 주문진읍 약수동길 15-12,공립,false,37.89800326,128.8260432,elem,true,data.go.kr
B000005109,주진초등학교,7801000,평창군,강원특별자치도평창교육지원청,강원특별자치도 평창군 평창읍 서동로 2051-11,공립,false,37.39354985,128.4047391,elem,true,data.go.kr
B000005096,주천초등학교,7801000,영월군,강원특별자치도영월교육지원청,강원특별자치도 영월군 주천면 주천로89번길 14,공립,false,37.27201619,128.2676113,elem,true,data.go.kr
B000005189,죽리초등학교,7801000,양구군,강원특별자치도양구교육지원청,강원특별자치도 양구군 국토정중앙면 춘양로 2726,공립,false,38.07012862,127.9937958,elem,true,data.go.kr
B000005221,죽왕초등학교,7801000,고성군,강원특별자치도고성교육지원청,강원특별자치도 고성군 죽왕면 송지호로 6,공립,false,38.33033639,128.5224096,elem,true,data.go.kr
B000004863,중앙초등학교,7801000,원주시,강원특별자치도원주교육지원청,강원특별자치도 원주시 남산로 181,공립,false,37.35278161,127.9390857,elem,true,data.go.kr
B000004826,중앙초등학교,7801000,춘천시,강원특별자치도춘천교육지원청,강원특별자치도 춘천시 중앙로88번길 14,공립,false,37.87924743,127.7238114,elem,true,data.go.kr
B000004977,중앙초등학교,7801000,속초시,강원특별자치도속초양양교육지원청,강원특별자치도 속초시 번영로105번길 11,공립,false,38.21065023,128.5845998,elem,true,data.go.kr
B000004916,중앙초등학교,7801000,강릉시,강원특별자치도강릉교육지원청,강원특별자치도 강릉시 성덕포남로 18,공립,false,37.75808663,128.9228517,elem,true,data.go.kr
B000005138,증산초등학교,7801000,정선군,강원특별자치도정선교육지원청,강원특별자치도 정선군 남면 민둥산로 12,공립,false,37.25492831,128.7807294,elem,true,data.go.kr
B000004893,지정초등학교,7801000,원주시,강원특별자치도원주교육지원청,강원특별자치도 원주시 지정면 지정로 103,공립,false,37.34824579,127.8454526,elem,true,data.go.kr
B000004854,지촌초등학교,7801000,춘천시,강원특별자치도춘천교육지원청,강원특별자치도 춘천시 사북면 지촌길 130,공립,false,38.03829095,127.6449579,elem,true,data.go.kr
B000004861,지촌초등학교지암분교장,7801000,춘천시,강원특별자치도춘천교육지원청,강원특별자치도 춘천시 사북면 화악지암길 431,공립,true,37.98121081,127.6070879,elem,true,data.go.kr
B000005117,진부초등학교,7801000,평창군,강원특별자치도평창교육지원청,강원특별자치도 평창군 진부면 진부새싹길 52,공립,false,37.63947236,128.557074,elem,true,data.go.kr
B000005009,진주초등학교,7801000,삼척시,강원특별자치도삼척교육지원청,강원특별자치도 삼척시 사직로1길 23,공립,false,37.43304777,129.1657583,elem,true,data.go.kr
B000005068,창림초등학교,7801000,횡성군,강원특별자치도횡성교육지원청,강원특별자치도 횡성군 횡성읍 한우로 789,공립,false,37.49569333,128.0360069,elem,true,data.go.kr
B000005051,창촌초등학교,7801000,홍천군,강원특별자치도홍천교육지원청,강원특별자치도 홍천군 내면 구룡령로 5198,공립,false,37.76852978,128.3886481,elem,true,data.go.kr
B000004952,창호초등학교,7801000,동해시,강원특별자치도동해교육지원청,강원특별자치도 동해시 해맞이길 183,공립,false,37.55924145,129.1081551,elem,true,data.go.kr
B000004960,천곡초등학교,7801000,동해시,강원특별자치도동해교육지원청,강원특별자치도 동해시 동굴로 33,공립,false,37.5177868,129.1078871,elem,true,data.go.kr
B000004844,천전초등학교,7801000,춘천시,강원특별자치도춘천교육지원청,강원특별자치도 춘천시 신북읍 율문1길 16-9,공립,false,37.92746577,127.7461205,elem,true,data.go.kr
B000005225,천진초등학교,7801000,고성군,강원특별자치도고성교육지원청,강원특별자치도 고성군 토성면 천진1길 14,공립,false,38.25743795,128.5570899,elem,true,data.go.kr
B000004971,철암초등학교,7801000,태백시,강원특별자치도태백교육지원청,강원특별자치도 태백시 동태백로 584,공립,false,37.12174675,129.0429224,elem,true,data.go.kr
B000005165,철원초등학교,7801000,철원군,강원특별자치도철원교육지원청,강원특별자치도 철원군 철원읍 금학로 297-18,공립,false,38.21350087,127.2111787,elem,true,data.go.kr
B000004981,청대초등학교,7801000,속초시,강원특별자치도속초양양교육지원청,강원특별자치도 속초시 소평로 175,공립,false,38.19113174,128.5765618,elem,true,data.go.kr
B000005092,청령포초등학교,7801000,영월군,강원특별자치도영월교육지원청,강원특별자치도 영월군 영월읍 청령포로 191,공립,false,37.18034788,128.4414799,elem,true,data.go.kr
B000004983,청봉초등학교,7801000,속초시,강원특별자치도속초양양교육지원청,강원특별자치도 속초시 조양로118번길 9,공립,false,38.18838223,128.5870024,elem,true,data.go.kr
B000005168,청양초등학교,7801000,철원군,강원특별자치도철원교육지원청,강원특별자치도 철원군 김화읍 청양로 381-19,공립,false,38.24533197,127.3772901,elem,true,data.go.kr
B000004956,청운초등학교,7801000,동해시,강원특별자치도동해교육지원청,강원특별자치도 동해시 청운로 60,공립,false,37.48530257,129.1041723,elem,true,data.go.kr
B000005076,청일초등학교,7801000,횡성군,강원특별자치도횡성교육지원청,강원특별자치도 횡성군 청일면 청정로 795,공립,false,37.58131788,128.146834,elem,true,data.go.kr
B000004984,청호초등학교,7801000,속초시,강원특별자치도속초양양교육지원청,강원특별자치도 속초시 청호로 60,공립,false,38.19625118,128.5983368,elem,true,data.go.kr
B000004912,초당초등학교,7801000,강릉시,강원특별자치도강릉교육지원청,강원특별자치도 강릉시 연당길 35-11,공립,false,37.78168439,128.913111,elem,true,data.go.kr
B000004860,추곡초등학교,7801000,춘천시,강원특별자치도춘천교육지원청,강원특별자치도 춘천시 북산면 북산로 34,공립,false,38.02446741,127.8822914,elem,true,data.go.kr
B000005079,춘당초등학교,7801000,횡성군,강원특별자치도횡성교육지원청,강원특별자치도 횡성군 청일면 청정로 1461,공립,false,37.63030887,128.1447802,elem,true,data.go.kr
B000004822,춘천교육대학교부설초등학교,7801000,춘천시,강원특별자치도춘천교육지원청,강원특별자치도 춘천시 공지로 316,국립,false,37.86935001,127.7314047,elem,true,data.go.kr
B000004857,춘천삼육초등학교,7801000,춘천시,강원특별자치도춘천교육지원청,강원특별자치도 춘천시 동면 방죽길 56-10,사립,false,37.91159681,127.754320,elem,true,data.go.kr
B000004823,춘천초등학교,7801000,춘천시,강원특별자치도춘천교육지원청,강원특별자치도 춘천시 방송길7번길 14-5,공립,false,37.87411915,127.7219335,elem,true,data.go.kr
B000004879,치악초등학교,7801000,원주시,강원특별자치도원주교육지원청,강원특별자치도 원주시 한지공원길 77,공립,false,37.33161621,127.9394502,elem,true,data.go.kr
B000004968,태백초등학교,7801000,태백시,강원특별자치도태백교육지원청,강원특별자치도 태백시 태백로 1811,공립,false,37.10857841,129.005232,elem,true,data.go.kr
B000004883,태봉초등학교,7801000,원주시,강원특별자치도원주교육지원청,강원특별자치도 원주시 흥양로51번길 113,공립,false,37.38592017,127.9564644,elem,true,data.go.kr
B000004975,태서초등학교,7801000,태백시,강원특별자치도태백교육지원청,강원특별자치도 태백시 태백로 802,공립,false,37.18003577,128.9824439,elem,true,data.go.kr
B000004884,태장초등학교,7801000,원주시,강원특별자치도원주교육지원청,강원특별자치도 원주시 현충로 260,공립,false,37.37621832,127.9514457,elem,true,data.go.kr
B000005160,토성초등학교,7801000,철원군,강원특별자치도철원교육지원청,강원특별자치도 철원군 갈말읍 토성길 43,공립,false,38.24101934,127.3455948,elem,true,data.go.kr
B000004967,통리초등학교,7801000,태백시,강원특별자치도태백교육지원청,강원특별자치도 태백시 통골2길 9,공립,false,37.16673527,129.0354652,elem,true,data.go.kr
B000027070,퇴계초등학교,7801000,춘천시,강원특별자치도춘천교육지원청,강원특별자치도 춘천시 안마산로 123,공립,false,37.85617539,127.731984,elem,true,data.go.kr
B000004873,평원초등학교,7801000,원주시,강원특별자치도원주교육지원청,강원특별자치도 원주시 금불2길 20,공립,false,37.34968188,127.9317518,elem,true,data.go.kr
B000005111,평창초등학교,7801000,평창군,강원특별자치도평창교육지원청,강원특별자치도 평창군 평창읍 송학로 71,공립,false,37.3701109,128.3923641,elem,true,data.go.kr
B000004926,포남초등학교,7801000,강릉시,강원특별자치도강릉교육지원청,강원특별자치도 강릉시 가작로287번길 20,공립,false,37.77276174,128.9052949,elem,true,data.go.kr
B000005179,풍산초등학교,7801000,화천군,강원특별자치도화천교육지원청,강원특별자치도 화천군 화천읍 평화로 1284,공립,false,38.14775096,127.7414389,elem,true,data.go.kr
B000005209,하남초등학교,7801000,인제군,강원특별자치도인제교육지원청,강원특별자치도 인제군 상남면 내린천로 3195,공립,false,37.91097536,128.2859685,elem,true,data.go.kr
B000005023,하장초등학교,7801000,삼척시,강원특별자치도삼척교육지원청,강원특별자치도 삼척시 하장면 하장길 84,공립,false,37.34777333,128.9443039,elem,true,data.go.kr
B000024604,학성초등학교,7801000,원주시,강원특별자치도원주교육지원청,강원특별자치도 원주시 치악로 2009-9,공립,false,37.36064068,127.9588289,elem,true,data.go.kr
B000005205,한계초등학교,7801000,인제군,강원특별자치도인제교육지원청,강원특별자치도 인제군 북면 한계1길 33,공립,false,38.14045235,128.2577083,elem,true,data.go.kr
B000004991,한남초등학교,7801000,양양군,강원특별자치도속초양양교육지원청,강원특별자치도 양양군 서면 남대천로 218,공립,false,38.05629068,128.6073777,elem,true,data.go.kr
B000005054,한서초등학교,7801000,홍천군,강원특별자치도홍천교육지원청,강원특별자치도 홍천군 서면 밤벌길2번길 12,공립,false,37.6925275,127.6019824,elem,true,data.go.kr
B000004929,한솔초등학교,7801000,강릉시,강원특별자치도강릉교육지원청,강원특별자치도 강릉시 하평2길 45,공립,false,37.77444621,128.9141358,elem,true,data.go.kr
B000005188,한전초등학교,7801000,양구군,강원특별자치도양구교육지원청,강원특별자치도 양구군 양구읍 금강산로 858,공립,false,38.14913098,128.0159854,elem,true,data.go.kr
B000005137,함백초등학교,7801000,정선군,강원특별자치도정선교육지원청,강원특별자치도 정선군 신동읍 조동6길 17-12,공립,false,37.21635745,128.6732065,elem,true,data.go.kr
B000004966,함태초등학교,7801000,태백시,강원특별자치도태백교육지원청,강원특별자치도 태백시 소도길 69,공립,false,37.13878758,128.9767068,elem,true,data.go.kr
B000005195,해안초등학교,7801000,양구군,강원특별자치도양구교육지원청,강원특별자치도 양구군 해안면 펀치볼로 1341-33,공립,false,38.28940861,128.1375394,elem,true,data.go.kr
B000004994,현북초등학교,7801000,양양군,강원특별자치도속초양양교육지원청,강원특별자치도 양양군 현북면 송이로 222,공립,false,38.01573531,128.6973928,elem,true,data.go.kr
B000005001,현성초등학교,7801000,양양군,강원특별자치도속초양양교육지원청,강원특별자치도 양양군 현북면 어성전길 114,공립,false,37.95204184,128.6652332,elem,true,data.go.kr
B000005043,협신초등학교,7801000,홍천군,강원특별자치도홍천교육지원청,강원특별자치도 홍천군 남면 시동안로 89,공립,false,37.59567064,127.819478,elem,true,data.go.kr
B000005116,호명초등학교,7801000,평창군,강원특별자치도평창교육지원청,강원특별자치도 평창군 진부면 약수동길 11,공립,false,37.64226944,128.5692449,elem,true,data.go.kr
B000004829,호반초등학교,7801000,춘천시,강원특별자치도춘천교육지원청,강원특별자치도 춘천시 후만로126번길 35,공립,false,37.87432976,127.7609773,elem,true,data.go.kr
B000005012,호산초등학교,7801000,삼척시,강원특별자치도삼척교육지원청,강원특별자치도 삼척시 원덕읍 삼척로 462-12,공립,false,37.17753531,129.3354334,elem,true,data.go.kr
B000004907,호저초등학교,7801000,원주시,강원특별자치도원주교육지원청,강원특별자치도 원주시 호저면 호저로 428,공립,false,37.41176562,127.9255209,elem,true,data.go.kr
B000005033,홍천초등학교,7801000,홍천군,강원특별자치도홍천교육지원청,강원특별자치도 홍천군 홍천읍 희망로4길 12,공립,false,37.69250906,127.883816,elem,true,data.go.kr
B000005046,화계초등학교,7801000,홍천군,강원특별자치도홍천교육지원청,강원특별자치도 홍천군 북방면 능평길 10,공립,false,37.7114982,127.8488434,elem,true,data.go.kr
B000005143,화동초등학교,7801000,정선군,강원특별자치도정선교육지원청,강원특별자치도 정선군 화암면 그림바위길 66-20,공립,false,37.33869626,128.7879549,elem,true,data.go.kr
B000005171,화천초등학교,7801000,화천군,강원특별자치도화천교육지원청,강원특별자치도 화천군 화천읍 화천새싹길 57,공립,false,38.10474334,127.7088476,elem,true,data.go.kr
B000005038,화촌초등학교,7801000,홍천군,강원특별자치도홍천교육지원청,강원특별자치도 홍천군 화촌면 성산로147번길 8,공립,false,37.77248726,127.9666208,elem,true,data.go.kr
B000004909,황둔초등학교,7801000,원주시,강원특별자치도원주교육지원청,강원특별자치도 원주시 신림면 신림황둔로 1185,공립,false,37.26154816,128.1856828,elem,true,data.go.kr
B000004974,황지중앙초등학교,7801000,태백시,강원특별자치도태백교육지원청,강원특별자치도 태백시 태백로 810,공립,false,37.1803949,128.9841425,elem,true,data.go.kr
B000004963,황지초등학교,7801000,태백시,강원특별자치도태백교육지원청,강원특별자치도 태백시 황지로 63,공립,false,37.16378702,128.9898295,elem,true,data.go.kr
B000005002,회룡초등학교,7801000,양양군,강원특별자치도속초양양교육지원청,강원특별자치도 양양군 강현면 회룡1길 161,공립,false,38.13539555,128.5770198,elem,true,data.go.kr
B000005118,횡계초등학교,7801000,평창군,강원특별자치도평창교육지원청,강원특별자치도 평창군 대관령면 꽃밭양지길 16-3,공립,false,37.67651721,128.7118375,elem,true,data.go.kr
B000005070,횡성초등학교,7801000,횡성군,강원특별자치도횡성교육지원청,강원특별자치도 횡성군 횡성읍 교항북로 35,공립,false,37.48745216,127.9796988,elem,true,data.go.kr
B000004825,효제초등학교,7801000,춘천시,강원특별자치도춘천교육지원청,강원특별자치도 춘천시 효제길 40,공립,false,37.87091642,127.738179,elem,true,data.go.kr
B000004841,후평초등학교,7801000,춘천시,강원특별자치도춘천교육지원청,강원특별자치도 춘천시 춘천로295번길 17,공립,false,37.88309525,127.743936,elem,true,data.go.kr
B000004898,흥양초등학교,7801000,원주시,강원특별자치도원주교육지원청,강원특별자치도 원주시 소초면 하초구길 6,공립,false,37.38126408,127.9965122,elem,true,data.go.kr
B000004900,흥업초등학교,7801000,원주시,강원특별자치도원주교육지원청,강원특별자치도 원주시 흥업면 사제로 101,공립,false,37.30696646,127.9084451,elem,true,data.go.kr
B000005022,흥전초등학교,7801000,삼척시,강원특별자치도삼척교육지원청,강원특별자치도 삼척시 도계읍 흥전안길 137,공립,false,37.21385827,129.0431938,elem,true,data.go.kr
B000005267,가경초등학교,8000000,청주시,충청북도청주교육지원청,충청북도 청주시 흥덕구 장구봉로 93,공립,false,36.62474354,127.4436191,elem,true,data.go.kr
B000005500,가곡초등학교,8000000,단양군,충청북도단양교육지원청,충청북도 단양군 가곡면 남한강로 548,공립,false,37.02689438,128.3855597,elem,true,data.go.kr
B000005507,가곡초등학교대곡분교장,8000000,단양군,충청북도단양교육지원청,충청북도 단양군 가곡면 대대길 51,공립,true,36.99798735,128.4263416,elem,true,data.go.kr
B000005508,가곡초등학교보발분교장(폐교),8000000,단양군,충청북도단양교육지원청,충청북도 단양군 가곡면 보발본동1길 17,공립,true,37.02953921,128.4487532,elem,true,data.go.kr
B000005372,가덕초등학교,8000000,청주시,충청북도청주교육지원청,충청북도 청주시 상당구 가덕면 단재로 1448,공립,false,36.5779265,127.5784827,elem,true,data.go.kr
B000005497,가평초등학교,8000000,단양군,충청북도단양교육지원청,충청북도 단양군 매포읍 가평길 58,공립,false,37.07317641,128.282608,elem,true,data.go.kr
B000005326,가흥초등학교,8000000,충주시,충청북도충주교육지원청,충청북도 충주시 중앙탑면 가곡로 2037,공립,false,37.07683303,127.8542548,elem,true,data.go.kr
B000005375,각리초등학교,8000000,청주시,충청북도청주교육지원청,충청북도 청주시 청원구 오창읍 오창중앙로 47-8,공립,false,36.70658201,127.4246729,elem,true,data.go.kr
B000005364,갈원초등학교,8000000,청주시,충청북도청주교육지원청,충청북도 청주시 서원구 남이면 저산척북로 375,공립,false,36.56860012,127.396593,elem,true,data.go.kr
B000005489,감곡초등학교,8000000,음성군,충청북도음성교육지원청,충청북도 음성군 감곡면 장감로 207,공립,false,37.1163163,127.6453912,elem,true,data.go.kr
B000005464,감물초등학교,8000000,괴산군,충청북도괴산증평교육지원청,충청북도 괴산군 감물면 남양동길 38,공립,false,36.83914154,127.8714687,elem,true,data.go.kr
B000005377,강내초등학교,8000000,청주시,충청북도청주교육지원청,충청북도 청주시 흥덕구 강내면 태성탑연로 117,공립,false,36.59763719,127.356890,elem,true,data.go.kr
B000005283,강서초등학교,8000000,청주시,충청북도청주교육지원청,충청북도 청주시 흥덕구 비하로9번길 38,공립,false,36.62841286,127.4232304,elem,true,data.go.kr
B000005275,개신초등학교,8000000,청주시,충청북도청주교육지원청,충청북도 청주시 서원구 신율로 20,공립,false,36.6202731,127.4487624,elem,true,data.go.kr
B000005272,경덕초등학교,8000000,청주시,충청북도청주교육지원청,충청북도 청주시 흥덕구 장구봉로 36,공립,false,36.62107877,127.4378341,elem,true,data.go.kr
B000005273,경산초등학교,8000000,청주시,충청북도청주교육지원청,충청북도 청주시 흥덕구 경산로 82-12,공립,false,36.62535256,127.4404514,elem,true,data.go.kr
B000005398,관기초등학교,8000000,보은군,충청북도보은교육지원청,충청북도 보은군 마로면 관기송현로 109,공립,false,36.43617767,127.8212759,elem,true,data.go.kr
B000005453,괴산명덕초등학교,8000000,괴산군,충청북도괴산증평교육지원청,충청북도 괴산군 괴산읍 읍내로4길 53,공립,false,36.80953639,127.7874714,elem,true,data.go.kr
B000005255,교동초등학교,8000000,청주시,충청북도청주교육지원청,충청북도 청주시 상당구 용암로 6,공립,false,36.61059184,127.5105265,elem,true,data.go.kr
B000005435,구룡초등학교,8000000,영동군,충청북도영동교육지원청,충청북도 영동군 용산면 용산로 366,공립,false,36.26402003,127.8280838,elem,true,data.go.kr
B000005449,구정초등학교,8000000,진천군,충청북도진천교육지원청,충청북도 진천군 초평면 원댕이길 3,공립,false,36.7810935,127.5358322,elem,true,data.go.kr
B000005295,국원초등학교,8000000,충주시,충청북도충주교육지원청,충청북도 충주시 국원초1길 47,공립,false,36.98134436,127.9444742,elem,true,data.go.kr
B000005407,군남초등학교,8000000,옥천군,충청북도옥천교육지원청,충청북도 옥천군 옥천읍 서대구일로 10,공립,false,36.27818884,127.5818094,elem,true,data.go.kr
B000005413,군서초등학교,8000000,옥천군,충청북도옥천교육지원청,충청북도 옥천군 군서면 성왕로 517,공립,false,36.27845779,127.5275742,elem,true,data.go.kr
B000005314,금가초등학교,8000000,충주시,충청북도충주교육지원청,충청북도 충주시 금가면 가마골길 16,공립,false,37.0442277,127.9225145,elem,true,data.go.kr
B000005442,금구초등학교,8000000,진천군,충청북도진천교육지원청,충청북도 진천군 이월면 진광로 972-12,공립,false,36.9451216,127.4307038,elem,true,data.go.kr
B000005350,금성초등학교,8000000,제천시,충청북도제천교육지원청,충청북도 제천시 금성면 국사봉로 1615,공립,false,37.06745543,128.1652921,elem,true,data.go.kr
B000005244,금천초등학교,8000000,청주시,충청북도청주교육지원청,충청북도 청주시 상당구 수영로 248,공립,false,36.62731274,127.5057468,elem,true,data.go.kr
B000005337,남당초등학교,8000000,제천시,충청북도제천교육지원청,충청북도 제천시 청풍호로2길 4-5,공립,false,37.13106115,128.202003,elem,true,data.go.kr
B000005260,남성초등학교,8000000,청주시,충청북도청주교육지원청,충청북도 청주시 서원구 청남로 1964,공립,false,36.60824416,127.4836861,elem,true,data.go.kr
B000005474,남신초등학교,8000000,음성군,충청북도음성교육지원청,충청북도 음성군 음성읍 설성로 33-20,공립,false,36.93240014,127.6848075,elem,true,data.go.kr
B000005363,남이초등학교,8000000,청주시,충청북도청주교육지원청,충청북도 청주시 서원구 남이면 대련길 61,공립,false,36.5770968,127.4542168,elem,true,data.go.kr
B000005370,남일초등학교,8000000,청주시,충청북도청주교육지원청,충청북도 청주시 상당구 남일면 단재로 630,공립,false,36.57578681,127.5094731,elem,true,data.go.kr
B000005333,남천초등학교,8000000,제천시,충청북도제천교육지원청,충청북도 제천시 풍양로21안길 25,공립,false,37.136378,128.2172663,elem,true,data.go.kr
B000005261,남평초등학교,8000000,청주시,충청북도청주교육지원청,충청북도 청주시 서원구 월평로 35,공립,false,36.61174091,127.4890763,elem,true,data.go.kr
B000005373,낭성초등학교,8000000,청주시,충청북도청주교육지원청,충청북도 청주시 상당구 낭성면 낭성시내길 5,공립,false,36.62367531,127.6017914,elem,true,data.go.kr
B000005393,내북초등학교,8000000,보은군,충청북도보은교육지원청,충청북도 보은군 내북면 화전길 20,공립,false,36.57607599,127.6521285,elem,true,data.go.kr
B000005359,내수초등학교,8000000,청주시,충청북도청주교육지원청,충청북도 청주시 청원구 내수읍 마산1길 114-1,공립,false,36.72690548,127.5368015,elem,true,data.go.kr
B000005342,내토초등학교,8000000,제천시,충청북도제천교육지원청,충청북도 제천시 관전로 99,공립,false,37.13423175,128.2285838,elem,true,data.go.kr
B000005324,노은초등학교,8000000,충주시,충청북도충주교육지원청,충청북도 충주시 노은면 연하중앙길 27,공립,false,37.04849541,127.7556142,elem,true,data.go.kr
B000005495,단양초등학교,8000000,단양군,충청북도단양교육지원청,충청북도 단양군 단양읍 도전2길 15,공립,false,36.97950964,128.3690667,elem,true,data.go.kr
B000005296,단월초등학교,8000000,충주시,충청북도충주교육지원청,충청북도 충주시 신대2길 12,공립,false,36.94773188,127.8992691,elem,true,data.go.kr
B000026347,단재초등학교,8000000,청주시,충청북도청주교육지원청,충청북도 청주시 상당구 단재로 350,공립,false,36.59930127,127.5000805,elem,true,data.go.kr
B000005501,단천초등학교,8000000,단양군,충청북도단양교육지원청,충청북도 단양군 단성면 북상하리길 53,공립,false,36.92657152,128.3388435,elem,true,data.go.kr
B000005297,달천초등학교,8000000,충주시,충청북도충주교육지원청,충청북도 충주시 중원대로 3846,공립,false,36.96310165,127.8799833,elem,true,data.go.kr
B000005332,달천초등학교매현분교장,8000000,충주시,충청북도충주교육지원청,충청북도 충주시 대소원면 매현새터2길 10,공립,true,36.90834966,127.8702607,elem,true,data.go.kr
B000005505,대가초등학교,8000000,단양군,충청북도단양교육지원청,충청북도 단양군 적성면 적성로 453,공립,false,37.03352486,128.2625316,elem,true,data.go.kr
B000005499,대강초등학교,8000000,단양군,충청북도단양교육지원청,충청북도 단양군 대강면 대강로 6,공립,false,36.92171247,128.3583948,elem,true,data.go.kr
B000005379,대길초등학교,8000000,청주시,충청북도청주교육지원청,충청북도 청주시 청원구 북이면 대길길 28-24,공립,false,36.73237869,127.5596419,elem,true,data.go.kr
B000005312,대미초등학교,8000000,충주시,충청북도충주교육지원청,충청북도 충주시 동량면 대미길 62,공립,false,37.03388364,127.929558,elem,true,data.go.kr
B000005482,대소초등학교,8000000,음성군,충청북도음성교육지원청,충청북도 음성군 대소면 오태로 110-12,공립,false,36.96590875,127.4859135,elem,true,data.go.kr
B000005250,덕벌초등학교,8000000,청주시,충청북도청주교육지원청,충청북도 청주시 청원구 1순환로339번길 86,공립,false,36.65530155,127.4790763,elem,true,data.go.kr
B000005252,덕성초등학교,8000000,청주시,충청북도청주교육지원청,충청북도 청주시 청원구 공항로 113,공립,false,36.66746022,127.4841859,elem,true,data.go.kr
B000005311,덕신초등학교,8000000,충주시,충청북도충주교육지원청,충청북도 충주시 주덕읍 매남구술길 12,공립,false,36.99428464,127.7841076,elem,true,data.go.kr
B000005472,도안초등학교,8000000,증평군,충청북도괴산증평교육지원청,충청북도 증평군 도안면 화성로 101,공립,false,36.81736689,127.6109582,elem,true,data.go.kr
B000005392,동광초등학교,8000000,보은군,충청북도보은교육지원청,충청북도 보은군 보은읍 동광길 26,공립,false,36.48800647,127.7188173,elem,true,data.go.kr
B000005313,동량초등학교,8000000,충주시,충청북도충주교육지원청,충청북도 충주시 동량면 대전조돈길 395,공립,false,37.02736672,127.9647463,elem,true,data.go.kr
B000025413,동명초등학교,8000000,제천시,충청북도제천교육지원청,충청북도 제천시 원뜰로 35,공립,false,37.1337027,128.1939021,elem,true,data.go.kr
B000023043,동성초등학교,8000000,음성군,충청북도음성교육지원청,충청북도 음성군 맹동면 학예로 50,공립,false,36.9130216,127.5441132,elem,true,data.go.kr
B000005412,동이초등학교,8000000,옥천군,충청북도옥천교육지원청,충청북도 옥천군 동이면 평산길 6,공립,false,36.28644506,127.6191717,elem,true,data.go.kr
B000005420,동이초등학교우산분교장,8000000,옥천군,충청북도옥천교육지원청,충청북도 옥천군 동이면 우산로2길 23,공립,true,36.27791087,127.6819337,elem,true,data.go.kr
B000005454,동인초등학교,8000000,괴산군,충청북도괴산증평교육지원청,충청북도 괴산군 괴산읍 읍내로2길 15-8,공립,false,36.80554119,127.7892871,elem,true,data.go.kr
B000005245,동주초등학교,8000000,청주시,충청북도청주교육지원청,충청북도 청주시 상당구 호미로 269,공립,false,36.63028787,127.510013,elem,true,data.go.kr
B000005369,동화초등학교,8000000,청주시,충청북도청주교육지원청,충청북도 청주시 상당구 남일면 척산화당로 539,공립,false,36.54734078,127.4922603,elem,true,data.go.kr
B000005341,두학초등학교,8000000,제천시,충청북도제천교육지원청,충청북도 제천시 의병대로 415,공립,false,37.13450943,128.2447878,elem,true,data.go.kr
B000005384,만수초등학교,8000000,청주시,충청북도청주교육지원청,충청북도 청주시 흥덕구 오송읍 만수2길 11,공립,false,36.62730273,127.3293334,elem,true,data.go.kr
B000005445,만승초등학교,8000000,진천군,충청북도진천교육지원청,충청북도 진천군 광혜원면 중리길 11,공립,false,36.99231775,127.4420978,elem,true,data.go.kr
B000005432,매곡초등학교,8000000,영동군,충청북도영동교육지원청,충청북도 영동군 매곡면 민주지산로 3609,공립,false,36.1927206,127.9325944,elem,true,data.go.kr
B000005498,매포초등학교,8000000,단양군,충청북도단양교육지원청,충청북도 단양군 매포읍 단양로 1929,공립,false,37.03443987,128.3016823,elem,true,data.go.kr
B000005480,맹동초등학교,8000000,음성군,충청북도음성교육지원청,충청북도 음성군 맹동면 대동로 9,공립,false,36.92695855,127.5641072,elem,true,data.go.kr
B000005339,명지초등학교,8000000,제천시,충청북도제천교육지원청,충청북도 제천시 강명길 21,공립,false,37.11882822,128.2054568,elem,true,data.go.kr
B000005276,모충초등학교,8000000,청주시,충청북도청주교육지원청,충청북도 청주시 서원구 쌍샘로 49,공립,false,36.62568942,127.478354,elem,true,data.go.kr
B000005466,목도초등학교,8000000,괴산군,충청북도괴산증평교육지원청,충청북도 괴산군 불정면 목도로 42-1,공립,false,36.87447467,127.8543275,elem,true,data.go.kr
B000005300,목행초등학교,8000000,충주시,충청북도충주교육지원청,충청북도 충주시 목행초길 16,공립,false,37.00806042,127.9191523,elem,true,data.go.kr
B000005477,무극초등학교,8000000,음성군,충청북도음성교육지원청,충청북도 음성군 금왕읍 금석로 64,공립,false,36.99174956,127.5988702,elem,true,data.go.kr
B000005460,문광초등학교,8000000,괴산군,충청북도괴산증평교육지원청,충청북도 괴산군 문광면 괴산로 3446,공립,false,36.79014703,127.7837483,elem,true,data.go.kr
B000005450,문백초등학교,8000000,진천군,충청북도진천교육지원청,충청북도 진천군 문백면 봉죽길 22,공립,false,36.78627514,127.4331518,elem,true,data.go.kr
B000005451,문상초등학교,8000000,진천군,충청북도진천교육지원청,충청북도 진천군 문백면 농다리로 1232,공립,false,36.83792192,127.4718528,elem,true,data.go.kr
B000005367,문의초등학교,8000000,청주시,충청북도청주교육지원청,충청북도 청주시 상당구 문의면 문의시내1길 28-23,공립,false,36.51865565,127.4935076,elem,true,data.go.kr
B000005387,문의초등학교도원분교장,8000000,청주시,충청북도청주교육지원청,충청북도 청주시 상당구 문의면 두모1길 13-14,공립,true,36.51758177,127.4703977,elem,true,data.go.kr
B000005374,미원초등학교,8000000,청주시,충청북도청주교육지원청,충청북도 청주시 상당구 미원면 단재로 2482,공립,false,36.63579644,127.6598856,elem,true,data.go.kr
B000005389,미원초등학교금관분교장,8000000,청주시,충청북도청주교육지원청,충청북도 청주시 상당구 미원면 운암계원로 601,공립,true,36.62124183,127.7231513,elem,true,data.go.kr
B000005440,백곡초등학교,8000000,진천군,충청북도진천교육지원청,충청북도 진천군 백곡면 안구수길 20,공립,false,36.88596906,127.3602441,elem,true,data.go.kr
B000005457,백봉초등학교,8000000,괴산군,충청북도괴산증평교육지원청,충청북도 괴산군 청안면 질마로 1456,공립,false,36.70684414,127.7267128,elem,true,data.go.kr
B000005354,백운초등학교,8000000,제천시,충청북도제천교육지원청,충청북도 제천시 백운면 구학산로 45,공립,false,37.14063763,128.0209489,elem,true,data.go.kr
B000005455,보광초등학교,8000000,괴산군,충청북도괴산증평교육지원청,충청북도 괴산군 사리면 사리로 246,공립,false,36.81735263,127.6507401,elem,true,data.go.kr
B000005390,보은삼산초등학교,8000000,보은군,충청북도보은교육지원청,충청북도 보은군 보은읍 보은로 109-6,공립,false,36.48473504,127.7163165,elem,true,data.go.kr
B000027419,복대초등학교,8000000,청주시,충청북도청주교육지원청,충청북도 청주시 흥덕구 홍골로 58,공립,false,36.61414785,127.4299867,elem,true,data.go.kr
B000005290,봉덕초등학교,8000000,청주시,충청북도청주교육지원청,충청북도 청주시 흥덕구 덕암로68번길 9,공립,false,36.65262737,127.4623839,elem,true,data.go.kr
B000005281,봉명초등학교,8000000,청주시,충청북도청주교육지원청,충청북도 청주시 흥덕구 봉명로141번길 3,공립,false,36.63994006,127.456443,elem,true,data.go.kr
B000005346,봉양초등학교,8000000,제천시,충청북도제천교육지원청,충청북도 제천시 봉양읍 팔송로 59,공립,false,37.13596778,128.1121142,elem,true,data.go.kr
B000005268,봉정초등학교,8000000,청주시,충청북도청주교육지원청,충청북도 청주시 흥덕구 월명로140번길 37,공립,false,36.64790625,127.4569031,elem,true,data.go.kr
B000005424,부용초등학교,8000000,영동군,충청북도영동교육지원청,충청북도 영동군 영동읍 학산영동로 1155,공립,false,36.16725603,127.7671213,elem,true,data.go.kr
B000005481,부윤초등학교,8000000,음성군,충청북도음성교육지원청,충청북도 음성군 대소면 신내로 110,공립,false,36.94916445,127.524338,elem,true,data.go.kr
B000005380,북이초등학교,8000000,청주시,충청북도청주교육지원청,충청북도 청주시 청원구 북이면 의암로 342,공립,false,36.76125474,127.5560059,elem,true,data.go.kr
B000005243,북일초등학교,8000000,청주시,충청북도청주교육지원청,충청북도 청주시 청원구 주중로 13-19,공립,false,36.6896501,127.4853977,elem,true,data.go.kr
B000005282,분평초등학교,8000000,청주시,충청북도청주교육지원청,충청북도 청주시 서원구 무심서로 205,공립,false,36.61357774,127.4930652,elem,true,data.go.kr
B000005357,비봉초등학교,8000000,청주시,충청북도청주교육지원청,충청북도 청주시 청원구 오창읍 구룡2길 10,공립,false,36.71275728,127.4132907,elem,true,data.go.kr
B000005360,비상초등학교,8000000,청주시,충청북도청주교육지원청,충청북도 청주시 청원구 내수읍 세교초정로 171,공립,false,36.71114937,127.5820819,elem,true,data.go.kr
B000005256,사직초등학교,8000000,청주시,충청북도청주교육지원청,충청북도 청주시 서원구 남사로 25,공립,false,36.63097875,127.4776899,elem,true,data.go.kr
B000005241,사천초등학교,8000000,청주시,충청북도청주교육지원청,충청북도 청주시 청원구 주성로 121,공립,false,36.67069195,127.4797697,elem,true,data.go.kr
B000005258,산남초등학교,8000000,청주시,충청북도청주교육지원청,충청북도 청주시 서원구 산남로 102,공립,false,36.61163304,127.4623259,elem,true,data.go.kr
B000005239,산성초등학교,8000000,청주시,충청북도청주교육지원청,충청북도 청주시 상당구 호미로 306,공립,false,36.63383768,127.5110801,elem,true,data.go.kr
B000005316,산척초등학교,8000000,충주시,충청북도충주교육지원청,충청북도 충주시 산척면 천등박달로 134,공립,false,37.07977557,127.9579296,elem,true,data.go.kr
B000005471,삼보초등학교,8000000,증평군,충청북도괴산증평교육지원청,충청북도 증평군 증평읍 삼보로 140,공립,false,36.77826839,127.5787573,elem,true,data.go.kr
B000005485,삼성초등학교,8000000,음성군,충청북도음성교육지원청,충청북도 음성군 삼성면 덕정로 41,공립,false,37.02006765,127.4975038,elem,true,data.go.kr
B000005409,삼양초등학교,8000000,옥천군,충청북도옥천교육지원청,충청북도 옥천군 옥천읍 성암1길 9,공립,false,36.29797308,127.5687561,elem,true,data.go.kr
B000025441,상당초등학교,8000000,청주시,충청북도청주교육지원청,충청북도 청주시 상당구 동남로 151,공립,false,36.60783787,127.5203216,elem,true,data.go.kr
B000005385,상봉초등학교,8000000,청주시,충청북도청주교육지원청,충청북도 청주시 흥덕구 오송읍 상봉길 9,공립,false,36.63825053,127.2861418,elem,true,data.go.kr
B000005496,상진초등학교,8000000,단양군,충청북도단양교육지원청,충청북도 단양군 단양읍 상진12길 17,공립,false,36.97923789,128.3567131,elem,true,data.go.kr
B000005433,상촌초등학교,8000000,영동군,충청북도영동교육지원청,충청북도 영동군 상촌면 임산2길 20,공립,false,36.14761312,127.9120911,elem,true,data.go.kr
B000005240,새터초등학교,8000000,청주시,충청북도청주교육지원청,충청북도 청주시 청원구 새터로 224,공립,false,36.66719709,127.4710922,elem,true,data.go.kr
B000005257,샛별초등학교,8000000,청주시,충청북도청주교육지원청,충청북도 청주시 서원구 원흥로 24,공립,false,36.60887789,127.4716701,elem,true,data.go.kr
B000005486,생극초등학교,8000000,음성군,충청북도음성교육지원청,충청북도 음성군 생극면 음성로 1649-8,공립,false,37.03421192,127.6047247,elem,true,data.go.kr
B000026365,생명초등학교,8000000,청주시,충청북도청주교육지원청,충청북도 청주시 청원구 오창읍 중부로 772,공립,false,36.71214657,127.4385489,elem,true,data.go.kr
B000005274,서경초등학교,8000000,청주시,충청북도청주교육지원청,충청북도 청주시 흥덕구 서경로 19,공립,false,36.61831066,127.4417903,elem,true,data.go.kr
B000005278,서원초등학교,8000000,청주시,충청북도청주교육지원청,충청북도 청주시 흥덕구 가로수로 1340-6,공립,false,36.63172154,127.4420502,elem,true,data.go.kr
B000005269,서촌초등학교,8000000,청주시,충청북도청주교육지원청,충청북도 청주시 흥덕구 동촌로 126,공립,false,36.65056358,127.3994464,elem,true,data.go.kr
B000005264,서현초등학교,8000000,청주시,충청북도청주교육지원청,충청북도 청주시 흥덕구 서현중로 7,공립,false,36.61926474,127.429429,elem,true,data.go.kr
B000005235,석교초등학교,8000000,청주시,충청북도청주교육지원청,충청북도 청주시 상당구 대성로 14,공립,false,36.6267616,127.494248,elem,true,data.go.kr
B000005381,석성초등학교,8000000,청주시,충청북도청주교육지원청,충청북도 청주시 청원구 북이면 화상석성로 505,공립,false,36.74945995,127.5136869,elem,true,data.go.kr
B000005437,성암초등학교,8000000,진천군,충청북도진천교육지원청,충청북도 진천군 진천읍 금사로 359,공립,false,36.82676286,127.4064783,elem,true,data.go.kr
B000005262,성화초등학교,8000000,청주시,충청북도청주교육지원청,충청북도 청주시 서원구 신화로 22,공립,false,36.61601411,127.4555849,elem,true,data.go.kr
B000005327,세성초등학교,8000000,충주시,충청북도충주교육지원청,충청북도 충주시 살미면 매남이길 31,공립,false,36.90479486,127.9692482,elem,true,data.go.kr
B000005403,세중초등학교,8000000,보은군,충청북도보은교육지원청,충청북도 보은군 마로면 세중1길 2,공립,false,36.38820237,127.8300616,elem,true,data.go.kr
B000005467,소수초등학교,8000000,괴산군,충청북도괴산증평교육지원청,충청북도 괴산군 소수면 소수로 131,공립,false,36.85456915,127.7449316,elem,true,data.go.kr
B000005493,소이초등학교,8000000,음성군,충청북도음성교육지원청,충청북도 음성군 소이면 한불로 564,공립,false,36.9153436,127.7547173,elem,true,data.go.kr
B000005319,소태초등학교,8000000,충주시,충청북도충주교육지원청,충청북도 충주시 소태면 쟁골2길 1,공립,false,37.1110504,127.8464666,elem,true,data.go.kr
B000005397,속리초등학교,8000000,보은군,충청북도보은교육지원청,충청북도 보은군 장안면 장안2길 2,공립,false,36.47120584,127.7894911,elem,true,data.go.kr
B000024226,솔강초등학교,8000000,청주시,충청북도청주교육지원청,충청북도 청주시 흥덕구 오송읍 오송생명8로 95,공립,false,36.61757861,127.3107205,elem,true,data.go.kr
B000005265,솔밭초등학교,8000000,청주시,충청북도청주교육지원청,충청북도 청주시 흥덕구 대농로 42,공립,false,36.64163731,127.4260895,elem,true,data.go.kr
B000005459,송면초등학교,8000000,괴산군,충청북도괴산증평교육지원청,충청북도 괴산군 청천면 송면2길 13,공립,false,36.6744549,127.8627684,elem,true,data.go.kr
B000005348,송학초등학교,8000000,제천시,충청북도제천교육지원청,충청북도 제천시 송학면 시곡포전로 7,공립,false,37.18457555,128.2621542,elem,true,data.go.kr
B000005287,수곡초등학교,8000000,청주시,충청북도청주교육지원청,충청북도 청주시 서원구 수곡로 73,공립,false,36.61836437,127.4711256,elem,true,data.go.kr
B000005475,수봉초등학교,8000000,음성군,충청북도음성교육지원청,충청북도 음성군 음성읍 시장로126번길 19,공립,false,36.93972277,127.6925993,elem,true,data.go.kr
B000005352,수산초등학교,8000000,제천시,충청북도제천교육지원청,충청북도 제천시 수산면 지곡로 12,공립,false,36.93620174,128.1882506,elem,true,data.go.kr
B000005358,수성초등학교,8000000,청주시,충청북도청주교육지원청,충청북도 청주시 청원구 내수읍 내수로 601,공립,false,36.7192582,127.5267749,elem,true,data.go.kr
B000005361,수성초등학교구성분교장,8000000,청주시,충청북도청주교육지원청,충청북도 청주시 청원구 내수읍 충청대로 452,공립,true,36.68990362,127.514720,elem,true,data.go.kr
B000005329,수안보초등학교,8000000,충주시,충청북도충주교육지원청,충청북도 충주시 수안보면 동진이1길 24,공립,false,36.84512591,127.9993239,elem,true,data.go.kr
B000005399,수정초등학교,8000000,보은군,충청북도보은교육지원청,충청북도 보은군 속리산면 사내1길 125,공립,false,36.53624179,127.8214248,elem,true,data.go.kr
B000005401,수한초등학교,8000000,보은군,충청북도보은교육지원청,충청북도 보은군 수한면 안내보은로 1022,공립,false,36.45881239,127.7011332,elem,true,data.go.kr
B000005328,수회초등학교,8000000,충주시,충청북도충주교육지원청,충청북도 충주시 수안보면 수회리로 88,공립,false,36.8785989,127.974202,elem,true,data.go.kr
B000005343,신백초등학교,8000000,제천시,충청북도제천교육지원청,충청북도 제천시 관전로1길 28,공립,false,37.12852468,128.2267634,elem,true,data.go.kr
B000005368,신송초등학교,8000000,청주시,충청북도청주교육지원청,충청북도 청주시 상당구 남일면 신송2길 46,공립,false,36.57550025,127.493318,elem,true,data.go.kr
B000005430,심천초등학교,8000000,영동군,충청북도영동교육지원청,충청북도 영동군 심천면 심천로 52,공립,false,36.23468928,127.7249774,elem,true,data.go.kr
B000005476,쌍봉초등학교,8000000,음성군,충청북도음성교육지원청,충청북도 음성군 금왕읍 금일로371번길 58-17,공립,false,37.00331437,127.5419176,elem,true,data.go.kr
B000005411,안남초등학교,8000000,옥천군,충청북도옥천교육지원청,충청북도 옥천군 안남면 연주길 60,공립,false,36.3552713,127.6722418,elem,true,data.go.kr
B000005410,안내초등학교,8000000,옥천군,충청북도옥천교육지원청,충청북도 옥천군 안내면 현리길 74,공립,false,36.39570852,127.6607153,elem,true,data.go.kr
B000005320,앙성초등학교,8000000,충주시,충청북도충주교육지원청,충청북도 충주시 앙성면 내용2길 38,공립,false,37.10649251,127.7578074,elem,true,data.go.kr
B000005425,양강초등학교,8000000,영동군,충청북도영동교육지원청,충청북도 영동군 양강면 학산영동로 817,공립,false,36.14516473,127.7474976,elem,true,data.go.kr
B000005428,양산초등학교,8000000,영동군,충청북도영동교육지원청,충청북도 영동군 양산면 금강로 1500,공립,false,36.12464366,127.6663805,elem,true,data.go.kr
B000024008,양청초등학교,8000000,청주시,충청북도청주교육지원청,충청북도 청주시 청원구 오창읍 양청택지3길 15,공립,false,36.72013887,127.4254096,elem,true,data.go.kr
B000005504,어상천초등학교,8000000,단양군,충청북도단양교육지원청,충청북도 단양군 어상천면 어상천로 930,공립,false,37.10292793,128.3580195,elem,true,data.go.kr
B000005317,엄정초등학교,8000000,충주시,충청북도충주교육지원청,충청북도 충주시 엄정면 내창로 199-5,공립,false,37.08774786,127.916148,elem,true,data.go.kr
B000005307,연수초등학교,8000000,충주시,충청북도충주교육지원청,충청북도 충주시 번영대로 181,공립,false,36.98800986,127.9385008,elem,true,data.go.kr
B000005463,연풍초등학교,8000000,괴산군,충청북도괴산증평교육지원청,충청북도 괴산군 연풍면 중앙로 53,공립,false,36.76327316,127.9964865,elem,true,data.go.kr
B000005423,영동초등학교,8000000,영동군,충청북도영동교육지원청,충청북도 영동군 영동읍 영동천2길 47,공립,false,36.17306958,127.7794533,elem,true,data.go.kr
B000005503,영춘초등학교,8000000,단양군,충청북도단양교육지원청,충청북도 단양군 영춘면 온달평강로 63-6,공립,false,37.08079639,128.4826146,elem,true,data.go.kr
B000005502,영춘초등학교별방분교장,8000000,단양군,충청북도단양교육지원청,충청북도 단양군 영춘면 별방창원로 449,공립,false,37.09638456,128.4154073,elem,true,data.go.kr
B000005487,오갑초등학교,8000000,음성군,충청북도음성교육지원청,충청북도 음성군 감곡면 가곡로 326-7,공립,false,37.11234437,127.6771702,elem,true,data.go.kr
B000005315,오석초등학교,8000000,충주시,충청북도충주교육지원청,충청북도 충주시 금가면 김생로 456,공립,false,36.99951108,127.8960579,elem,true,data.go.kr
B000005479,오선초등학교,8000000,음성군,충청북도음성교육지원청,충청북도 음성군 금왕읍 초금로752번길 17,공립,false,36.97931684,127.5667896,elem,true,data.go.kr
B000024225,오송솔미초등학교,8000000,청주시,충청북도청주교육지원청,충청북도 청주시 흥덕구 오송읍 오송생명12로 83,공립,false,36.6235406,127.3156456,elem,true,data.go.kr
B000005383,오송초등학교,8000000,청주시,충청북도청주교육지원청,충청북도 청주시 흥덕구 오송읍 오송2길 26,공립,false,36.61216789,127.3262195,elem,true,data.go.kr
B000005376,오창초등학교,8000000,청주시,충청북도청주교육지원청,충청북도 청주시 청원구 오창읍 팔결로 690,공립,false,36.74127224,127.4574455,elem,true,data.go.kr
B000024278,옥동초등학교,8000000,진천군,충청북도진천교육지원청,충청북도 진천군 덕산읍 예지로 43,공립,false,36.90351811,127.5289119,elem,true,data.go.kr
B000005378,옥산초등학교,8000000,청주시,충청북도청주교육지원청,충청북도 청주시 흥덕구 옥산면 옥산시내1길 19,공립,false,36.66331951,127.3728418,elem,true,data.go.kr
B000005366,옥포초등학교,8000000,청주시,충청북도청주교육지원청,충청북도 청주시 서원구 현도면 죽전1길 45-7,공립,false,36.49696547,127.4158334,elem,true,data.go.kr
B000005347,왕미초등학교,8000000,제천시,충청북도제천교육지원청,충청북도 제천시 봉양읍 용두대로 575,공립,false,37.15499012,128.1577661,elem,true,data.go.kr
B000005238,용담초등학교,8000000,청주시,충청북도청주교육지원청,충청북도 청주시 상당구 용담로105번길 32,공립,false,36.6361812,127.5014515,elem,true,data.go.kr
B000005292,용담초등학교현양원분교장,8000000,청주시,충청북도청주교육지원청,충청북도 청주시 상당구 산성로658번길 301,공립,true,36.6423326,127.5401605,elem,true,data.go.kr
B000005340,용두초등학교,8000000,제천시,충청북도제천교육지원청,충청북도 제천시 용두대로21길 36,공립,false,37.14374225,128.1969402,elem,true,data.go.kr
B000005248,용성초등학교,8000000,청주시,충청북도청주교육지원청,충청북도 청주시 상당구 호미로 167,공립,false,36.62355182,127.5178733,elem,true,data.go.kr
B000025444,용아초등학교,8000000,청주시,충청북도청주교육지원청,충청북도 청주시 상당구 중고개로142번길 32-15,공립,false,36.61822602,127.522454,elem,true,data.go.kr
B000005247,용암초등학교,8000000,청주시,충청북도청주교육지원청,충청북도 청주시 상당구 원봉로 55,공립,false,36.61430188,127.5078289,elem,true,data.go.kr
B000005322,용원초등학교,8000000,충주시,충청북도충주교육지원청,충청북도 충주시 신니면 안용원로 6,공립,false,36.99532128,127.7357256,elem,true,data.go.kr
B000005323,용원초등학교동락분교장,8000000,충주시,충청북도충주교육지원청,충청북도 충주시 신니면 신덕로 301,공립,false,37.0034506,127.686075,elem,true,data.go.kr
B000005478,용천초등학교,8000000,음성군,충청북도음성교육지원청,충청북도 음성군 금왕읍 덕금로 1204,공립,false,36.99102149,127.5920467,elem,true,data.go.kr
B000005436,용화초등학교,8000000,영동군,충청북도영동교육지원청,충청북도 영동군 용화면 용화양강로 32,공립,false,36.02359338,127.765909,elem,true,data.go.kr
B000005249,우암초등학교,8000000,청주시,충청북도청주교육지원청,충청북도 청주시 청원구 상당로 204,공립,false,36.64746646,127.4904991,elem,true,data.go.kr
B000005237,운동초등학교,8000000,청주시,충청북도청주교육지원청,충청북도 청주시 상당구 운동로 31,공립,false,36.6065351,127.5129668,elem,true,data.go.kr
B000005288,운천초등학교,8000000,청주시,충청북도청주교육지원청,충청북도 청주시 흥덕구 무심서로 721,공립,false,36.65448725,127.4733856,elem,true,data.go.kr
B000005491,원남초등학교,8000000,음성군,충청북도음성교육지원청,충청북도 음성군 원남면 보천로65번길 22,공립,false,36.87880844,127.653810,elem,true,data.go.kr
B000005488,원당초등학교,8000000,음성군,충청북도음성교육지원청,충청북도 음성군 감곡면 음성로 2142,공립,false,37.07435385,127.615542,elem,true,data.go.kr
B000005253,원봉초등학교,8000000,청주시,충청북도청주교육지원청,충청북도 청주시 상당구 월평로153번길 25,공립,false,36.61284316,127.5018043,elem,true,data.go.kr
B000005259,원평초등학교,8000000,청주시,충청북도청주교육지원청,충청북도 청주시 서원구 원마루로 32,공립,false,36.61122559,127.4955871,elem,true,data.go.kr
B000005251,율량초등학교,8000000,청주시,충청북도청주교육지원청,충청북도 청주시 청원구 율봉로212번길 14,공립,false,36.66809285,127.4916524,elem,true,data.go.kr
B000005334,의림초등학교,8000000,제천시,충청북도제천교육지원청,충청북도 제천시 독순로 33,공립,false,37.14163394,128.2074321,elem,true,data.go.kr
B000005422,이수초등학교,8000000,영동군,충청북도영동교육지원청,충청북도 영동군 영동읍 영산로4길 9,공립,false,36.17745821,127.7766024,elem,true,data.go.kr
B000005415,이원초등학교,8000000,옥천군,충청북도옥천교육지원청,충청북도 옥천군 이원면 신흥길 25,공립,false,36.24691053,127.6227848,elem,true,data.go.kr
B000005441,이월초등학교,8000000,진천군,충청북도진천교육지원청,충청북도 진천군 이월면 송림6길 26,공립,false,36.93107602,127.4319218,elem,true,data.go.kr
B000005344,장락초등학교,8000000,제천시,충청북도제천교육지원청,충청북도 제천시 죽하로 25,공립,false,37.1543615,128.222511,elem,true,data.go.kr
B000005408,장야초등학교,8000000,옥천군,충청북도옥천교육지원청,충청북도 옥천군 옥천읍 장야3길 25,공립,false,36.29703588,127.5800442,elem,true,data.go.kr
B000005462,장연초등학교,8000000,괴산군,충청북도괴산증평교육지원청,충청북도 괴산군 장연면 미선로오가5길 1,공립,false,36.82515901,127.9550573,elem,true,data.go.kr
B000005353,제천덕산초등학교,8000000,제천시,충청북도제천교육지원청,충청북도 제천시 덕산면 약초로 133,공립,false,36.90773109,128.1700912,elem,true,data.go.kr
B000005345,제천중앙초등학교,8000000,제천시,충청북도제천교육지원청,충청북도 제천시 고암로 7,공립,false,37.15296506,128.2155464,elem,true,data.go.kr
B000005391,종곡초등학교,8000000,보은군,충청북도보은교육지원청,충청북도 보은군 보은읍 강신1길 12-7,공립,false,36.50203548,127.7498649,elem,true,data.go.kr
B000005310,주덕초등학교,8000000,충주시,충청북도충주교육지원청,충청북도 충주시 주덕읍 신중신촌2길 10,공립,false,36.97670948,127.7877644,elem,true,data.go.kr
B000025917,주덕화곡초등학교,8000000,충주시,충청북도충주교육지원청,충청북도 충주시 주덕읍 화개4길 63,공립,false,37.00788034,127.8205321,elem,true,data.go.kr
B000005233,주성초등학교,8000000,청주시,충청북도청주교육지원청,충청북도 청주시 상당구 교서로 45,공립,false,36.64146533,127.4852543,elem,true,data.go.kr
B000005242,주중초등학교,8000000,청주시,충청북도청주교육지원청,충청북도 청주시 청원구 주성로 223,공립,false,36.67231062,127.4916819,elem,true,data.go.kr
B000005470,죽리초등학교,8000000,증평군,충청북도괴산증평교육지원청,충청북도 증평군 증평읍 남하길 233,공립,false,36.75397387,127.6120057,elem,true,data.go.kr
B000005263,죽림초등학교,8000000,청주시,충청북도청주교육지원청,충청북도 청주시 서원구 대림로 473,공립,false,36.61277773,127.4429239,elem,true,data.go.kr
B000005406,죽향초등학교,8000000,옥천군,충청북도옥천교육지원청,충청북도 옥천군 옥천읍 향수1길 26,공립,false,36.31364952,127.5768474,elem,true,data.go.kr
B000024242,중앙초등학교,8000000,청주시,충청북도청주교육지원청,충청북도 청주시 청원구 율봉로 287,공립,false,36.66732799,127.500970,elem,true,data.go.kr
B000005280,증안초등학교,8000000,청주시,충청북도청주교육지원청,충청북도 청주시 흥덕구 진재로47번길 45,공립,false,36.63451478,127.4278234,elem,true,data.go.kr
B000005414,증약초등학교,8000000,옥천군,충청북도옥천교육지원청,충청북도 옥천군 군북면 옥천로 1006-22,공립,false,36.33441166,127.5234087,elem,true,data.go.kr
B000005469,증평초등학교,8000000,증평군,충청북도괴산증평교육지원청,충청북도 증평군 증평읍 광장로 152,공립,false,36.7833882,127.587377,elem,true,data.go.kr
B000005266,직지초등학교,8000000,청주시,충청북도청주교육지원청,충청북도 청주시 흥덕구 공단로99번길 22,공립,false,36.64007393,127.4377965,elem,true,data.go.kr
B000005439,진천삼수초등학교,8000000,진천군,충청북도진천교육지원청,충청북도 진천군 진천읍 중앙서3길 6,공립,false,36.85555244,127.441232,elem,true,data.go.kr
B000005438,진천상산초등학교,8000000,진천군,충청북도진천교육지원청,충청북도 진천군 진천읍 상산로 35,공립,false,36.85582389,127.4379815,elem,true,data.go.kr
B000024277,진천상신초등학교,8000000,진천군,충청북도진천교육지원청,충청북도 진천군 덕산읍 대월로 107,공립,false,36.90316345,127.5397686,elem,true,data.go.kr
B000005279,진흥초등학교,8000000,청주시,충청북도청주교육지원청,충청북도 청주시 흥덕구 증안로 107,공립,false,36.63603988,127.4347116,elem,true,data.go.kr
B000025912,창리초등학교,8000000,청주시,충청북도청주교육지원청,충청북도 청주시 청원구 오창읍 2산단2로 32,공립,false,36.73657707,127.4492132,elem,true,data.go.kr
B000005285,창신초등학교,8000000,청주시,충청북도청주교육지원청,충청북도 청주시 서원구 1순환로709번길 44,공립,false,36.6293144,127.4644388,elem,true,data.go.kr
B000005236,청남초등학교,8000000,청주시,충청북도청주교육지원청,충청북도 청주시 상당구 단재로 109,공립,false,36.6205119,127.4973891,elem,true,data.go.kr
B000005483,청룡초등학교,8000000,음성군,충청북도음성교육지원청,충청북도 음성군 삼성면 대청로 255-22,공립,false,37.00060002,127.4731028,elem,true,data.go.kr
B000005417,청산초등학교,8000000,옥천군,충청북도옥천교육지원청,충청북도 옥천군 청산면 지전길 36-19,공립,false,36.34593597,127.7935103,elem,true,data.go.kr
B000005418,청성초등학교,8000000,옥천군,충청북도옥천교육지원청,충청북도 옥천군 청성면 산계길 63,공립,false,36.32892767,127.7590953,elem,true,data.go.kr
B000005456,청안초등학교,8000000,괴산군,충청북도괴산증평교육지원청,충청북도 괴산군 청안면 청안읍내로3길 8,공립,false,36.77256037,127.6398176,elem,true,data.go.kr
B000023047,청원초등학교,8000000,청주시,충청북도청주교육지원청,충청북도 청주시 청원구 오창읍 과학산업3로 228,공립,false,36.7096008,127.430556,elem,true,data.go.kr
B000024282,청주교육대학교부설초등학교,8000000,청주시,충청북도청주교육지원청,충청북도 청주시 서원구 청남로 2067,국립,false,36.61740098,127.4852917,elem,true,data.go.kr
B000024400,청주내곡초등학교,8000000,청주시,충청북도청주교육지원청,충청북도 청주시 흥덕구 송화로214번길 30,공립,false,36.66686304,127.4568993,elem,true,data.go.kr
B000005246,청주내덕초등학교,8000000,청주시,충청북도청주교육지원청,충청북도 청주시 청원구 안덕벌로52번길 22-1,공립,false,36.65607588,127.4951203,elem,true,data.go.kr
B000005291,청주대성초등학교,8000000,청주시,충청북도청주교육지원청,충청북도 청주시 청원구 대성로300번길 34,사립,false,36.65403128,127.4897886,elem,true,data.go.kr
B000025583,청주소로초등학교,8000000,청주시,충청북도청주교육지원청,충청북도 청주시 흥덕구 옥산면 오송가락로 1020,공립,false,36.6726269,127.3902516,elem,true,data.go.kr
B000005458,청천초등학교,8000000,괴산군,충청북도괴산증평교육지원청,충청북도 괴산군 청천면 청천6길 10,공립,false,36.66091718,127.7370677,elem,true,data.go.kr
B000005351,청풍초등학교,8000000,제천시,충청북도제천교육지원청,충청북도 제천시 청풍면 청풍호로 2194,공립,false,36.99628126,128.1648122,elem,true,data.go.kr
B000005429,초강초등학교,8000000,영동군,충청북도영동교육지원청,충청북도 영동군 심천면 초강로 97,공립,false,36.21677234,127.7138238,elem,true,data.go.kr
B000005448,초평초등학교,8000000,진천군,충청북도진천교육지원청,충청북도 진천군 초평면 초동로 143,공립,false,36.84759282,127.5378317,elem,true,data.go.kr
B000005434,추풍령초등학교,8000000,영동군,충청북도영동교육지원청,충청북도 영동군 추풍령면 추풍령로2길 7,공립,false,36.21507951,127.9966215,elem,true,data.go.kr
B000023053,충주교현초등학교,8000000,충주시,충청북도충주교육지원청,충청북도 충주시 교동2길 15,공립,false,36.9741152,127.9374972,elem,true,data.go.kr
B000005299,충주금릉초등학교,8000000,충주시,충청북도충주교육지원청,충청북도 충주시 금봉대로 792,공립,false,36.99439631,127.9304338,elem,true,data.go.kr
B000022491,충주남산초등학교,8000000,충주시,충청북도충주교육지원청,충청북도 충주시 거룡2길 31,공립,false,36.96126707,127.9368349,elem,true,data.go.kr
B000025916,충주남한강초등학교,8000000,충주시,충청북도충주교육지원청,충청북도 충주시 호암수청2로 55,공립,false,36.95554435,127.9285806,elem,true,data.go.kr
B000022499,충주대림초등학교,8000000,충주시,충청북도충주교육지원청,충청북도 충주시 대림1길 28,공립,false,36.96913058,127.9180439,elem,true,data.go.kr
B000026220,충주대소원초등학교,8000000,충주시,충청북도충주교육지원청,충청북도 충주시 대소원면 첨단산업4로 48,공립,false,36.987973,127.8274071,elem,true,data.go.kr
B000022500,충주삼원초등학교,8000000,충주시,충청북도충주교육지원청,충청북도 충주시 삼원로 128,공립,false,36.97600427,127.9243149,elem,true,data.go.kr
B000022501,충주성남초등학교,8000000,충주시,충청북도충주교육지원청,충청북도 충주시 염밭로 101,공립,false,36.96628376,127.9415148,elem,true,data.go.kr
B000023060,충주예성초등학교,8000000,충주시,충청북도충주교육지원청,충청북도 충주시 주봉1길 25,공립,false,36.97927557,127.9328708,elem,true,data.go.kr
B000022498,충주용산초등학교,8000000,충주시,충청북도충주교육지원청,충청북도 충주시 남산로 109,공립,false,36.96227839,127.9445948,elem,true,data.go.kr
B000022490,충주중앙초등학교,8000000,충주시,충청북도충주교육지원청,충청북도 충주시 연원5길 19,공립,false,36.98420403,127.9303592,elem,true,data.go.kr
B000026224,충주중앙탑초등학교,8000000,충주시,충청북도충주교육지원청,충청북도 충주시 중앙탑면 원앙4길 52,공립,false,37.0155281,127.8306967,elem,true,data.go.kr
B000005298,칠금초등학교,8000000,충주시,충청북도충주교육지원청,충청북도 충주시 칠금18길 21,공립,false,36.98420146,127.9238586,elem,true,data.go.kr
B000005461,칠성초등학교,8000000,괴산군,충청북도괴산증평교육지원청,충청북도 괴산군 칠성면 칠성로 26,공립,false,36.78564178,127.8623577,elem,true,data.go.kr
B000005309,탄금초등학교,8000000,충주시,충청북도충주교육지원청,충청북도 충주시 우륵로 55,공립,false,36.98408373,127.9177437,elem,true,data.go.kr
B000005396,탄부초등학교,8000000,보은군,충청북도보은교육지원청,충청북도 보은군 탄부면 덕동벽지길 13,공립,false,36.42534452,127.776841,elem,true,data.go.kr
B000005394,판동초등학교,8000000,보은군,충청북도보은교육지원청,충청북도 보은군 삼승면 삼승탄부로 78-15,공립,false,36.39861225,127.7413857,elem,true,data.go.kr
B000005395,판동초등학교송죽분교장,8000000,보은군,충청북도보은교육지원청,충청북도 보은군 삼승면 남부로 3927,공립,false,36.43797955,127.7343861,elem,true,data.go.kr
B000005473,평곡초등학교,8000000,음성군,충청북도음성교육지원청,충청북도 음성군 음성읍 약현길 8,공립,false,36.92907901,127.7012263,elem,true,data.go.kr
B000005271,풍광초등학교,8000000,청주시,충청북도청주교육지원청,충청북도 청주시 흥덕구 풍산로47번길 58,공립,false,36.62986002,127.4352559,elem,true,data.go.kr
B000005490,하당초등학교,8000000,음성군,충청북도음성교육지원청,충청북도 음성군 원남면 하초로 35-4,공립,false,36.90702643,127.6792232,elem,true,data.go.kr
B000005427,학산초등학교,8000000,영동군,충청북도영동교육지원청,충청북도 영동군 학산면 서산동길 12-9,공립,false,36.09151431,127.6869653,elem,true,data.go.kr
B000005443,학성초등학교,8000000,진천군,충청북도진천교육지원청,충청북도 진천군 이월면 진광로 398,공립,false,36.89984415,127.4432668,elem,true,data.go.kr
B000005362,한국교원대학교부설월곡초등학교,8000000,청주시,충청북도청주교육지원청,충청북도 청주시 흥덕구 강내면 가로수로 562,국립,false,36.62329394,127.3623674,elem,true,data.go.kr
B000005284,한벌초등학교,8000000,청주시,충청북도청주교육지원청,충청북도 청주시 서원구 흥덕로 16,공립,false,36.63706729,127.4747302,elem,true,data.go.kr
B000005286,한솔초등학교,8000000,청주시,충청북도청주교육지원청,충청북도 청주시 서원구 구룡산로 291,공립,false,36.6187563,127.4759927,elem,true,data.go.kr
B000005355,한송초등학교,8000000,제천시,충청북도제천교육지원청,충청북도 제천시 한수면 미륵송계로6길 12,공립,false,36.88300948,128.0800468,elem,true,data.go.kr
B000005447,한천초등학교,8000000,진천군,충청북도진천교육지원청,충청북도 진천군 덕산읍 초금로 687-2,공립,false,36.90693407,127.5078988,elem,true,data.go.kr
B000005371,행정초등학교,8000000,청주시,충청북도청주교육지원청,충청북도 청주시 상당구 가덕면 상장인차로 277,공립,false,36.53667287,127.5319474,elem,true,data.go.kr
B000005365,현도초등학교,8000000,청주시,충청북도청주교육지원청,충청북도 청주시 서원구 현도면 청남로 248,공립,false,36.47678281,127.4271052,elem,true,data.go.kr
B000005336,홍광초등학교,8000000,제천시,충청북도제천교육지원청,충청북도 제천시 의림대로44길 51,공립,false,37.16518047,128.2156442,elem,true,data.go.kr
B000005356,화당초등학교,8000000,제천시,충청북도제천교육지원청,충청북도 제천시 백운면 화당로 33,공립,false,37.16919905,127.9872451,elem,true,data.go.kr
B000005338,화산초등학교,8000000,제천시,충청북도제천교육지원청,충청북도 제천시 내토로41길 18,공립,false,37.12982691,128.2134631,elem,true,data.go.kr
B000005431,황간초등학교,8000000,영동군,충청북도영동교육지원청,충청북도 영동군 황간면 남성1길 25,공립,false,36.22659358,127.9127685,elem,true,data.go.kr
B000005404,회남초등학교,8000000,보은군,충청북도보은교육지원청,충청북도 보은군 회남면 회남로 1901-1,공립,false,36.44621017,127.5797755,elem,true,data.go.kr
B000005402,회인초등학교,8000000,보은군,충청북도보은교육지원청,충청북도 보은군 회인면 회인로1길 10-8,공립,false,36.49204093,127.5954902,elem,true,data.go.kr
B000005289,흥덕초등학교,8000000,청주시,충청북도청주교육지원청,충청북도 청주시 흥덕구 흥덕로 121,공립,false,36.64563419,127.4737553,elem,true,data.go.kr
B000005847,가남초등학교,8140000,청양군,충청남도청양교육지원청,충청남도 청양군 비봉면 충절로 1962-7,공립,false,36.51658243,126.7888904,elem,true,data.go.kr
B000005711,가사초등학교,8140000,서산시,충청남도서산교육지원청,충청남도 서산시 부석면 강경벌로 478,공립,false,36.75264082,126.3723301,elem,true,data.go.kr
B000022937,가야곡초등학교,8140000,논산시,충청남도논산계룡교육지원청,충청남도 논산시 가야곡면 덕은로 160,공립,false,36.14401067,127.1683998,elem,true,data.go.kr
B000005868,갈산초등학교,8140000,홍성군,충청남도홍성교육지원청,충청남도 홍성군 갈산면 갈산로 135,공립,false,36.60252317,126.5536653,elem,true,data.go.kr
B000022961,감곡초등학교,8140000,논산시,충청남도논산계룡교육지원청,충청남도 논산시 부적면 계백로 1676-26,공립,false,36.21028799,127.160577,elem,true,data.go.kr
B000022943,강경산양초등학교,8140000,논산시,충청남도논산계룡교육지원청,충청남도 논산시 강경읍 산양길 45,공립,false,36.14707753,127.0214206,elem,true,data.go.kr
B000022944,강경중앙초등학교,8140000,논산시,충청남도논산계룡교육지원청,충청남도 논산시 강경읍 옥녀봉로 8,공립,false,36.15978291,127.0191412,elem,true,data.go.kr
B000022942,강경황산초등학교,8140000,논산시,충청남도논산계룡교육지원청,충청남도 논산시 강경읍 대흥로34번길 5,공립,false,36.15776647,127.0127505,elem,true,data.go.kr
B000005712,강당초등학교,8140000,서산시,충청남도서산교육지원청,충청남도 서산시 부석면 인정로 183,공립,false,36.66171742,126.4017836,elem,true,data.go.kr
B000005639,개화초등학교,8140000,보령시,충청남도보령교육지원청,충청남도 보령시 성주면 성주산로 735,공립,false,36.30679749,126.6542039,elem,true,data.go.kr
B000005685,거산초등학교,8140000,아산시,충청남도아산교육지원청,충청남도 아산시 송악면 외암로 460,공립,false,36.69191811,126.9898673,elem,true,data.go.kr
B000005871,결성초등학교,8140000,홍성군,충청남도홍성교육지원청,충청남도 홍성군 결성면 홍남서로738번길 30,공립,false,36.52465416,126.5440628,elem,true,data.go.kr
B000005596,경천초등학교,8140000,공주시,충청남도공주교육지원청,충청남도 공주시 계룡면 신원사로 112,공립,false,36.32448999,127.1496592,elem,true,data.go.kr
B000026753,계룡대실초등학교,8140000,계룡시,충청남도논산계룡교육지원청,충청남도 계룡시 두마면 대실남북로 113,공립,false,36.26093216,127.2561418,elem,true,data.go.kr
B000005597,계룡초등학교,8140000,공주시,충청남도공주교육지원청,충청남도 공주시 계룡면 영규대사로 459,공립,false,36.35800965,127.1417953,elem,true,data.go.kr
B000005926,계성초등학교,8140000,당진시,충청남도당진교육지원청,충청남도 당진시 당진중앙1로 290,공립,false,36.89847725,126.6392846,elem,true,data.go.kr
B000005918,고남초등학교,8140000,태안군,충청남도태안교육지원청,충청남도 태안군 고남면 안면대로 4189,공립,false,36.42644407,126.4042788,elem,true,data.go.kr
B000005943,고대초등학교,8140000,당진시,충청남도당진교육지원청,충청남도 당진시 고대면 고대로 206,공립,false,36.93634843,126.5939222,elem,true,data.go.kr
B000005896,고덕초등학교,8140000,예산군,충청남도예산교육지원청,충청남도 예산군 고덕면 황금뜰로 203,공립,false,36.74817429,126.7027689,elem,true,data.go.kr
B000005700,고북초등학교,8140000,서산시,충청남도서산교육지원청,충청남도 서산시 고북면 고북3로 19,공립,false,36.66739341,126.5297944,elem,true,data.go.kr
B000005942,고산초등학교,8140000,당진시,충청남도당진교육지원청,충청남도 당진시 고대면 서집들길 55,공립,false,36.95731451,126.5727152,elem,true,data.go.kr
B000005584,공주교동초등학교,8140000,공주시,충청남도공주교육지원청,충청남도 공주시 용당길 69-6,공립,false,36.46024304,127.1169204,elem,true,data.go.kr
B000005580,공주교육대학교부설초등학교,8140000,공주시,충청남도공주교육지원청,충청남도 공주시 하선길 47,국립,false,36.44162064,127.1177911,elem,true,data.go.kr
B000005583,공주금학초등학교,8140000,공주시,충청남도공주교육지원청,충청남도 공주시 공주고담길 19,공립,false,36.44777116,127.1250397,elem,true,data.go.kr
B000005582,공주봉황초등학교,8140000,공주시,충청남도공주교육지원청,충청남도 공주시 오거리길 5,공립,false,36.44976819,127.1207384,elem,true,data.go.kr
B000005587,공주신월초등학교,8140000,공주시,충청남도공주교육지원청,충청남도 공주시 번영1로 193,공립,false,36.47323734,127.1490393,elem,true,data.go.kr
B000005581,공주중동초등학교,8140000,공주시,충청남도공주교육지원청,충청남도 공주시 웅진로 146-5,공립,false,36.45417852,127.1251343,elem,true,data.go.kr
B000005620,관당초등학교,8140000,보령시,충청남도보령교육지원청,충청남도 보령시 웅천읍 무창포로 309,공립,false,36.24624557,126.5579522,elem,true,data.go.kr
B000005676,관대초등학교,8140000,아산시,충청남도아산교육지원청,충청남도 아산시 둔포면 산전길 19,공립,false,36.8984738,127.0369043,elem,true,data.go.kr
B000005631,관창초등학교,8140000,보령시,충청남도보령교육지원청,충청남도 보령시 주교면 한술1길 17,공립,false,36.38538759,126.5833631,elem,true,data.go.kr
B000005576,광덕초등학교,8140000,천안시,충청남도천안교육지원청,충청남도 천안시 동남구 광덕면 신흥리3길 36,공립,false,36.69846774,127.1101358,elem,true,data.go.kr
B000005633,광명초등학교,8140000,보령시,충청남도보령교육지원청,충청남도 보령시 오천면 원산도3길 151-11,공립,false,36.37142647,126.431173,elem,true,data.go.kr
B000022949,광석초등학교,8140000,논산시,충청남도논산계룡교육지원청,충청남도 논산시 광석면 사계로 451,공립,false,36.24358508,127.0805771,elem,true,data.go.kr
B000005854,광천초등학교,8140000,홍성군,충청남도홍성교육지원청,충청남도 홍성군 광천읍 홍남로705번길 16,공립,false,36.50655301,126.6285811,elem,true,data.go.kr
B000005802,구룡초등학교,8140000,부여군,충청남도부여교육지원청,충청남도 부여군 구룡면 태양로 25,공립,false,36.25363816,126.8131023,elem,true,data.go.kr
B000005895,구만초등학교,8140000,예산군,충청남도예산교육지원청,충청남도 예산군 고덕면 구만윗뜸길 27,공립,false,36.73310028,126.7326603,elem,true,data.go.kr
B000005589,구산초등학교,8140000,공주시,충청남도공주교육지원청,충청남도 공주시 유구읍 유구마곡사로 61-1,공립,false,36.55192605,126.9578623,elem,true,data.go.kr
B000022981,구자곡초등학교,8140000,논산시,충청남도논산계룡교육지원청,충청남도 논산시 연무읍 연무로 369,공립,false,36.12210382,127.1172147,elem,true,data.go.kr
B000005865,구항초등학교,8140000,홍성군,충청남도홍성교육지원청,충청남도 홍성군 구항면 구성남로 928,공립,false,36.58368735,126.607446,elem,true,data.go.kr
B000005724,군북초등학교,8140000,금산군,충청남도금산교육지원청,충청남도 금산군 군북면 군북로 714,공립,false,36.16757788,127.5273939,elem,true,data.go.kr
B000005795,궁남초등학교,8140000,부여군,충청남도부여교육지원청,충청남도 부여군 부여읍 계백로 238-6,공립,false,36.27514763,126.9058786,elem,true,data.go.kr
B000005601,귀산초등학교,8140000,공주시,충청남도공주교육지원청,충청남도 공주시 우성면 귀산길 81-15,공립,false,36.49997011,127.1130512,elem,true,data.go.kr
B000005799,규암초등학교,8140000,부여군,충청남도부여교육지원청,충청남도 부여군 규암면 계백로 3,공립,false,36.27571146,126.8807696,elem,true,data.go.kr
B000005915,근흥초등학교,8140000,태안군,충청남도태안교육지원청,충청남도 태안군 근흥면 근흥로 716-8,공립,false,36.71455657,126.2278942,elem,true,data.go.kr
B000005664,금곡초등학교,8140000,아산시,충청남도아산교육지원청,충청남도 아산시 배방읍 고불로 563-4,공립,false,36.75001577,127.0406113,elem,true,data.go.kr
B000005860,금당초등학교,8140000,홍성군,충청남도홍성교육지원청,충청남도 홍성군 홍동면 초롱산길 9,공립,false,36.56855942,126.7244302,elem,true,data.go.kr
B000005861,금마초등학교,8140000,홍성군,충청남도홍성교육지원청,충청남도 홍성군 금마면 광금북로 484,공립,false,36.61406155,126.7320903,elem,true,data.go.kr
B000005721,금산동초등학교,8140000,금산군,충청남도금산교육지원청,충청남도 금산군 금산읍 후곤천길 145,공립,false,36.10406962,127.4985449,elem,true,data.go.kr
B000005719,금산중앙초등학교,8140000,금산군,충청남도금산교육지원청,충청남도 금산군 금산읍 금산로 1427,공립,false,36.10074274,127.486372,elem,true,data.go.kr
B000005720,금산초등학교,8140000,금산군,충청남도금산교육지원청,충청남도 금산군 금산읍 인삼로 69,공립,false,36.10379297,127.4899096,elem,true,data.go.kr
B000005669,금성초등학교,8140000,아산시,충청남도아산교육지원청,충청남도 아산시 인주면 인주로 129,공립,false,36.84466242,126.8797723,elem,true,data.go.kr
B000005728,금성초등학교,8140000,금산군,충청남도금산교육지원청,충청남도 금산군 금성면 진산로 370,공립,false,36.1309473,127.4540942,elem,true,data.go.kr
B000005734,금성초등학교금계분교장,8140000,금산군,충청남도금산교육지원청,충청남도 금산군 금성면 어필각로 448,공립,true,36.16120393,127.4794103,elem,true,data.go.kr
B000022935,금암초등학교,8140000,계룡시,충청남도논산계룡교육지원청,충청남도 계룡시 장안로 104,공립,false,36.27086541,127.2458223,elem,true,data.go.kr
B000005876,금오초등학교,8140000,예산군,충청남도예산교육지원청,충청남도 예산군 예산읍 역전로134번길 40,공립,false,36.69039625,126.8335947,elem,true,data.go.kr
B000005826,기산초등학교,8140000,서천군,충청남도서천교육지원청,충청남도 서천군 기산면 기산길 107,공립,false,36.07441487,126.7676001,elem,true,data.go.kr
B000005929,기지초등학교,8140000,당진시,충청남도당진교육지원청,충청남도 당진시 송악읍 반촌로 84-3,공립,false,36.90209392,126.6937158,elem,true,data.go.kr
B000005916,남면초등학교,8140000,태안군,충청남도태안교육지원청,충청남도 태안군 남면 남면로 125,공립,false,36.67354349,126.3001728,elem,true,data.go.kr
B000005844,남양초등학교,8140000,청양군,충청남도청양교육지원청,충청남도 청양군 남양면 구용길 324,공립,false,36.40133943,126.776955,elem,true,data.go.kr
B000005727,남이초등학교,8140000,금산군,충청남도금산교육지원청,충청남도 금산군 남이면 진악로 51,공립,false,36.05079361,127.4366644,elem,true,data.go.kr
B000005726,남일초등학교,8140000,금산군,충청남도금산교육지원청,충청남도 금산군 남일면 봉황로 83,공립,false,36.04352247,127.5029095,elem,true,data.go.kr
B000005677,남창초등학교,8140000,아산시,충청남도아산교육지원청,충청남도 아산시 둔포면 신남북길 16,공립,false,36.92089087,127.0012655,elem,true,data.go.kr
B000005629,남포초등학교,8140000,보령시,충청남도보령교육지원청,충청남도 보령시 남포면 읍성향교길 21,공립,false,36.30505159,126.6095589,elem,true,data.go.kr
B000005808,내산초등학교,8140000,부여군,충청남도부여교육지원청,충청남도 부여군 내산면 성충로 906,공립,false,36.28189932,126.7766005,elem,true,data.go.kr
B000026554,내포초등학교,8140000,홍성군,충청남도홍성교육지원청,충청남도 홍성군 홍북읍 홍학로 38,공립,false,36.64904763,126.6707364,elem,true,data.go.kr
B000022953,노성초등학교,8140000,논산시,충청남도논산계룡교육지원청,충청남도 논산시 노성면 노성로507번길 11,공립,false,36.27794807,127.1209918,elem,true,data.go.kr
B000022997,논산내동초등학교,8140000,논산시,충청남도논산계룡교육지원청,충청남도 논산시 중앙로 192,공립,false,36.18600923,127.1040798,elem,true,data.go.kr
B000022946,논산동성초등학교,8140000,논산시,충청남도논산계룡교육지원청,충청남도 논산시 관촉로 263,공립,false,36.20350225,127.0924082,elem,true,data.go.kr
B000005755,논산반월초등학교,8140000,논산시,충청남도논산계룡교육지원청,충청남도 논산시 해월로 148,공립,false,36.20380803,127.0839721,elem,true,data.go.kr
B000022972,논산부창초등학교,8140000,논산시,충청남도논산계룡교육지원청,충청남도 논산시 시민로397번길 10,공립,false,36.20007522,127.0848934,elem,true,data.go.kr
B000022957,논산중앙초등학교,8140000,논산시,충청남도논산계룡교육지원청,충청남도 논산시 논산대로 269-10,공립,false,36.19098204,127.0916705,elem,true,data.go.kr
B000005939,당산초등학교,8140000,당진시,충청남도당진교육지원청,충청남도 당진시 송산면 당산2로 185,공립,false,36.93625546,126.6500418,elem,true,data.go.kr
B000005925,당진초등학교,8140000,당진시,충청남도당진교육지원청,충청남도 당진시 교동길 106,공립,false,36.89181359,126.6334616,elem,true,data.go.kr
B000005614,대관초등학교,8140000,보령시,충청남도보령교육지원청,충청남도 보령시 대관초등길 97,공립,false,36.35734587,126.5848642,elem,true,data.go.kr
B000005907,대기초등학교,8140000,태안군,충청남도태안교육지원청,충청남도 태안군 원북면 대기길 12-21,공립,false,36.8004952,126.2567406,elem,true,data.go.kr
B000005612,대남초등학교,8140000,보령시,충청남도보령교육지원청,충청남도 보령시 남대천로 22,공립,false,36.35189113,126.5938495,elem,true,data.go.kr
B000024004,대덕초등학교,8140000,당진시,충청남도당진교육지원청,충청남도 당진시 대덕1로 80,공립,false,36.88280457,126.6397174,elem,true,data.go.kr
B000005699,대산초등학교,8140000,서산시,충청남도서산교육지원청,충청남도 서산시 대산읍 구진로 40-5,공립,false,36.940215,126.4349309,elem,true,data.go.kr
B000005883,대술초등학교,8140000,예산군,충청남도예산교육지원청,충청남도 예산군 대술면 원농리길 12,공립,false,36.65667977,126.8960835,elem,true,data.go.kr
B000005794,대왕초등학교,8140000,부여군,충청남도부여교육지원청,충청남도 부여군 부여읍 금성로 150,공립,false,36.26892595,126.9275871,elem,true,data.go.kr
B000005866,대정초등학교,8140000,홍성군,충청남도홍성교육지원청,충청남도 홍성군 구항면 거북로 20,공립,false,36.54760196,126.637663,elem,true,data.go.kr
B000005621,대창초등학교,8140000,보령시,충청남도보령교육지원청,충청남도 보령시 웅천읍 방축길 90-43,공립,false,36.23189462,126.6060206,elem,true,data.go.kr
B000005616,대천동대초등학교,8140000,보령시,충청남도보령교육지원청,충청남도 보령시 한내로터리길 137-12,공립,false,36.35252052,126.6145713,elem,true,data.go.kr
B000005615,대천초등학교,8140000,보령시,충청남도보령교육지원청,충청남도 보령시 대천로 59,공립,false,36.35411552,126.6006772,elem,true,data.go.kr
B000005555,대홍초등학교,8140000,천안시,충청남도천안교육지원청,충청남도 천안시 서북구 성환읍 잠실길 4,공립,false,36.94919431,127.146516,elem,true,data.go.kr
B000005887,대흥초등학교,8140000,예산군,충청남도예산교육지원청,충청남도 예산군 대흥면 의좋은형제길 16,공립,false,36.60754788,126.7898866,elem,true,data.go.kr
B000005894,덕산초등학교,8140000,예산군,충청남도예산교육지원청,충청남도 예산군 덕산면 봉운로 38,공립,false,36.70611057,126.668446,elem,true,data.go.kr
B000005611,덕암초등학교,8140000,공주시,충청남도공주교육지원청,충청남도 공주시 유구읍 금계산로 943,공립,false,36.63032479,126.970008,elem,true,data.go.kr
B000005683,도고온천초등학교,8140000,아산시,충청남도아산교육지원청,충청남도 아산시 도고면 도고면로 73,공립,false,36.7576106,126.8754528,elem,true,data.go.kr
B000005682,도고초등학교,8140000,아산시,충청남도아산교육지원청,충청남도 아산시 도고면 도고산로 598,공립,false,36.74654967,126.8988007,elem,true,data.go.kr
B000022968,도산초등학교,8140000,논산시,충청남도논산계룡교육지원청,충청남도 논산시 벌곡면 수락로 23,공립,false,36.16170232,127.3156484,elem,true,data.go.kr
B000005550,도장초등학교,8140000,천안시,충청남도천안교육지원청,충청남도 천안시 동남구 목천읍 도장1길 73,공립,false,36.74741778,127.1803506,elem,true,data.go.kr
B000005556,도하초등학교,8140000,천안시,충청남도천안교육지원청,충청남도 천안시 서북구 성환읍 연암로 382,공립,false,36.94878658,127.1668847,elem,true,data.go.kr
B000005671,동덕초등학교,8140000,아산시,충청남도아산교육지원청,충청남도 아산시 탕정면 탕정면로 381,공립,false,36.82086735,127.0842567,elem,true,data.go.kr
B000005706,동암초등학교,8140000,서산시,충청남도서산교육지원청,충청남도 서산시 음암면 동암마을길 14-3,공립,false,36.7624768,126.5116865,elem,true,data.go.kr
B000022923,두마초등학교,8140000,계룡시,충청남도논산계룡교육지원청,충청남도 계룡시 두마면 팥거리로 160,공립,false,36.2696785,127.2695559,elem,true,data.go.kr
B000005675,둔포초등학교,8140000,아산시,충청남도아산교육지원청,충청남도 아산시 둔포면 둔포중앙로161번길 7,공립,false,36.92723184,127.0388142,elem,true,data.go.kr
B000005605,마곡초등학교,8140000,공주시,충청남도공주교육지원청,충청남도 공주시 사곡면 운정길 29-10,공립,false,36.55895547,127.0177427,elem,true,data.go.kr
B000005823,마동초등학교,8140000,서천군,충청남도서천교육지원청,충청남도 서천군 마서면 원송로 229,공립,false,36.02493256,126.7144149,elem,true,data.go.kr
B000005829,마산초등학교,8140000,서천군,충청남도서천교육지원청,충청남도 서천군 마산면 삼일로 327,공립,false,36.12106798,126.7946442,elem,true,data.go.kr
B000026680,면천초등학교,8140000,당진시,충청남도당진교육지원청,충청남도 당진시 면천면 면천서문1길 33,공립,false,36.8178116,126.6626079,elem,true,data.go.kr
B000005698,명지초등학교,8140000,서산시,충청남도서산교육지원청,충청남도 서산시 대산읍 명지3로 25,공립,false,36.97168634,126.4100648,elem,true,data.go.kr
B000005613,명천초등학교,8140000,보령시,충청남도보령교육지원청,충청남도 보령시 주공로 119,공립,false,36.33876235,126.6112956,elem,true,data.go.kr
B000005662,모산초등학교,8140000,아산시,충청남도아산교육지원청,충청남도 아산시 배방읍 배방로 58-52,공립,false,36.76944617,127.0519061,elem,true,data.go.kr
B000005910,모항초등학교,8140000,태안군,충청남도태안교육지원청,충청남도 태안군 소원면 모항파도로 116,공립,false,36.77312142,126.1398756,elem,true,data.go.kr
B000005845,목면초등학교,8140000,청양군,충청남도청양교육지원청,충청남도 청양군 목면 철마장길 27,공립,false,36.42152913,127.0041989,elem,true,data.go.kr
B000005549,목천초등학교,8140000,천안시,충청남도천안교육지원청,충청남도 천안시 동남구 목천읍 서리2길 31,공립,false,36.78791236,127.2357226,elem,true,data.go.kr
B000005634,미산초등학교,8140000,보령시,충청남도보령교육지원청,충청남도 보령시 미산면 판미로 1462-7,공립,false,36.28886989,126.6770858,elem,true,data.go.kr
B000005572,미죽초등학교,8140000,천안시,충청남도천안교육지원청,충청남도 천안시 동남구 풍세면 미죽2길 7,공립,false,36.73782757,127.1504944,elem,true,data.go.kr
B000022977,반곡초등학교,8140000,논산시,충청남도논산계룡교육지원청,충청남도 논산시 양촌면 황산벌로1126번길 5,공립,false,36.18283686,127.2055143,elem,true,data.go.kr
B000005608,반포초등학교,8140000,공주시,충청남도공주교육지원청,충청남도 공주시 반포면 반포초교길 97,공립,false,36.3996797,127.2450046,elem,true,data.go.kr
B000005904,방포초등학교,8140000,태안군,충청남도태안교육지원청,충청남도 태안군 안면읍 꽃지해안로 519,공립,false,36.50683663,126.3474688,elem,true,data.go.kr
B000005660,배방초등학교,8140000,아산시,충청남도아산교육지원청,충청남도 아산시 배방읍 북수로25번길 11,공립,false,36.77101185,127.0629455,elem,true,data.go.kr
B000005862,배양초등학교,8140000,홍성군,충청남도홍성교육지원청,충청남도 홍성군 금마면 금마로 23-24,공립,false,36.61442669,126.7088497,elem,true,data.go.kr
B000005798,백강초등학교,8140000,부여군,충청남도부여교육지원청,충청남도 부여군 규암면 백제문로251번길 20,공립,false,36.29607579,126.8910189,elem,true,data.go.kr
B000022991,백석초등학교,8140000,논산시,충청남도논산계룡교육지원청,충청남도 논산시 연산면 선비로 726,공립,false,36.2473222,127.1795713,elem,true,data.go.kr
B000005796,백제초등학교,8140000,부여군,충청남도부여교육지원청,충청남도 부여군 부여읍 계백로 321,공립,false,36.27794156,126.9151036,elem,true,data.go.kr
B000005902,백화초등학교,8140000,태안군,충청남도태안교육지원청,충청남도 태안군 태안읍 다락미1길 85,공립,false,36.75287062,126.3083724,elem,true,data.go.kr
B000022960,벌곡초등학교,8140000,논산시,충청남도논산계룡교육지원청,충청남도 논산시 벌곡면 대둔로 821-8,공립,false,36.20813241,127.2661165,elem,true,data.go.kr
B000005567,병천초등학교,8140000,천안시,충청남도천안교육지원청,충청남도 천안시 동남구 병천면 병천2로 35,공립,false,36.76627256,127.3013196,elem,true,data.go.kr
B000005575,보산원초등학교,8140000,천안시,충청남도천안교육지원청,충청남도 천안시 동남구 광덕면 보산원2길 33,공립,false,36.68573333,127.0763129,elem,true,data.go.kr
B000024007,보성초등학교,8140000,예산군,충청남도예산교육지원청,충청남도 예산군 삽교읍 예학로 127,공립,false,36.66717761,126.6810228,elem,true,data.go.kr
B000005729,복수초등학교,8140000,금산군,충청남도금산교육지원청,충청남도 금산군 복수면 복수로 137,공립,false,36.16619225,127.397808,elem,true,data.go.kr
B000005898,봉산초등학교,8140000,예산군,충청남도예산교육지원청,충청남도 예산군 봉산면 봉산로 369-10,공립,false,36.74898947,126.6803486,elem,true,data.go.kr
B000005830,부내초등학교,8140000,서천군,충청남도서천교육지원청,충청남도 서천군 종천면 충서로363번길 23-1,공립,false,36.10261833,126.646760,elem,true,data.go.kr
B000005725,부리초등학교,8140000,금산군,충청남도금산교육지원청,충청남도 금산군 부리면 현내로 81,공립,false,36.06245438,127.5550295,elem,true,data.go.kr
B000005713,부석초등학교,8140000,서산시,충청남도서산교육지원청,충청남도 서산시 부석면 취평2길 37-6,공립,false,36.71699797,126.3923519,elem,true,data.go.kr
B000005717,부석초등학교간월도분교장,8140000,서산시,충청남도서산교육지원청,충청남도 서산시 부석면 간월달발길 57,공립,true,36.61046955,126.4192714,elem,true,data.go.kr
B000005708,부성초등학교,8140000,서산시,충청남도서산교육지원청,충청남도 서산시 지곡면 화천1로 83,공립,false,36.86502688,126.4362635,elem,true,data.go.kr
B000005797,부여초등학교,8140000,부여군,충청남도부여교육지원청,충청남도 부여군 부여읍 부소로 105-10,공립,false,36.28576814,126.9229518,elem,true,data.go.kr
B000022962,부적초등학교,8140000,논산시,충청남도논산계룡교육지원청,충청남도 논산시 부적면 남마구평길 70,공립,false,36.2120138,127.1365395,elem,true,data.go.kr
B000005693,부춘초등학교,8140000,서산시,충청남도서산교육지원청,충청남도 서산시 양유정3로 9,공립,false,36.77942889,126.4456225,elem,true,data.go.kr
B000005952,북창초등학교,8140000,당진시,충청남도당진교육지원청,충청남도 당진시 순성면 붉은재길 68,공립,false,36.85027732,126.7643702,elem,true,data.go.kr
B000005831,비인초등학교,8140000,서천군,충청남도서천교육지원청,충청남도 서천군 비인면 비인로 192,공립,false,36.14244436,126.6020313,elem,true,data.go.kr
B000030723,산동초등학교,8140000,아산시,충청남도아산교육지원청,충청남도 아산시 음봉면 산동희망로 10,공립,false,36.84638359,127.1043985,elem,true,data.go.kr
B000005944,삼봉초등학교,8140000,당진시,충청남도당진교육지원청,충청남도 당진시 석문면 대호만로 1722-1,공립,false,37.01333046,126.539239,elem,true,data.go.kr
B000005956,삼봉초등학교난지분교장,8140000,당진시,충청남도당진교육지원청,충청남도 당진시 석문면 난지1길 155,공립,true,37.04854328,126.4333797,elem,true,data.go.kr
B000005917,삼성초등학교,8140000,태안군,충청남도태안교육지원청,충청남도 태안군 남면 마검포길 93-1,공립,false,36.62215406,126.3116312,elem,true,data.go.kr
B000005562,삼은초등학교,8140000,천안시,충청남도천안교육지원청,충청남도 천안시 서북구 직산읍 삼은2길 11,공립,false,36.87800639,127.1484453,elem,true,data.go.kr
B000005880,삽교초등학교,8140000,예산군,충청남도예산교육지원청,충청남도 예산군 삽교읍 삽교로4길 26,공립,false,36.68900678,126.7433539,elem,true,data.go.kr
B000005735,상곡초등학교,8140000,금산군,충청남도금산교육지원청,충청남도 금산군 군북면 상곡길 34,공립,false,36.20631913,127.5712904,elem,true,data.go.kr
B000005932,상록초등학교,8140000,당진시,충청남도당진교육지원청,충청남도 당진시 송악읍 송악로 1024,공립,false,36.95857344,126.7697651,elem,true,data.go.kr
B000005602,상서초등학교,8140000,공주시,충청남도공주교육지원청,충청남도 공주시 우성면 우성길 137-37,공립,false,36.4794569,127.0782396,elem,true,data.go.kr
B000022965,상월초등학교,8140000,논산시,충청남도논산계룡교육지원청,충청남도 논산시 상월면 백일헌로 1025-13,공립,false,36.29382786,127.139977,elem,true,data.go.kr
B000005833,서도초등학교,8140000,서천군,충청남도서천교육지원청,충청남도 서천군 서면 공암남촌길31번길 33,공립,false,36.1527577,126.5206567,elem,true,data.go.kr
B000005690,서동초등학교,8140000,서산시,충청남도서산교육지원청,충청남도 서산시 쌍연남1로 19-5,공립,false,36.78376295,126.4675228,elem,true,data.go.kr
B000005687,서령초등학교,8140000,서산시,충청남도서산교육지원청,충청남도 서산시 남부순환로 749,공립,false,36.74421665,126.4470036,elem,true,data.go.kr
B000005688,서림초등학교,8140000,서산시,충청남도서산교육지원청,충청남도 서산시 덕지천로 104,공립,false,36.76782027,126.4602697,elem,true,data.go.kr
B000005832,서면초등학교,8140000,서천군,충청남도서천교육지원청,충청남도 서천군 서면 선합장길 15,공립,false,36.15384185,126.5555658,elem,true,data.go.kr
B000005870,서부초등학교,8140000,홍성군,충청남도홍성교육지원청,충청남도 홍성군 서부면 서부로 505,공립,false,36.57924376,126.5107505,elem,true,data.go.kr
B000005697,서산대진초등학교,8140000,서산시,충청남도서산교육지원청,충청남도 서산시 대산읍 기은아섬길 16,공립,false,36.97758254,126.3844579,elem,true,data.go.kr
B000005691,서산동문초등학교,8140000,서산시,충청남도서산교육지원청,충청남도 서산시 쌍연북2로 31,공립,false,36.78819285,126.4665339,elem,true,data.go.kr
B000023749,서산서남초등학교,8140000,서산시,충청남도서산교육지원청,충청남도 서산시 예천2로 19,공립,false,36.77034719,126.4449211,elem,true,data.go.kr
B000005696,서산석림초등학교,8140000,서산시,충청남도서산교육지원청,충청남도 서산시 동서1로 41-6,공립,false,36.76987632,126.4653595,elem,true,data.go.kr
B000005695,서산예천초등학교,8140000,서산시,충청남도서산교육지원청,충청남도 서산시 예천1로 3-21,공립,false,36.76996604,126.4497409,elem,true,data.go.kr
B000005692,서산초등학교,8140000,서산시,충청남도서산교육지원청,충청남도 서산시 중앙로 38-1,공립,false,36.78007112,126.4553808,elem,true,data.go.kr
B000005936,서정초등학교,8140000,당진시,충청남도당진교육지원청,충청남도 당진시 신평면 거산3거리길 28-1,공립,false,36.88036049,126.7553747,elem,true,data.go.kr
B000005818,서천초등학교,8140000,서천군,충청남도서천교육지원청,충청남도 서천군 서천읍 서천로98번길 5,공립,false,36.07853356,126.6877891,elem,true,data.go.kr
B000005858,서해삼육초등학교,8140000,홍성군,충청남도홍성교육지원청,충청남도 홍성군 광천읍 홍남로705번길 23,사립,false,36.50662283,126.6269267,elem,true,data.go.kr
B000005945,석문초등학교,8140000,당진시,충청남도당진교육지원청,충청남도 당진시 석문면 다리들길 7,공립,false,36.986960,126.5893859,elem,true,data.go.kr
B000005595,석송초등학교,8140000,공주시,충청남도공주교육지원청,충청남도 공주시 정안면 마래섭들길 56,공립,false,36.56492635,127.114513,elem,true,data.go.kr
B000005816,석양초등학교,8140000,부여군,충청남도부여교육지원청,충청남도 부여군 석성면 증산로39번길 31,공립,false,36.25412033,126.9982215,elem,true,data.go.kr
B000005815,석양초등학교석성분교장,8140000,부여군,충청남도부여교육지원청,충청남도 부여군 석성면 석성로 113-8,공립,true,36.22414945,126.9892445,elem,true,data.go.kr
B000005681,선장초등학교,8140000,아산시,충청남도아산교육지원청,충청남도 아산시 선장면 서부남로 21,공립,false,36.78878323,126.8639353,elem,true,data.go.kr
B000005563,성거초등학교,8140000,천안시,충청남도천안교육지원청,충청남도 천안시 서북구 성거읍 소댕이3길 606-21,공립,false,36.87170263,127.1996945,elem,true,data.go.kr
B000005571,성남초등학교,8140000,천안시,충청남도천안교육지원청,충청남도 천안시 동남구 성남면 대흥신덕길 95,공립,false,36.72744812,127.2510197,elem,true,data.go.kr
B000005924,성당초등학교,8140000,당진시,충청남도당진교육지원청,충청남도 당진시 역천로 222,공립,false,36.83666229,126.6051168,elem,true,data.go.kr
B000005733,성대초등학교,8140000,금산군,충청남도금산교육지원청,충청남도 금산군 추부면 군북로 1402,공립,false,36.22513075,127.5093351,elem,true,data.go.kr
B000022995,성덕초등학교,8140000,논산시,충청남도논산계룡교육지원청,충청남도 논산시 은진면 원앙로 1174,공립,false,36.17664313,127.1293598,elem,true,data.go.kr
B000022966,성동초등학교,8140000,논산시,충청남도논산계룡교육지원청,충청남도 논산시 성동면 성동로240번길 30,공립,false,36.19961753,127.0334077,elem,true,data.go.kr
B000005558,성신초등학교,8140000,천안시,충청남도천안교육지원청,충청남도 천안시 서북구 성환읍 성환12길 7,공립,false,36.91908802,127.1290902,elem,true,data.go.kr
B000026279,성연초등학교,8140000,서산시,충청남도서산교육지원청,충청남도 서산시 성연면 성연3로 57-10,공립,false,36.82417048,126.4488247,elem,true,data.go.kr
B000005640,성주초등학교,8140000,보령시,충청남도보령교육지원청,충청남도 보령시 성주면 성주초교길 8,공립,false,36.3418082,126.6539728,elem,true,data.go.kr
B000005557,성환초등학교,8140000,천안시,충청남도천안교육지원청,충청남도 천안시 서북구 성환읍 성환12길 37,공립,false,36.91804635,127.1324178,elem,true,data.go.kr
B000005814,세도초등학교,8140000,부여군,충청남도부여교육지원청,충청남도 부여군 세도면 세도로 68,공립,false,36.17568091,126.9467526,elem,true,data.go.kr
B000005564,소망초등학교,8140000,천안시,충청남도천안교육지원청,충청남도 천안시 서북구 성거읍 역전말3길 102,공립,false,36.87590687,127.1623964,elem,true,data.go.kr
B000005912,소원초등학교,8140000,태안군,충청남도태안교육지원청,충청남도 태안군 소원면 은골길 42,공립,false,36.76371456,126.1938261,elem,true,data.go.kr
B000005793,송간초등학교,8140000,부여군,충청남도부여교육지원청,충청남도 부여군 부여읍 삼충로272번길 5,공립,false,36.30793023,126.9569873,elem,true,data.go.kr
B000005659,송곡초등학교,8140000,아산시,충청남도아산교육지원청,충청남도 아산시 염치읍 송곡길 112,공립,false,36.80778508,127.0183468,elem,true,data.go.kr
B000005684,송남초등학교,8140000,아산시,충청남도아산교육지원청,충청남도 아산시 송악면 송악로 802,공립,false,36.73304478,127.0101564,elem,true,data.go.kr
B000005820,송림초등학교,8140000,서천군,충청남도서천교육지원청,충청남도 서천군 장항읍 옥도로 14,공립,false,36.02948795,126.6839669,elem,true,data.go.kr
B000005940,송산초등학교,8140000,당진시,충청남도당진교육지원청,충청남도 당진시 송산면 상거길 19-1,공립,false,36.93193222,126.6791646,elem,true,data.go.kr
B000005824,송석초등학교,8140000,서천군,충청남도서천교육지원청,충청남도 서천군 마서면 송신로 432,공립,false,36.07302865,126.6439086,elem,true,data.go.kr
B000005930,송악초등학교,8140000,당진시,충청남도당진교육지원청,충청남도 당진시 송악읍 송악로 663-1,공립,false,36.9406386,126.7432868,elem,true,data.go.kr
B000005901,송암초등학교,8140000,태안군,충청남도태안교육지원청,충청남도 태안군 태안읍 순환길 130,공립,false,36.7356117,126.3003085,elem,true,data.go.kr
B000005630,송학초등학교,8140000,보령시,충청남도보령교육지원청,충청남도 보령시 주교면 토정로 796-52,공립,false,36.38000245,126.5269447,elem,true,data.go.kr
B000005899,수덕초등학교,8140000,예산군,충청남도예산교육지원청,충청남도 예산군 덕산면 수덕사로 631,공립,false,36.64035312,126.6054401,elem,true,data.go.kr
B000005569,수신초등학교,8140000,천안시,충청남도천안교육지원청,충청남도 천안시 동남구 수신면 수신로 459,공립,false,36.73328424,127.2831008,elem,true,data.go.kr
B000005848,수정초등학교,8140000,청양군,충청남도청양교육지원청,충청남도 청양군 대치면 칠갑산로 514,공립,false,36.44545343,126.8278853,elem,true,data.go.kr
B000027299,수청초등학교,8140000,당진시,충청남도당진교육지원청,충청남도 당진시 수청2로 37,공립,false,36.88903305,126.6520299,elem,true,data.go.kr
B000005593,수촌초등학교,8140000,공주시,충청남도공주교육지원청,충청남도 공주시 의당면 윗태실길 1-8,공립,false,36.51732896,127.1351742,elem,true,data.go.kr
B000005953,순성초등학교,8140000,당진시,충청남도당진교육지원청,충청남도 당진시 순성면 순성로 473,공립,false,36.84264269,126.7104664,elem,true,data.go.kr
B000005893,시량초등학교,8140000,예산군,충청남도예산교육지원청,충청남도 예산군 덕산면 덕산온천로 91,공립,false,36.68575301,126.6431428,elem,true,data.go.kr
B000005911,시목초등학교,8140000,태안군,충청남도태안교육지원청,충청남도 태안군 소원면 서해로 1147-26,공립,false,36.76890096,126.2453598,elem,true,data.go.kr
B000005834,시초초등학교,8140000,서천군,충청남도서천교육지원청,충청남도 서천군 시초면 시초북로 31,공립,false,36.1222289,126.7520043,elem,true,data.go.kr
B000005554,신가초등학교,8140000,천안시,충청남도천안교육지원청,충청남도 천안시 서북구 성환읍 성환신흥2길 2,공립,false,36.95101251,127.1145182,elem,true,data.go.kr
B000005553,신계초등학교,8140000,천안시,충청남도천안교육지원청,충청남도 천안시 동남구 목천읍 천정1길 243-9,공립,false,36.76851662,127.2021965,elem,true,data.go.kr
B000005588,신관초등학교,8140000,공주시,충청남도공주교육지원청,충청남도 공주시 번영1로 97-13,공립,false,36.47562336,127.1388638,elem,true,data.go.kr
B000005654,신광초등학교,8140000,아산시,충청남도아산교육지원청,충청남도 아산시 서부북로 993,공립,false,36.78920487,126.969444,elem,true,data.go.kr
B000005869,신당초등학교,8140000,홍성군,충청남도홍성교육지원청,충청남도 홍성군 서부면 남당항로270번길 43,공립,false,36.54777193,126.4730622,elem,true,data.go.kr
B000005730,신대초등학교,8140000,금산군,충청남도금산교육지원청,충청남도 금산군 복수면 복수로 753,공립,false,36.21001084,127.3781352,elem,true,data.go.kr
B000022932,신도초등학교,8140000,계룡시,충청남도논산계룡교육지원청,충청남도 계룡시 엄사면 번영3길 82,공립,false,36.28215807,127.2362853,elem,true,data.go.kr
B000005878,신례원초등학교,8140000,예산군,충청남도예산교육지원청,충청남도 예산군 예산읍 신례원로 179,공립,false,36.72568143,126.8421305,elem,true,data.go.kr
B000026626,신리초등학교,8140000,아산시,충청남도아산교육지원청,충청남도 아산시 모종로 73-13,공립,false,36.78662892,127.0238741,elem,true,data.go.kr
B000005559,신방초등학교,8140000,천안시,충청남도천안교육지원청,충청남도 천안시 서북구 성환읍 신방로 73,공립,false,36.92907818,127.0875873,elem,true,data.go.kr
B000005570,신사초등학교,8140000,천안시,충청남도천안교육지원청,충청남도 천안시 동남구 성남면 신사대화로 155,공립,false,36.74254584,127.2379059,elem,true,data.go.kr
B000005889,신암초등학교,8140000,예산군,충청남도예산교육지원청,충청남도 예산군 신암면 신암남로 285-6,공립,false,36.73305598,126.8205322,elem,true,data.go.kr
B000005884,신양초등학교,8140000,예산군,충청남도예산교육지원청,충청남도 예산군 신양면 청신로 374,공립,false,36.60229518,126.8691805,elem,true,data.go.kr
B000005679,신창초등학교,8140000,아산시,충청남도아산교육지원청,충청남도 아산시 신창면 서부남로840번길 26,공립,false,36.78056823,126.933166,elem,true,data.go.kr
B000005933,신촌초등학교,8140000,당진시,충청남도당진교육지원청,충청남도 당진시 합덕읍 상덕로 620-13,공립,false,36.76300799,126.7653217,elem,true,data.go.kr
B000005937,신평초등학교,8140000,당진시,충청남도당진교육지원청,충청남도 당진시 신평면 원머리로 7,공립,false,36.88633871,126.7721767,elem,true,data.go.kr
B000005606,신풍초등학교,8140000,공주시,충청남도공주교육지원청,충청남도 공주시 신풍면 신풍길 50-11,공립,false,36.51770841,126.952439,elem,true,data.go.kr
B000005666,신화초등학교,8140000,아산시,충청남도아산교육지원청,충청남도 아산시 영인면 고룡산로 636,공립,false,36.88605233,126.9684063,elem,true,data.go.kr
B000005552,신흥초등학교,8140000,천안시,충청남도천안교육지원청,충청남도 천안시 동남구 목천읍 신계5길 27,공립,false,36.77386655,127.2166091,elem,true,data.go.kr
B000005674,쌍룡초등학교,8140000,아산시,충청남도아산교육지원청,충청남도 아산시 음봉면 연암율금로 499,공립,false,36.88046015,127.0742097,elem,true,data.go.kr
B000027273,아산갈산초등학교,8140000,아산시,충청남도아산교육지원청,충청남도 아산시 탕정면 갈산교로 210,공립,false,36.79387245,127.068606,elem,true,data.go.kr
B000026870,아산공수초등학교,8140000,아산시,충청남도아산교육지원청,충청남도 아산시 배방읍 모산로 38-43,공립,false,36.77022413,127.0466466,elem,true,data.go.kr
B000005678,아산남성초등학교,8140000,아산시,충청남도아산교육지원청,충청남도 아산시 신창면 남성길 152-64,공립,false,36.7872406,126.9566272,elem,true,data.go.kr
B000005661,아산북수초등학교,8140000,아산시,충청남도아산교육지원청,충청남도 아산시 배방읍 호서로 405,공립,false,36.76804498,127.0768091,elem,true,data.go.kr
B000026772,아산세교초등학교,8140000,아산시,충청남도아산교육지원청,충청남도 아산시 배방읍 동방로 200,공립,false,36.77796558,127.0922356,elem,true,data.go.kr
B000024013,아산용연초등학교,8140000,아산시,충청남도아산교육지원청,충청남도 아산시 배방읍 용연동길 25,공립,false,36.79236065,127.0925025,elem,true,data.go.kr
B000025876,아산월천초등학교,8140000,아산시,충청남도아산교육지원청,충청남도 아산시 배방읍 월천3길 10,공립,false,36.77350516,127.0770319,elem,true,data.go.kr
B000027076,아산천우물초등학교,8140000,아산시,충청남도아산교육지원청,충청남도  아산시 신창면 남성길 60,공립,false,36.78617651,126.9497775,elem,true,data.go.kr
B000025686,아산초등학교,8140000,아산시,충청남도아산교육지원청,충청남도 아산시 남부로 266,공립,false,36.77012409,127.0109916,elem,true,data.go.kr
B000005905,안면초등학교,8140000,태안군,충청남도태안교육지원청,충청남도 태안군 안면읍 장터로 230,공립,false,36.52811286,126.3473859,elem,true,data.go.kr
B000005515,안서초등학교,8140000,천안시,충청남도천안교육지원청,충청남도 천안시 동남구 중암3길 10,공립,false,36.83224681,127.1756645,elem,true,data.go.kr
B000005919,안중초등학교,8140000,태안군,충청남도태안교육지원청,충청남도 태안군 안면읍 율포길 31,공립,false,36.47401169,126.3722967,elem,true,data.go.kr
B000005561,양당초등학교,8140000,천안시,충청남도천안교육지원청,충청남도 천안시 서북구 직산읍 양당1길 9-12,공립,false,36.87847714,127.1137964,elem,true,data.go.kr
B000005577,양대초등학교,8140000,천안시,충청남도천안교육지원청,충청남도 천안시 서북구 입장면 성진로 858,공립,false,36.91519115,127.2270714,elem,true,data.go.kr
B000005891,양신초등학교,8140000,예산군,충청남도예산교육지원청,충청남도 예산군 오가면 내양막길 5,공립,false,36.70662321,126.7849552,elem,true,data.go.kr
B000022976,양촌초등학교,8140000,논산시,충청남도논산계룡교육지원청,충청남도 논산시 양촌면 매죽헌로1665번길 22,공립,false,36.13848714,127.2334095,elem,true,data.go.kr
B000005812,양화초등학교,8140000,부여군,충청남도부여교육지원청,충청남도 부여군 양화면 충절로 215,공립,false,36.12891192,126.8571817,elem,true,data.go.kr
B000005701,언암초등학교,8140000,서산시,충청남도서산교육지원청,충청남도 서산시 해미면 기지1길 27,공립,false,36.70829477,126.5114937,elem,true,data.go.kr
B000022933,엄사초등학교,8140000,계룡시,충청남도논산계룡교육지원청,충청남도 계룡시 엄사면 번영3길 30,공립,false,36.28670185,127.2373852,elem,true,data.go.kr
B000022987,연무중앙초등학교,8140000,논산시,충청남도논산계룡교육지원청,충청남도 논산시 연무읍 연무로 211-14,공립,false,36.13082665,127.1029925,elem,true,data.go.kr
B000022984,연무초등학교,8140000,논산시,충청남도논산계룡교육지원청,충청남도 논산시 연무읍 득안대로 527,공립,false,36.1173059,127.0968694,elem,true,data.go.kr
B000022992,연산초등학교,8140000,논산시,충청남도논산계룡교육지원청,충청남도 논산시 연산면 연산5길 13,공립,false,36.21704789,127.2181056,elem,true,data.go.kr
B000005665,연화초등학교,8140000,아산시,충청남도아산교육지원청,충청남도 아산시 배방읍 연화로 43,공립,false,36.78720115,127.0950563,elem,true,data.go.kr
B000025725,염작초등학교,8140000,아산시,충청남도아산교육지원청,충청남도 아산시 둔포면 아산밸리중앙로 33,공립,false,36.92445676,127.0519593,elem,true,data.go.kr
B000005658,염티초등학교,8140000,아산시,충청남도아산교육지원청,충청남도 아산시 염치읍 염치로 49,공립,false,36.81663447,126.9781331,elem,true,data.go.kr
B000005667,영인초등학교,8140000,아산시,충청남도아산교육지원청,충청남도 아산시 영인면 여민루길 20,공립,false,36.85488507,126.9541726,elem,true,data.go.kr
B000005897,예덕초등학교,8140000,예산군,충청남도예산교육지원청,충청남도 예산군 고덕면 몽곡상몽길 54,공립,false,36.77793613,126.7166492,elem,true,data.go.kr
B000005879,예산중앙초등학교,8140000,예산군,충청남도예산교육지원청,충청남도 예산군 예산읍 주교로 21,공립,false,36.68418744,126.8314072,elem,true,data.go.kr
B000005877,예산초등학교,8140000,예산군,충청남도예산교육지원청,충청남도 예산군 예산읍 아리랑로 205,공립,false,36.68402002,126.8495103,elem,true,data.go.kr
B000005892,오가초등학교,8140000,예산군,충청남도예산교육지원청,충청남도 예산군 오가면 역말로 89,공립,false,36.68795455,126.7944348,elem,true,data.go.kr
B000005680,오목초등학교,8140000,아산시,충청남도아산교육지원청,충청남도 아산시 신창면 서부북로 547,공립,false,36.80853919,126.9278256,elem,true,data.go.kr
B000005689,오산초등학교,8140000,서산시,충청남도서산교육지원청,충청남도 서산시 덕지천로 436,공립,false,36.74557169,126.4823893,elem,true,data.go.kr
B000005825,오성초등학교,8140000,서천군,충청남도서천교육지원청,충청남도 서천군 판교면 종판로857번길 13,공립,false,36.15503152,126.6834189,elem,true,data.go.kr
B000005627,오천초등학교,8140000,보령시,충청남도보령교육지원청,충청남도 보령시 오천면 충청수영로 822,공립,false,36.43847221,126.5231089,elem,true,data.go.kr
B000005643,오천초등학교삽시분교장,8140000,보령시,충청남도보령교육지원청,충청남도 보령시 오천면 삽시도1길 159-34,공립,true,36.3500578,126.3584592,elem,true,data.go.kr
B000005638,옥계초등학교,8140000,보령시,충청남도보령교육지원청,충청남도 보령시 청라면 죽성로 681,공립,false,36.41213897,126.6460592,elem,true,data.go.kr
B000005807,옥산초등학교,8140000,부여군,충청남도부여교육지원청,충청남도 부여군 옥산면 대백제로 330,공립,false,36.19070506,126.7319642,elem,true,data.go.kr
B000005649,온양권곡초등학교,8140000,아산시,충청남도아산교육지원청,충청남도 아산시 문화로243번길 14,공립,false,36.7906592,127.0140449,elem,true,data.go.kr
B000005657,온양동신초등학교,8140000,아산시,충청남도아산교육지원청,충청남도 아산시 번영로234번길 52,공립,false,36.77959365,127.0170824,elem,true,data.go.kr
B000005648,온양신정초등학교,8140000,아산시,충청남도아산교육지원청,충청남도 아산시 온천대로1333번길 29,공립,false,36.78788684,126.986805,elem,true,data.go.kr
B000005646,온양온천초등학교,8140000,아산시,충청남도아산교육지원청,충청남도 아산시 청운로 90,공립,false,36.78330048,127.0088156,elem,true,data.go.kr
B000005645,온양중앙초등학교,8140000,아산시,충청남도아산교육지원청,충청남도 아산시 중앙로 17,공립,false,36.77683313,127.0017571,elem,true,data.go.kr
B000005647,온양천도초등학교,8140000,아산시,충청남도아산교육지원청,충청남도 아산시 실옥로 45,공립,false,36.78697584,126.9921982,elem,true,data.go.kr
B000005656,온양초등학교,8140000,아산시,충청남도아산교육지원청,충청남도 아산시 온주길26번길 10,공립,false,36.76061021,127.0180678,elem,true,data.go.kr
B000005653,온양초사초등학교,8140000,아산시,충청남도아산교육지원청,충청남도 아산시 초사길 122,공립,false,36.75121131,126.9735287,elem,true,data.go.kr
B000005652,온양풍기초등학교,8140000,아산시,충청남도아산교육지원청,충청남도 아산시 남부로 351,공립,false,36.77471039,127.0184599,elem,true,data.go.kr
B000022950,왕전초등학교,8140000,논산시,충청남도논산계룡교육지원청,충청남도 논산시 광석면 왕전2길 12,공립,false,36.23980395,127.1084997,elem,true,data.go.kr
B000005809,외산초등학교,8140000,부여군,충청남도부여교육지원청,충청남도 부여군 외산면 만수로 421,공립,false,36.31548236,126.7164422,elem,true,data.go.kr
B000022926,용남초등학교,8140000,계룡시,충청남도논산계룡교육지원청,충청남도 계룡시 신도안면 신도안1길 88,공립,false,36.29915948,127.2444573,elem,true,data.go.kr
B000005881,용동초등학교,8140000,예산군,충청남도예산교육지원청,충청남도 예산군 삽교읍 삽교평야로 193,공립,false,36.70257204,126.7155136,elem,true,data.go.kr
B000005723,용문초등학교,8140000,금산군,충청남도금산교육지원청,충청남도 금산군 군북면 시두물길 15,공립,false,36.13455714,127.5025327,elem,true,data.go.kr
B000005864,용봉초등학교,8140000,홍성군,충청남도홍성교육지원청,충청남도 홍성군 홍북읍 이응노로 277,공립,false,36.63174613,126.6501145,elem,true,data.go.kr
B000005573,용정초등학교,8140000,천안시,충청남도천안교육지원청,충청남도 천안시 동남구 풍세면 용정길 8-7,공립,false,36.74521565,127.1013919,elem,true,data.go.kr
B000005651,용화초등학교,8140000,아산시,충청남도아산교육지원청,충청남도 아산시 시민로258번길 3-8,공립,false,36.77311778,126.9963725,elem,true,data.go.kr
B000005954,우강초등학교,8140000,당진시,충청남도당진교육지원청,충청남도 당진시 우강면 우강송산로 183-7,공립,false,36.82534136,126.7888095,elem,true,data.go.kr
B000005603,우성초등학교,8140000,공주시,충청남도공주교육지원청,충청남도 공주시 우성면 동대리길 33,공립,false,36.47164993,127.0484855,elem,true,data.go.kr
B000005846,운곡초등학교,8140000,청양군,충청남도청양교육지원청,충청남도 청양군 운곡면 청신로 882,공립,false,36.52488765,126.8462863,elem,true,data.go.kr
B000005703,운산초등학교,8140000,서산시,충청남도서산교육지원청,충청남도 서산시 운산면 운암로 1037,공립,false,36.8118233,126.582473,elem,true,data.go.kr
B000005704,운신초등학교,8140000,서산시,충청남도서산교육지원청,충청남도 서산시 운산면 해운로 539,공립,false,36.75674273,126.5618274,elem,true,data.go.kr
B000005888,웅산초등학교,8140000,예산군,충청남도예산교육지원청,충청남도 예산군 광시면 예당로 181,공립,false,36.55117416,126.7733983,elem,true,data.go.kr
B000005622,웅천초등학교,8140000,보령시,충청남도보령교육지원청,충청남도 보령시 웅천읍 충서로 1035,공립,false,36.23988788,126.5923196,elem,true,data.go.kr
B000005928,원당초등학교,8140000,당진시,충청남도당진교육지원청,충청남도 당진시 밤절로 31,공립,false,36.90220954,126.6389171,elem,true,data.go.kr
B000022967,원봉초등학교,8140000,논산시,충청남도논산계룡교육지원청,충청남도 논산시 성동면 성동로 552,공립,false,36.21176979,127.0601794,elem,true,data.go.kr
B000005908,원북초등학교,8140000,태안군,충청남도태안교육지원청,충청남도 태안군 원북면 원이로 849-3,공립,false,36.8262041,126.2585619,elem,true,data.go.kr
B000025727,월랑초등학교,8140000,아산시,충청남도아산교육지원청,충청남도 아산시 음봉면 음봉로 515-50,공립,false,36.84579633,127.0688545,elem,true,data.go.kr
B000005635,월전초등학교,8140000,보령시,충청남도보령교육지원청,충청남도 보령시 남포면 곡촌길 11,공립,false,36.27166098,126.5681814,elem,true,data.go.kr
B000005579,위례초등학교,8140000,천안시,충청남도천안교육지원청,충청남도 천안시 동남구 북면 오곡2길 6-13,공립,false,36.82477941,127.2743564,elem,true,data.go.kr
B000005941,유곡초등학교,8140000,당진시,충청남도당진교육지원청,충청남도 당진시 송산면 송산로 821-17,공립,false,36.96039897,126.6948977,elem,true,data.go.kr
B000005590,유구초등학교,8140000,공주시,충청남도공주교육지원청,충청남도 공주시 유구읍 유구초교길 12,공립,false,36.55450238,126.949794,elem,true,data.go.kr
B000005801,은산초등학교,8140000,부여군,충청남도부여교육지원청,충청남도 부여군 은산면 충의로 729,공립,false,36.31389574,126.8535308,elem,true,data.go.kr
B000005566,은석초등학교,8140000,천안시,충청남도천안교육지원청,충청남도 천안시 동남구 북면 용암3길 10,공립,false,36.78825846,127.2576334,elem,true,data.go.kr
B000022994,은진초등학교,8140000,논산시,충청남도논산계룡교육지원청,충청남도 논산시 은진면 매죽헌로25번길 1,공립,false,36.16833554,127.1066773,elem,true,data.go.kr
B000005872,은하초등학교,8140000,홍성군,충청남도홍성교육지원청,충청남도 홍성군 은하면 은하로 220,공립,false,36.52947336,126.5887704,elem,true,data.go.kr
B000005673,음봉초등학교,8140000,아산시,충청남도아산교육지원청,충청남도 아산시 음봉면 아산온천로 517,공립,false,36.84940229,127.011361,elem,true,data.go.kr
B000005705,음암초등학교,8140000,서산시,충청남도서산교육지원청,충청남도 서산시 음암면 도당로 5,공립,false,36.80084184,126.5193384,elem,true,data.go.kr
B000005886,응봉초등학교,8140000,예산군,충청남도예산교육지원청,충청남도 예산군 응봉면 예당로 1504,공립,false,36.65638487,126.7704003,elem,true,data.go.kr
B000005592,의당초등학교,8140000,공주시,충청남도공주교육지원청,충청남도 공주시 의당면 의당초교길 49,공립,false,36.53092158,127.1539311,elem,true,data.go.kr
B000026773,이순신초등학교,8140000,아산시,충청남도아산교육지원청,충청남도 아산시 배방읍 세교리 1590,공립,false,36.78164712,127.0994876,elem,true,data.go.kr
B000005909,이원초등학교,8140000,태안군,충청남도태안교육지원청,충청남도 태안군 이원면 원이로 1536-31,공립,false,36.86935881,126.2809829,elem,true,data.go.kr
B000005921,이원초등학교관동분교장,8140000,태안군,충청남도태안교육지원청,충청남도 태안군 이원면 원이로 1956,공립,true,36.90131383,126.2989341,elem,true,data.go.kr
B000005598,이인초등학교,8140000,공주시,충청남도공주교육지원청,충청남도 공주시 이인면 은행길 56,공립,false,36.36159031,127.0604326,elem,true,data.go.kr
B000023000,이화초등학교,8140000,논산시,충청남도논산계룡교육지원청,충청남도 논산시 채운면 채운로 350,공립,false,36.15098525,127.0719047,elem,true,data.go.kr
B000005668,인주초등학교,8140000,아산시,충청남도아산교육지원청,충청남도 아산시 인주면 서해로 486,공립,false,36.87620339,126.896343,elem,true,data.go.kr
B000005709,인지초등학교,8140000,서산시,충청남도서산교육지원청,충청남도 서산시 인지면 둔산1길 1,공립,false,36.75615023,126.4249945,elem,true,data.go.kr
B000005811,임천초등학교,8140000,부여군,충청남도부여교육지원청,충청남도 부여군 임천면 성흥로97번길 15,공립,false,36.19104513,126.8927134,elem,true,data.go.kr
B000005578,입장초등학교,8140000,천안시,충청남도천안교육지원청,충청남도 천안시 서북구 입장면 하장4길 19,공립,false,36.91362916,127.2197582,elem,true,data.go.kr
B000005873,장곡초등학교,8140000,홍성군,충청남도홍성교육지원청,충청남도 홍성군 장곡면 도산1길 2,공립,false,36.50495838,126.6923341,elem,true,data.go.kr
B000005810,장암초등학교,8140000,부여군,충청남도부여교육지원청,충청남도 부여군 장암면 석동로 112,공립,false,36.24133094,126.8956639,elem,true,data.go.kr
B000005841,장평초등학교,8140000,청양군,충청남도청양교육지원청,충청남도 청양군 장평면 충의로 453,공립,false,36.34605303,126.8995062,elem,true,data.go.kr
B000005821,장항중앙초등학교,8140000,서천군,충청남도서천교육지원청,충청남도 서천군 장항읍 장항로121번길 7,공립,false,36.01336316,126.6906546,elem,true,data.go.kr
B000005819,장항초등학교,8140000,서천군,충청남도서천교육지원청,충청남도 서천군 장항읍 성주길 6,공립,false,36.0205643,126.7001921,elem,true,data.go.kr
B000005931,전대초등학교,8140000,당진시,충청남도당진교육지원청,충청남도 당진시 송악읍 신평로 1185,공립,false,36.90930752,126.749578,elem,true,data.go.kr
B000005947,정미초등학교,8140000,당진시,충청남도당진교육지원청,충청남도 당진시 정미면 운정로 642,공립,false,36.85615745,126.5541835,elem,true,data.go.kr
B000005839,정산초등학교,8140000,청양군,충청남도청양교육지원청,충청남도 청양군 정산면 칠갑산로 1863,공립,false,36.41592486,126.9463888,elem,true,data.go.kr
B000005594,정안초등학교,8140000,공주시,충청남도공주교육지원청,충청남도 공주시 정안면 정안중앙길 79,공립,false,36.60284687,127.116568,elem,true,data.go.kr
B000005722,제원초등학교,8140000,금산군,충청남도금산교육지원청,충청남도 금산군 제원면 제원3길 11,공립,false,36.11320959,127.5450354,elem,true,data.go.kr
B000005948,조금초등학교,8140000,당진시,충청남도당진교육지원청,충청남도 당진시 대호지면 4.4만세로 23,공립,false,36.90137115,126.5000496,elem,true,data.go.kr
B000005890,조림초등학교,8140000,예산군,충청남도예산교육지원청,충청남도 예산군 신암면 조곡길 100,공립,false,36.73872526,126.785458,elem,true,data.go.kr
B000005628,주산초등학교,8140000,보령시,충청남도보령교육지원청,충청남도 보령시 주산면 충서로 416,공립,false,36.19977173,126.6347835,elem,true,data.go.kr
B000005626,주포초등학교,8140000,보령시,충청남도보령교육지원청,충청남도 보령시 주포면 보령읍성길 87-22,공립,false,36.41603611,126.5907737,elem,true,data.go.kr
B000005560,직산초등학교,8140000,천안시,충청남도천안교육지원청,충청남도 천안시 서북구 직산읍 직산안길 79,공립,false,36.9036886,127.1620052,elem,true,data.go.kr
B000005731,진산초등학교,8140000,금산군,충청남도금산교육지원청,충청남도 금산군 진산면 읍내로 41,공립,false,36.14364394,127.3683372,elem,true,data.go.kr
B000005710,차동초등학교,8140000,서산시,충청남도서산교육지원청,충청남도 서산시 인지면 차동길 140,공립,false,36.7768321,126.4005489,elem,true,data.go.kr
B000005906,창기초등학교,8140000,태안군,충청남도태안교육지원청,충청남도 태안군 안면읍 황도로 72,공립,false,36.57969933,126.3380062,elem,true,data.go.kr
B000022999,채운초등학교,8140000,논산시,충청남도논산계룡교육지원청,충청남도 논산시 채운면 채운로 112,공립,false,36.16989595,127.0682095,elem,true,data.go.kr
B000005568,천동초등학교,8140000,천안시,충청남도천안교육지원청,충청남도 천안시 동남구 동면 동산1길 59,공립,false,36.77813893,127.3489413,elem,true,data.go.kr
B000005624,천북초등학교,8140000,보령시,충청남도보령교육지원청,충청남도 보령시 천북면 하궁길 45,공립,false,36.48189418,126.531690,elem,true,data.go.kr
B000025811,천안가람초등학교,8140000,천안시,충청남도천안교육지원청,충청남도 천안시 서북구 성성6로 47-11,공립,false,36.84306642,127.1242974,elem,true,data.go.kr
B000005523,천안가온초등학교,8140000,천안시,충청남도천안교육지원청,충청남도 천안시 동남구 청수14로 21,공립,false,36.78544107,127.1487613,elem,true,data.go.kr
B000005528,천안구성초등학교,8140000,천안시,충청남도천안교육지원청,충청남도 천안시 동남구 청수로 126,공립,false,36.79296138,127.1585918,elem,true,data.go.kr
B000005511,천안남산초등학교,8140000,천안시,충청남도천안교육지원청,충청남도 천안시 동남구 버들1길 30,공립,false,36.80524599,127.1538932,elem,true,data.go.kr
B000030549,천안능수초등학교,8140000,천안시,충청남도천안교육지원청,충청남도 천안시 동남구 청당용평로 112,공립,false,36.77681589,127.1604097,elem,true,data.go.kr
B000005542,천안두정초등학교,8140000,천안시,충청남도천안교육지원청,충청남도 천안시 서북구 두정역서1길 10,공립,false,36.83623391,127.1471658,elem,true,data.go.kr
B000005530,천안미라초등학교,8140000,천안시,충청남도천안교육지원청,충청남도 천안시 서북구 미라2길 13,공립,false,36.80082475,127.1282411,elem,true,data.go.kr
B000005546,천안백석초등학교,8140000,천안시,충청남도천안교육지원청,충청남도 천안시 서북구 백석3로 98,공립,false,36.82032135,127.1225212,elem,true,data.go.kr
B000005524,천안봉명초등학교,8140000,천안시,충청남도천안교육지원청,충청남도 천안시 동남구 봉명2길 11,공립,false,36.80527217,127.1346928,elem,true,data.go.kr
B000005525,천안봉서초등학교,8140000,천안시,충청남도천안교육지원청,충청남도 천안시 동남구 봉서10길 12,공립,false,36.81255267,127.1310938,elem,true,data.go.kr
B000005536,천안부대초등학교,8140000,천안시,충청남도천안교육지원청,충청남도 천안시 서북구 공대길 37,공립,false,36.84894817,127.1518968,elem,true,data.go.kr
B000005541,천안부성초등학교,8140000,천안시,충청남도천안교육지원청,충청남도 천안시 서북구 부성1길 16,공립,false,36.83524216,127.1366621,elem,true,data.go.kr
B000005551,천안부영초등학교,8140000,천안시,충청남도천안교육지원청,충청남도 천안시 동남구 목천읍 삼성5길 22-14,공립,false,36.75954884,127.1753964,elem,true,data.go.kr
B000005548,천안불당초등학교,8140000,천안시,충청남도천안교육지원청,충청남도 천안시 서북구 불당4로 39-21,공립,false,36.8058474,127.1087613,elem,true,data.go.kr
B000025803,천안불무초등학교,8140000,천안시,충청남도천안교육지원청,충청남도 천안시 서북구 불당23로 29,공립,false,36.81967353,127.1049114,elem,true,data.go.kr
B000005514,천안삼거리초등학교,8140000,천안시,충청남도천안교육지원청,충청남도 천안시 동남구 충절로 340,공립,false,36.78974474,127.1633902,elem,true,data.go.kr
B000005521,천안새샘초등학교,8140000,천안시,충청남도천안교육지원청,충청남도 천안시 동남구 통정9로 58,공립,false,36.77099584,127.1309812,elem,true,data.go.kr
B000005547,천안서당초등학교,8140000,천안시,충청남도천안교육지원청,충청남도 천안시 서북구 불당11로 63,공립,false,36.80393919,127.1135046,elem,true,data.go.kr
B000005534,천안서초등학교,8140000,천안시,충청남도천안교육지원청,충청남도 천안시 서북구 서부16길 27,공립,false,36.82318503,127.139638,elem,true,data.go.kr
B000025810,천안성성초등학교,8140000,천안시,충청남도천안교육지원청,충청남도 천안시 서북구 성성10길 77,공립,false,36.84095925,127.1359299,elem,true,data.go.kr
B000005544,천안성정초등학교,8140000,천안시,충청남도천안교육지원청,충청남도 천안시 서북구 성정7길 3,공립,false,36.81534909,127.1402122,elem,true,data.go.kr
B000005538,천안수곡초등학교,8140000,천안시,충청남도천안교육지원청,충청남도 천안시 서북구 수곡로 19-32,공립,false,36.79028464,127.1230967,elem,true,data.go.kr
B000005535,천안신대초등학교,8140000,천안시,충청남도천안교육지원청,충청남도 천안시 서북구 성정두정로 130,공립,false,36.83704929,127.1426806,elem,true,data.go.kr
B000005527,천안신부초등학교,8140000,천안시,충청남도천안교육지원청,충청남도 천안시 동남구 터미널5길 30,공립,false,36.82273006,127.1601639,elem,true,data.go.kr
B000005529,천안신안초등학교,8140000,천안시,충청남도천안교육지원청,충청남도 천안시 동남구 원성25길 21,공립,false,36.81418927,127.162674,elem,true,data.go.kr
B000005526,천안신용초등학교,8140000,천안시,충청남도천안교육지원청,충청남도 천안시 동남구 새말1길 29,공립,false,36.7907329,127.1317187,elem,true,data.go.kr
B000005520,천안신촌초등학교,8140000,천안시,충청남도천안교육지원청,충청남도 천안시 동남구 신촌4로 9,공립,false,36.7874511,127.1236054,elem,true,data.go.kr
B000005531,천안쌍용초등학교,8140000,천안시,충청남도천안교육지원청,충청남도 천안시 서북구 쌍용6길 9,공립,false,36.80108802,127.1224588,elem,true,data.go.kr
B000005543,천안쌍정초등학교,8140000,천안시,충청남도천안교육지원청,충청남도 천안시 서북구 충무로 5-44,공립,false,36.78729264,127.1149315,elem,true,data.go.kr
B000025797,천안아름초등학교,8140000,천안시,충청남도천안교육지원청,충청남도 천안시 서북구 불당27길 7,공립,false,36.81319878,127.1023766,elem,true,data.go.kr
B000005537,천안업성초등학교,8140000,천안시,충청남도천안교육지원청,충청남도 천안시 서북구 업성5길 20,공립,false,36.86130968,127.1413849,elem,true,data.go.kr
B000005540,천안오성초등학교,8140000,천안시,충청남도천안교육지원청,충청남도 천안시 서북구 오성5길 23,공립,false,36.83140647,127.1296192,elem,true,data.go.kr
B000005533,천안와촌초등학교,8140000,천안시,충청남도천안교육지원청,충청남도 천안시 서북구 와촌4길 16,공립,false,36.80596681,127.1449912,elem,true,data.go.kr
B000005518,천안용곡초등학교,8140000,천안시,충청남도천안교육지원청,충청남도 천안시 동남구 새말1길 73,공립,false,36.78680007,127.1316816,elem,true,data.go.kr
B000005517,천안용소초등학교,8140000,천안시,충청남도천안교육지원청,충청남도 천안시 동남구 일봉로 82-18,공립,false,36.78945648,127.1358799,elem,true,data.go.kr
B000005532,천안용암초등학교,8140000,천안시,충청남도천안교육지원청,충청남도 천안시 서북구 월봉로 147,공립,false,36.8037223,127.1177619,elem,true,data.go.kr
B000005539,천안월봉초등학교,8140000,천안시,충청남도천안교육지원청,충청남도 천안시 서북구 월봉4로 120-8,공립,false,36.79651896,127.115306,elem,true,data.go.kr
B000005512,천안일봉초등학교,8140000,천안시,충청남도천안교육지원청,충청남도 천안시 동남구 다가2길 3,공립,false,36.79970962,127.1395332,elem,true,data.go.kr
B000025793,천안차암초등학교,8140000,천안시,충청남도천안교육지원청,충청남도 천안시 서북구 스마일시티1로 50,공립,false,36.84458893,127.105979,elem,true,data.go.kr
B000005522,천안청당초등학교,8140000,천안시,충청남도천안교육지원청,충청남도 천안시 동남구 청당2길 94,공립,false,36.78004482,127.1515782,elem,true,data.go.kr
B000005519,천안청룡초등학교,8140000,천안시,충청남도천안교육지원청,충청남도 천안시 동남구 풍세로 801-28,공립,false,36.78135876,127.1394952,elem,true,data.go.kr
B000005516,천안청수초등학교,8140000,천안시,충청남도천안교육지원청,충청남도 천안시 동남구 청수로 35-3,공립,false,36.78894296,127.1509943,elem,true,data.go.kr
B000005513,천안초등학교,8140000,천안시,충청남도천안교육지원청,충청남도 천안시 동남구 중앙로 169,공립,false,36.81410619,127.1525442,elem,true,data.go.kr
B000025783,천안한들초등학교,8140000,천안시,충청남도천안교육지원청,충청남도 천안시 서북구 한들2로 33,공립,false,36.82532854,127.117794,elem,true,data.go.kr
B000025796,천안호수초등학교,8140000,천안시,충청남도천안교육지원청,충청남도 천안시 서북구 공원로 140,공립,false,36.79610888,127.0981746,elem,true,data.go.kr
B000026804,천안희망초등학교,8140000,천안시,충청남도천안교육지원청,충청남도 천안시 동남구 단대로 21-7,공립,false,36.82605057,127.1540762,elem,true,data.go.kr
B000005946,천의초등학교,8140000,당진시,충청남도당진교육지원청,충청남도 당진시 정미면 천평로 30,공립,false,36.87735114,126.5730354,elem,true,data.go.kr
B000005843,청남초등학교,8140000,청양군,충청남도청양교육지원청,충청남도 청양군 청남면 명덕로 207-4,공립,false,36.35539933,126.9517215,elem,true,data.go.kr
B000022990,청동초등학교,8140000,논산시,충청남도논산계룡교육지원청,충청남도 논산시 연산면 선비로293번길 29-5,공립,false,36.21213492,127.1972225,elem,true,data.go.kr
B000005637,청라초등학교,8140000,보령시,충청남도보령교육지원청,충청남도 보령시 청라면 원모루길 205,공립,false,36.39065311,126.6730505,elem,true,data.go.kr
B000005618,청룡초등학교,8140000,보령시,충청남도보령교육지원청,충청남도 보령시 대해로 646,공립,false,36.31986736,126.5381945,elem,true,data.go.kr
B000005642,청룡초등학교장고분교장,8140000,보령시,충청남도보령교육지원청,충청남도 보령시 오천면 장고도2길 18,공립,true,36.38896166,126.3361657,elem,true,data.go.kr
B000005636,청보초등학교,8140000,보령시,충청남도보령교육지원청,충청남도 보령시 청라면 대청로 759,공립,false,36.38876618,126.6564639,elem,true,data.go.kr
B000005625,청소초등학교,8140000,보령시,충청남도보령교육지원청,충청남도 보령시 청소면 청소큰길 225,공립,false,36.4514277,126.5923295,elem,true,data.go.kr
B000005837,청송초등학교,8140000,청양군,충청남도청양교육지원청,충청남도 청양군 청양읍 칠갑산로 97,공립,false,36.44963291,126.7881253,elem,true,data.go.kr
B000005838,청양초등학교,8140000,청양군,충청남도청양교육지원청,충청남도 청양군 청양읍 칠갑산로9길 29,공립,false,36.45392517,126.8058399,elem,true,data.go.kr
B000005619,청파초등학교,8140000,보령시,충청남도보령교육지원청,충청남도 보령시 대천항로 235,공립,false,36.31804667,126.5115176,elem,true,data.go.kr
B000005632,청파초등학교외연도분교장,8140000,보령시,충청남도보령교육지원청,충청남도 보령시 오천면 외연도1길 134,공립,true,36.22869439,126.0817256,elem,true,data.go.kr
B000005955,초락초등학교,8140000,당진시,충청남도당진교육지원청,충청남도 당진시 석문면 샛터말길 35,공립,false,36.9930801,126.5104722,elem,true,data.go.kr
B000005817,초촌초등학교,8140000,부여군,충청남도부여교육지원청,충청남도 부여군 초촌면 초촌로 55,공립,false,36.26352128,127.0248452,elem,true,data.go.kr
B000005732,추부초등학교,8140000,금산군,충청남도금산교육지원청,충청남도 금산군 추부면 하마전로 23,공립,false,36.19114528,127.4687764,elem,true,data.go.kr
B000005650,충무초등학교,8140000,아산시,충청남도아산교육지원청,충청남도 아산시 문화로 271-45,공립,false,36.79072048,127.0202957,elem,true,data.go.kr
B000005600,탄천초등학교,8140000,공주시,충청남도공주교육지원청,충청남도 공주시 탄천면 통산로 168,공립,false,36.33045395,127.0319922,elem,true,data.go.kr
B000005927,탑동초등학교,8140000,당진시,충청남도당진교육지원청,충청남도 당진시 대호만로 12,공립,false,36.89736111,126.6231851,elem,true,data.go.kr
B000023977,탕정미래초등학교,8140000,아산시,충청남도아산교육지원청,충청남도 아산시 탕정면 탕정면로 54-15,공립,false,36.79737911,127.0638087,elem,true,data.go.kr
B000005670,탕정초등학교,8140000,아산시,충청남도아산교육지원청,충청남도 아산시 탕정면 탕정면로 105,공립,false,36.80203334,127.0661893,elem,true,data.go.kr
B000005900,태안초등학교,8140000,태안군,충청남도태안교육지원청,충청남도 태안군 태안읍 백화로 49,공립,false,36.75918853,126.2954083,elem,true,data.go.kr
B000005714,팔봉초등학교,8140000,서산시,충청남도서산교육지원청,충청남도 서산시 팔봉면 한재무두리1길 233,공립,false,36.82743127,126.3623658,elem,true,data.go.kr
B000005885,평촌초등학교,8140000,예산군,충청남도예산교육지원청,충청남도 예산군 응봉면 예당로 1211,공립,false,36.63487824,126.7854935,elem,true,data.go.kr
B000005574,풍세초등학교,8140000,천안시,충청남도천안교육지원청,충청남도 천안시 동남구 풍세면 풍세2길 5,공립,false,36.72629021,127.1183519,elem,true,data.go.kr
B000005694,학돌초등학교,8140000,서산시,충청남도서산교육지원청,충청남도 서산시 부춘1로 35,공립,false,36.78512909,126.444561,elem,true,data.go.kr
B000005609,학봉초등학교,8140000,공주시,충청남도공주교육지원청,충청남도 공주시 반포면 동학사1로 141-10,공립,false,36.36079324,127.252790,elem,true,data.go.kr
B000005617,한내초등학교,8140000,보령시,충청남도보령교육지원청,충청남도 보령시 보령남로 39,공립,false,36.34214728,126.6012397,elem,true,data.go.kr
B000026771,한들물빛초등학교,8140000,아산시,충청남도아산교육지원청,충청남도 아산시 탕정면 한들물빛도시로 49,공립,false,36.78351742,127.0843741,elem,true,data.go.kr
B000005827,한산초등학교,8140000,서천군,충청남도서천교육지원청,충청남도 서천군 한산면 한마로 48,공립,false,36.08595821,126.8040056,elem,true,data.go.kr
B000026553,한울초등학교,8140000,홍성군,충청남도홍성교육지원청,충청남도 홍성군 홍북읍 홍학로 131,공립,false,36.64526724,126.6800434,elem,true,data.go.kr
B000005938,한정초등학교,8140000,당진시,충청남도당진교육지원청,충청남도 당진시 신평면 샛터로 172,공립,false,36.89356137,126.8052742,elem,true,data.go.kr
B000005934,합덕초등학교,8140000,당진시,충청남도당진교육지원청,충청남도 당진시 합덕읍 덕평로 508,공립,false,36.80407168,126.7786054,elem,true,data.go.kr
B000005935,합도초등학교,8140000,당진시,충청남도당진교육지원청,충청남도 당진시 합덕읍 면천로 1538,공립,false,36.81044064,126.7545521,elem,true,data.go.kr
B000005800,합송초등학교,8140000,부여군,충청남도부여교육지원청,충청남도 부여군 규암면 흥수로561번길 8,공립,false,36.26647509,126.8460033,elem,true,data.go.kr
B000005840,합천초등학교,8140000,청양군,충청남도청양교육지원청,충청남도 청양군 화성면 무한로 88,공립,false,36.42586476,126.7146112,elem,true,data.go.kr
B000005702,해미초등학교,8140000,서산시,충청남도서산교육지원청,충청남도 서산시 해미면 성지1로 81,공립,false,36.7177321,126.5428746,elem,true,data.go.kr
B000005565,행정초등학교,8140000,천안시,충청남도천안교육지원청,충청남도 천안시 동남구 광덕면 광덕로 534,공립,false,36.68689565,127.1566132,elem,true,data.go.kr
B000030430,혜성초등학교,8140000,당진시,충청남도당진교육지원청,충청남도 당진시 수청중앙로 60,공립,false,36.89584205,126.6518376,elem,true,data.go.kr
B000005604,호계초등학교,8140000,공주시,충청남도공주교육지원청,충청남도 공주시 사곡면 마곡사로 149-12,공립,false,36.50761149,127.024183,elem,true,data.go.kr
B000005850,홍남초등학교,8140000,홍성군,충청남도홍성교육지원청,충청남도 홍성군 홍성읍 홍장북로 434,공립,false,36.59381344,126.6689868,elem,true,data.go.kr
B000005859,홍동초등학교,8140000,홍성군,충청남도홍성교육지원청,충청남도 홍성군 홍동면 홍장남로672번길 59,공립,false,36.55735047,126.6888488,elem,true,data.go.kr
B000024477,홍북초등학교,8140000,홍성군,충청남도홍성교육지원청,충청남도 홍성군 홍북읍 자경로 33,공립,false,36.65193382,126.6852386,elem,true,data.go.kr
B000005804,홍산초등학교,8140000,부여군,충청남도부여교육지원청,충청남도 부여군 홍산면 홍산로111번길 7,공립,false,36.21772249,126.7618269,elem,true,data.go.kr
B000005852,홍성초등학교,8140000,홍성군,충청남도홍성교육지원청,충청남도 홍성군 홍성읍 조양로 43,공립,false,36.598586,126.6563579,elem,true,data.go.kr
B000030900,홍주초등학교,8140000,홍성군,충청남도홍성교육지원청,충청남도 홍성군 홍북읍 신경리 930,공립,false,36.65195297,126.6765242,elem,true,data.go.kr
B000005903,화동초등학교,8140000,태안군,충청남도태안교육지원청,충청남도 태안군 태안읍 중앙로 321,공립,false,36.75375689,126.3204052,elem,true,data.go.kr
B000005828,화양초등학교,8140000,서천군,충청남도서천교육지원청,충청남도 서천군 화양면 화산로 64,공립,false,36.04326989,126.7762555,elem,true,data.go.kr
B000005545,환서초등학교,8140000,천안시,충청남도천안교육지원청,충청남도 천안시 서북구 한들2로 34-41,공립,false,36.82890323,127.1225335,elem,true,data.go.kr
B000005586,효포초등학교,8140000,공주시,충청남도공주교육지원청,충청남도 공주시 전진배길 313,공립,false,36.42880609,127.1475428,elem,true,data.go.kr
B000006269,가천초등학교,8321000,완주군,전북특별자치도완주교육지원청,전북특별자치도 완주군 경천면 경가천길 148-9,공립,false,36.03286211,127.2642321,elem,true,data.go.kr
B000006354,가평초등학교,8321000,고창군,전북특별자치도고창교육지원청,전북특별자치도 고창군 신림면 가평로 472,공립,false,35.47791066,126.738514,elem,true,data.go.kr
B000006250,간중초등학교,8321000,완주군,전북특별자치도완주교육지원청,전북특별자치도 완주군 용진읍 간중길 39,공립,false,35.89126699,127.1817903,elem,true,data.go.kr
B000006313,갈담초등학교,8321000,임실군,전북특별자치도임실교육지원청,전북특별자치도 임실군 강진면 호국로 65,공립,false,35.53183596,127.1659993,elem,true,data.go.kr
B000006171,감곡초등학교,8321000,정읍시,전북특별자치도정읍교육지원청,전북특별자치도 정읍시 감곡면 감곡동서로 355,공립,false,35.71813902,126.9255381,elem,true,data.go.kr
B000006067,개정초등학교,8321000,군산시,전북특별자치도군산교육지원청,전북특별자치도 군산시 개정면 동정1길 5,공립,false,35.96317048,126.7690744,elem,true,data.go.kr
B000006366,격포초등학교,8321000,부안군,전북특별자치도부안교육지원청,전북특별자치도 부안군 변산면 격포윗길 11,공립,false,35.62524514,126.4743847,elem,true,data.go.kr
B000006299,계남초등학교,8321000,장수군,전북특별자치도장수교육지원청,전북특별자치도 장수군 계남면 조곡길 1,공립,false,35.70217071,127.577846,elem,true,data.go.kr
B000006302,계북초등학교,8321000,장수군,전북특별자치도장수교육지원청,전북특별자치도 장수군 계북면 문성길 7,공립,false,35.78718361,127.6175041,elem,true,data.go.kr
B000006166,고부초등학교,8321000,정읍시,전북특별자치도정읍교육지원청,전북특별자치도 정읍시 고부면 교동3길 14,공립,false,35.62075142,126.7722149,elem,true,data.go.kr
B000006265,고산초등학교,8321000,완주군,전북특별자치도완주교육지원청,전북특별자치도 완주군 고산면 고산로 153,공립,false,35.97543375,127.2141308,elem,true,data.go.kr
B000006339,고수초등학교,8321000,고창군,전북특별자치도고창교육지원청,전북특별자치도 고창군 고수면 고수로 93,공립,false,35.40447498,126.6859986,elem,true,data.go.kr
B000006335,고창남초등학교,8321000,고창군,전북특별자치도고창교육지원청,전북특별자치도 고창군 고창읍 중거리당산로 111,공립,false,35.42919412,126.6975415,elem,true,data.go.kr
B000006352,고창부안초등학교,8321000,고창군,전북특별자치도고창교육지원청,전북특별자치도 고창군 부안면 복분자로 806,공립,false,35.51185576,126.6632169,elem,true,data.go.kr
B000006334,고창초등학교,8321000,고창군,전북특별자치도고창교육지원청,전북특별자치도 고창군 고창읍 중앙로 259,공립,false,35.43636851,126.703322,elem,true,data.go.kr
B000006372,곰소초등학교,8321000,부안군,전북특별자치도부안교육지원청,전북특별자치도 부안군 진서면 작도길 7,공립,false,35.596183,126.5995936,elem,true,data.go.kr
B000006227,공덕초등학교,8321000,김제시,전북특별자치도김제교육지원청,전북특별자치도 김제시 공덕면 공덕로 248,공립,false,35.89465475,126.9116039,elem,true,data.go.kr
B000006344,공음초등학교,8321000,고창군,전북특별자치도고창교육지원청,전북특별자치도 고창군 공음면 공음길 20,공립,false,35.3768941,126.5114306,elem,true,data.go.kr
B000006306,관촌초등학교,8321000,임실군,전북특별자치도임실교육지원청,전북특별자치도 임실군 관촌면 사선6길 11,공립,false,35.67655579,127.270434,elem,true,data.go.kr
B000006219,광활초등학교,8321000,김제시,전북특별자치도김제교육지원청,전북특별자치도 김제시 광활면 광활11길 37,공립,false,35.8339488,126.7403601,elem,true,data.go.kr
B000006292,괴목초등학교,8321000,무주군,전북특별자치도무주교육지원청,전북특별자치도 무주군 적상면 괴목로 536-4,공립,false,35.9466345,127.7160372,elem,true,data.go.kr
B000006149,교암초등학교,8321000,정읍시,전북특별자치도정읍교육지원청,전북특별자치도 정읍시 정읍사로 179,공립,false,35.52603685,126.8457849,elem,true,data.go.kr
B000006328,구림초등학교,8321000,순창군,전북특별자치도순창교육지원청,전북특별자치도 순창군 구림면 방화로 6,공립,false,35.45297226,127.100401,elem,true,data.go.kr
B000006255,구이초등학교,8321000,완주군,전북특별자치도완주교육지원청,전북특별자치도 완주군 구이면 구이로 1357,공립,false,35.7209104,127.1186562,elem,true,data.go.kr
B000006291,구천초등학교,8321000,무주군,전북특별자치도무주교육지원청,전북특별자치도 무주군 설천면 구천동로 898,공립,false,35.90923733,127.7771967,elem,true,data.go.kr
B000006053,군산경포초등학교,8321000,군산시,전북특별자치도군산교육지원청,전북특별자치도 군산시 백릉로 75,공립,false,35.97659337,126.7347144,elem,true,data.go.kr
B000006047,군산구암초등학교,8321000,군산시,전북특별자치도군산교육지원청,전북특별자치도 군산시 경암3길 64-1,공립,false,35.9807728,126.7319763,elem,true,data.go.kr
B000006028,군산금광초등학교,8321000,군산시,전북특별자치도군산교육지원청,전북특별자치도 군산시 대학로 100,공립,false,35.98219065,126.7062198,elem,true,data.go.kr
B000026538,군산금빛초등학교,8321000,군산시,전북특별자치도군산교육지원청,전북특별자치도 군산시 궁포3로 48,공립,false,35.97960611,126.7423004,elem,true,data.go.kr
B000006036,군산나운초등학교,8321000,군산시,전북특별자치도군산교육지원청,전북특별자치도 군산시 신설로 50,공립,false,35.97270666,126.6922692,elem,true,data.go.kr
B000006031,군산남초등학교,8321000,군산시,전북특별자치도군산교육지원청,전북특별자치도 군산시 삼학7길 4,공립,false,35.97826042,126.714884,elem,true,data.go.kr
B000030908,군산내흥초등학교,8321000,군산시,전북특별자치도군산교육지원청,전북특별자치도 군산시 내흥동 1063,공립,false,35.99467147,126.755846,elem,true,data.go.kr
B000006044,군산동초등학교,8321000,군산시,전북특별자치도군산교육지원청,전북특별자치도 군산시 번영로 181,공립,false,35.96496069,126.7381229,elem,true,data.go.kr
B000006050,군산문화초등학교,8321000,군산시,전북특별자치도군산교육지원청,전북특별자치도 군산시 문화안길 51,공립,false,35.9747088,126.7034661,elem,true,data.go.kr
B000006054,군산미성초등학교,8321000,군산시,전북특별자치도군산교육지원청,전북특별자치도 군산시 칠성2길 27,공립,false,35.95792208,126.6743162,elem,true,data.go.kr
B000006042,군산미장초등학교,8321000,군산시,전북특별자치도군산교육지원청,전북특별자치도 군산시 미장안길 14,공립,false,35.96569908,126.7275065,elem,true,data.go.kr
B000006046,군산산북초등학교,8321000,군산시,전북특별자치도군산교육지원청,전북특별자치도 군산시 원산북2길 29,공립,false,35.96427778,126.681832,elem,true,data.go.kr
B000006033,군산서초등학교,8321000,군산시,전북특별자치도군산교육지원청,전북특별자치도 군산시 중앙로 230,공립,false,35.99063512,126.7065216,elem,true,data.go.kr
B000006049,군산서해초등학교,8321000,군산시,전북특별자치도군산교육지원청,전북특별자치도 군산시 의료원로 162,공립,false,35.95964591,126.6998994,elem,true,data.go.kr
B000006040,군산수송초등학교,8321000,군산시,전북특별자치도군산교육지원청,전북특별자치도 군산시 월명로 312,공립,false,35.97281679,126.7164444,elem,true,data.go.kr
B000006048,군산신풍초등학교,8321000,군산시,전북특별자치도군산교육지원청,전북특별자치도 군산시 하나운3길 7,공립,false,35.96377098,126.6957922,elem,true,data.go.kr
B000006037,군산신흥초등학교,8321000,군산시,전북특별자치도군산교육지원청,전북특별자치도 군산시 백토로 129,공립,false,35.96810988,126.706831,elem,true,data.go.kr
B000006024,군산아리울초등학교,8321000,군산시,전북특별자치도군산교육지원청,전북특별자치도 군산시 수송동로 90,공립,false,35.96771396,126.7203082,elem,true,data.go.kr
B000006039,군산용문초등학교,8321000,군산시,전북특별자치도군산교육지원청,전북특별자치도 군산시 미룡로 32-8,공립,false,35.94228639,126.6886769,elem,true,data.go.kr
B000024365,군산월명초등학교,8321000,군산시,전북특별자치도군산교육지원청,전북특별자치도 군산시 수송동로 24,공립,false,35.96198092,126.7202647,elem,true,data.go.kr
B000006027,군산중앙초등학교,8321000,군산시,전북특별자치도군산교육지원청,전북특별자치도 군산시 중앙로 91,공립,false,35.98147183,126.7162723,elem,true,data.go.kr
B000006043,군산지곡초등학교,8321000,군산시,전북특별자치도군산교육지원청,전북특별자치도 군산시 신지길 26,공립,false,35.95759841,126.7070538,elem,true,data.go.kr
B000006035,군산진포초등학교,8321000,군산시,전북특별자치도군산교육지원청,전북특별자치도 군산시 나운안길 54,공립,false,35.96584164,126.7050252,elem,true,data.go.kr
B000026311,군산초등학교,8321000,군산시,전북특별자치도군산교육지원청,전북특별자치도 군산시 지곡로 68,공립,false,35.9531339,126.7100482,elem,true,data.go.kr
B000006041,군산푸른솔초등학교,8321000,군산시,전북특별자치도군산교육지원청,전북특별자치도 군산시 축동로 20,공립,false,35.96146082,126.7113629,elem,true,data.go.kr
B000006032,군산풍문초등학교,8321000,군산시,전북특별자치도군산교육지원청,전북특별자치도 군산시 풍마길 22,공립,false,35.97727412,126.7187459,elem,true,data.go.kr
B000006030,군산흥남초등학교,8321000,군산시,전북특별자치도군산교육지원청,전북특별자치도 군산시 서흥안2길 20,공립,false,35.97177485,126.7086852,elem,true,data.go.kr
B000006326,금과초등학교,8321000,순창군,전북특별자치도순창교육지원청,전북특별자치도 순창군 금과면 신매우1길 11,공립,false,35.33996644,127.0871534,elem,true,data.go.kr
B000006231,금구초등학교,8321000,김제시,전북특별자치도김제교육지원청,전북특별자치도 김제시 금구면 금구로 40,공립,false,35.7744982,127.0125018,elem,true,data.go.kr
B000006133,금마초등학교,8321000,익산시,전북특별자치도익산교육지원청,전북특별자치도 익산시 금마면 금마4길 38,공립,false,35.99106771,127.055920,elem,true,data.go.kr
B000006235,금산초등학교,8321000,김제시,전북특별자치도김제교육지원청,전북특별자치도 김제시 금산면 모악로 383,공립,false,35.72072233,127.0321781,elem,true,data.go.kr
B000006201,금지초등학교,8321000,남원시,전북특별자치도남원교육지원청,전북특별자치도 남원시 금지면 택내길 36-37,공립,false,35.33345585,127.2934695,elem,true,data.go.kr
B000006210,김제검산초등학교,8321000,김제시,전북특별자치도김제교육지원청,전북특별자치도 김제시 도작로 122,공립,false,35.80626934,126.8999237,elem,true,data.go.kr
B000006211,김제동초등학교,8321000,김제시,전북특별자치도김제교육지원청,전북특별자치도 김제시 중앙13길 18,공립,false,35.79479281,126.9009833,elem,true,data.go.kr
B000006206,김제북초등학교,8321000,김제시,전북특별자치도김제교육지원청,전북특별자치도 김제시 콩쥐팥쥐로 306-56,공립,false,35.81496393,126.9338485,elem,true,data.go.kr
B000006212,김제중앙초등학교,8321000,김제시,전북특별자치도김제교육지원청,전북특별자치도 김제시 동서로 193,공립,false,35.8009089,126.8887509,elem,true,data.go.kr
B000006213,김제초등학교,8321000,김제시,전북특별자치도김제교육지원청,전북특별자치도 김제시 서낭당길 31,공립,false,35.80175343,126.887372,elem,true,data.go.kr
B000006063,나포초등학교,8321000,군산시,전북특별자치도군산교육지원청,전북특별자치도 군산시 나포면 교동1길 23,공립,false,36.0304495,126.8336366,elem,true,data.go.kr
B000006223,난산초등학교,8321000,김제시,전북특별자치도김제교육지원청,전북특별자치도 김제시 백구면 금백로 1213,공립,false,35.8774561,126.9958992,elem,true,data.go.kr
B000006256,남관초등학교,8321000,완주군,전북특별자치도완주교육지원청,전북특별자치도 완주군 상관면 마자길 7,공립,false,35.72331461,127.2336338,elem,true,data.go.kr
B000006229,남양초등학교,8321000,김제시,전북특별자치도김제교육지원청,전북특별자치도 김제시 황산면 남산로 366,공립,false,35.78316833,126.974558,elem,true,data.go.kr
B000006179,남원교룡초등학교,8321000,남원시,전북특별자치도남원교육지원청,전북특별자치도 남원시 광천남길 654,공립,false,35.41665571,127.3782083,elem,true,data.go.kr
B000006180,남원노암초등학교,8321000,남원시,전북특별자치도남원교육지원청,전북특별자치도 남원시 여수길 14,공립,false,35.39594928,127.3764888,elem,true,data.go.kr
B000006204,남원대산초등학교,8321000,남원시,전북특별자치도남원교육지원청,전북특별자치도 남원시 대산면 운교1길 10,공립,false,35.43207083,127.3270162,elem,true,data.go.kr
B000006182,남원도통초등학교,8321000,남원시,전북특별자치도남원교육지원청,전북특별자치도 남원시 대교2길 22,공립,false,35.413792,127.3947577,elem,true,data.go.kr
B000006205,남원서원초등학교,8321000,남원시,전북특별자치도남원교육지원청,전북특별자치도 남원시 대산면 남문로 109,공립,false,35.4046548,127.3434735,elem,true,data.go.kr
B000006181,남원왕치초등학교,8321000,남원시,전북특별자치도남원교육지원청,전북특별자치도 남원시 박달길 37,공립,false,35.43458682,127.3822648,elem,true,data.go.kr
B000006187,남원용성초등학교,8321000,남원시,전북특별자치도남원교육지원청,전북특별자치도 남원시 용성로 29,공립,false,35.40936565,127.3798565,elem,true,data.go.kr
B000006184,남원월락초등학교,8321000,남원시,전북특별자치도남원교육지원청,전북특별자치도 남원시 용성로 321,공립,false,35.42367061,127.4044804,elem,true,data.go.kr
B000006183,남원중앙초등학교,8321000,남원시,전북특별자치도남원교육지원청,전북특별자치도 남원시 동림로 36,공립,false,35.41299312,127.3901121,elem,true,data.go.kr
B000006186,남원초등학교,8321000,남원시,전북특별자치도남원교육지원청,전북특별자치도 남원시 가방뜰길 18,공립,false,35.40242332,127.3746726,elem,true,data.go.kr
B000006132,낭산초등학교,8321000,익산시,전북특별자치도익산교육지원청,전북특별자치도 익산시 낭산면 우신길 142,공립,false,36.0666994,127.0149858,elem,true,data.go.kr
B000006150,내장초등학교,8321000,정읍시,전북특별자치도정읍교육지원청,전북특별자치도 정읍시 대석1길 13-4,공립,false,35.53504252,126.8930989,elem,true,data.go.kr
B000006170,능교초등학교,8321000,정읍시,전북특별자치도정읍교육지원청,전북특별자치도 정읍시 산내면 능교3길 13-5,공립,false,35.56762269,127.0317155,elem,true,data.go.kr
B000006114,다송초등학교,8321000,익산시,전북특별자치도익산교육지원청,전북특별자치도 익산시 함열읍 익산대로 1351,공립,false,36.04144728,126.9550746,elem,true,data.go.kr
B000006057,당북초등학교,8321000,군산시,전북특별자치도군산교육지원청,전북특별자치도 군산시 옥산면 백석로 40,공립,false,35.94666143,126.717003,elem,true,data.go.kr
B000006203,대강초등학교,8321000,남원시,전북특별자치도남원교육지원청,전북특별자치도 남원시 대강면 섬진로 852,공립,false,35.34630332,127.229151,elem,true,data.go.kr
B000006252,대덕초등학교,8321000,완주군,전북특별자치도완주교육지원청,전북특별자치도 완주군 구이면 구이로 641,공립,false,35.66076431,127.1106128,elem,true,data.go.kr
B000006307,대리초등학교,8321000,임실군,전북특별자치도임실교육지원청,전북특별자치도 임실군 신평면 대리로 187,공립,false,35.65975688,127.269925,elem,true,data.go.kr
B000006341,대산초등학교,8321000,고창군,전북특별자치도고창교육지원청,전북특별자치도 고창군 대산면 장자산로 669,공립,false,35.32857453,126.5637267,elem,true,data.go.kr
B000006350,대아초등학교,8321000,고창군,전북특별자치도고창교육지원청,전북특별자치도 고창군 아산면 녹두로 776,공립,false,35.43949724,126.6335135,elem,true,data.go.kr
B000006065,대야남초등학교,8321000,군산시,전북특별자치도군산교육지원청,전북특별자치도 군산시 대야면 남군산로 116,공립,false,35.9193117,126.8200781,elem,true,data.go.kr
B000006064,대야초등학교,8321000,군산시,전북특별자치도군산교육지원청,전북특별자치도 군산시 대야면 대야관통로 141-13,공립,false,35.94883591,126.8181746,elem,true,data.go.kr
B000006169,대흥초등학교,8321000,정읍시,전북특별자치도정읍교육지원청,전북특별자치도 정읍시 입암면 정읍남로 766,공립,false,35.52520002,126.8079807,elem,true,data.go.kr
B000006197,덕과초등학교,8321000,남원시,전북특별자치도남원교육지원청,전북특별자치도 남원시 덕과면 덕오로 298,공립,false,35.51421746,127.3537633,elem,true,data.go.kr
B000006162,덕천초등학교,8321000,정읍시,전북특별자치도정읍교육지원청,전북특별자치도 정읍시 덕천면 황토현로 831,공립,false,35.62081047,126.8442762,elem,true,data.go.kr
B000006314,덕치초등학교,8321000,임실군,전북특별자치도임실교육지원청,전북특별자치도 임실군 덕치면 인덕로 1217,공립,false,35.49562323,127.1481295,elem,true,data.go.kr
B000006323,동계초등학교,8321000,순창군,전북특별자치도순창교육지원청,전북특별자치도 순창군 동계면 동계로 35,공립,false,35.44079904,127.2400533,elem,true,data.go.kr
B000006359,동북초등학교,8321000,부안군,전북특별자치도부안교육지원청,전북특별자치도 부안군 동진면 제전길 63,공립,false,35.77573678,126.7308938,elem,true,data.go.kr
B000006332,동산초등학교,8321000,순창군,전북특별자치도순창교육지원청,전북특별자치도 순창군 복흥면 동산길 17,공립,false,35.45593279,126.9204916,elem,true,data.go.kr
B000006271,동상초등학교,8321000,완주군,전북특별자치도완주교육지원청,전북특별자치도 완주군 동상면 대아저수로 1525,공립,false,35.95777997,127.2937521,elem,true,data.go.kr
B000006145,동신초등학교,8321000,정읍시,전북특별자치도정읍교육지원청,전북특별자치도 정읍시 상동중앙로 15,공립,false,35.55834349,126.8650518,elem,true,data.go.kr
B000006260,동양초등학교,8321000,완주군,전북특별자치도완주교육지원청,전북특별자치도 완주군 소양면 전진로 1059,공립,false,35.84407494,127.2712298,elem,true,data.go.kr
B000006358,동진초등학교,8321000,부안군,전북특별자치도부안교육지원청,전북특별자치도 부안군 동진면 동진로 145,공립,false,35.75233638,126.7430445,elem,true,data.go.kr
B000006278,동향초등학교,8321000,진안군,전북특별자치도진안교육지원청,전북특별자치도 진안군 동향면 하양지1길 5,공립,false,35.83944175,127.5656987,elem,true,data.go.kr
B000006346,동호초등학교,8321000,고창군,전북특별자치도고창교육지원청,전북특별자치도 고창군 해리면 신동호길 18,공립,false,35.50756379,126.4941685,elem,true,data.go.kr
B000006279,마령초등학교,8321000,진안군,전북특별자치도진안교육지원청,전북특별자치도 진안군 마령면 임진로 2122,공립,false,35.73550676,127.3691924,elem,true,data.go.kr
B000006310,마암초등학교,8321000,임실군,전북특별자치도임실교육지원청,전북특별자치도 임실군 운암면 마암2길 84,공립,false,35.60310732,127.1045917,elem,true,data.go.kr
B000006215,만경초등학교,8321000,김제시,전북특별자치도김제교육지원청,전북특별자치도 김제시 만경읍 능제2길 2,공립,false,35.8541727,126.8229525,elem,true,data.go.kr
B000006130,망성초등학교,8321000,익산시,전북특별자치도익산교육지원청,전북특별자치도 익산시 망성면 여강로 903,공립,false,36.12069957,127.0286424,elem,true,data.go.kr
B000006342,매산초등학교,8321000,고창군,전북특별자치도고창교육지원청,전북특별자치도 고창군 대산면 매산초등길 22,공립,false,35.34022886,126.5945381,elem,true,data.go.kr
B000006078,무녀도초등학교,8321000,군산시,전북특별자치도군산교육지원청,전북특별자치도 군산시 옥도면 무녀도2길 33,공립,false,35.80466804,126.4237472,elem,true,data.go.kr
B000006345,무장초등학교,8321000,고창군,전북특별자치도고창교육지원청,전북특별자치도 고창군 무장면 무장초등길 24,공립,false,35.41440168,126.5644772,elem,true,data.go.kr
B000006286,무주중앙초등학교,8321000,무주군,전북특별자치도무주교육지원청,전북특별자치도 무주군 무주읍 향학로 87,공립,false,36.01276658,127.6645466,elem,true,data.go.kr
B000006285,무주초등학교,8321000,무주군,전북특별자치도무주교육지원청,전북특별자치도 무주군 무주읍 향한로 43,공립,false,36.01027836,127.6603152,elem,true,data.go.kr
B000006288,무풍초등학교,8321000,무주군,전북특별자치도무주교육지원청,전북특별자치도 무주군 무풍면 대덕산로 926,공립,false,35.96756925,127.848361,elem,true,data.go.kr
B000006051,문창초등학교,8321000,군산시,전북특별자치도군산교육지원청,전북특별자치도 군산시 공항로 394,공립,false,35.95624713,126.6549529,elem,true,data.go.kr
B000006038,미룡초등학교,8321000,군산시,전북특별자치도군산교육지원청,전북특별자치도 군산시 대학로 498-10,공립,false,35.95086947,126.6851152,elem,true,data.go.kr
B000006134,미륵초등학교,8321000,익산시,전북특별자치도익산교육지원청,전북특별자치도 익산시 금마면 용순길 243,공립,false,36.00138197,127.0226167,elem,true,data.go.kr
B000006066,발산초등학교,8321000,군산시,전북특별자치도군산교육지원청,전북특별자치도 군산시 개정면 바르메길 43,공립,false,35.95859858,126.7966627,elem,true,data.go.kr
B000006224,백구초등학교,8321000,김제시,전북특별자치도김제교육지원청,전북특별자치도 김제시 백구면 석담2길 36,공립,false,35.88643131,126.9702089,elem,true,data.go.kr
B000006374,백룡초등학교,8321000,부안군,전북특별자치도부안교육지원청,전북특별자치도 부안군 백산면 시기길 15,공립,false,35.71883494,126.8100597,elem,true,data.go.kr
B000006375,백산초등학교,8321000,부안군,전북특별자치도부안교육지원청,전북특별자치도 부안군 백산면 백산로 306-7,공립,false,35.70207422,126.7881032,elem,true,data.go.kr
B000006207,백석초등학교,8321000,김제시,전북특별자치도김제교육지원청,전북특별자치도 김제시 백산로 54,공립,false,35.82867224,126.893416,elem,true,data.go.kr
B000006174,백암초등학교,8321000,정읍시,전북특별자치도정읍교육지원청,전북특별자치도 정읍시 칠보면 암축길 17,공립,false,35.61175953,126.9502612,elem,true,data.go.kr
B000006280,백운초등학교,8321000,진안군,전북특별자치도진안교육지원청,전북특별자치도 진안군 백운면 임진로 1340-8,공립,false,35.69173286,127.3992627,elem,true,data.go.kr
B000006297,번암초등학교,8321000,장수군,전북특별자치도장수교육지원청,전북특별자치도 장수군 번암면 동강길 21,공립,false,35.53434901,127.5470425,elem,true,data.go.kr
B000022898,번암초등학교동화분교장,8321000,장수군,전북특별자치도장수교육지원청,전북특별자치도 장수군 번암면 지지로 610,공립,true,35.56820249,127.5570913,elem,true,data.go.kr
B000006216,벽량초등학교,8321000,김제시,전북특별자치도김제교육지원청,전북특별자치도 김제시 부량면 대평2길 99,공립,false,35.73014148,126.8481832,elem,true,data.go.kr
B000006367,변산초등학교,8321000,부안군,전북특별자치도부안교육지원청,전북특별자치도 부안군 변산면 지서1길 11,공립,false,35.66251905,126.5280199,elem,true,data.go.kr
B000006157,보성초등학교,8321000,정읍시,전북특별자치도정읍교육지원청,전북특별자치도 정읍시 북면 연지길 38-27,공립,false,35.60334076,126.9278565,elem,true,data.go.kr
B000006189,보절초등학교,8321000,남원시,전북특별자치도남원교육지원청,전북특별자치도 남원시 보절면 신흥2길 5,공립,false,35.51427905,127.4006298,elem,true,data.go.kr
B000006329,복흥초등학교,8321000,순창군,전북특별자치도순창교육지원청,전북특별자치도 순창군 복흥면 정산로 12,공립,false,35.43121875,126.9319795,elem,true,data.go.kr
B000006233,봉남초등학교,8321000,김제시,전북특별자치도김제교육지원청,전북특별자치도 김제시 봉남면 조양1길 11,공립,false,35.76382853,126.952235,elem,true,data.go.kr
B000006249,봉동초등학교,8321000,완주군,전북특별자치도완주교육지원청,전북특별자치도 완주군 봉동읍 봉동동서로 105,공립,false,35.93849374,127.1621833,elem,true,data.go.kr
B000022891,봉동초등학교양화분교장,8321000,완주군,전북특별자치도완주교육지원청,전북특별자치도 완주군 고산면 양화로 181-7,공립,true,35.94573358,127.2053948,elem,true,data.go.kr
B000006248,봉서초등학교,8321000,완주군,전북특별자치도완주교육지원청,전북특별자치도 완주군 봉동읍 원둔산6길 5,공립,false,35.96231406,127.1251474,elem,true,data.go.kr
B000006246,봉성초등학교,8321000,완주군,전북특별자치도완주교육지원청,전북특별자치도 완주군 봉동읍 신덕성덕길 58-17,공립,false,35.92298566,127.1549096,elem,true,data.go.kr
B000006353,봉암초등학교,8321000,고창군,전북특별자치도고창교육지원청,전북특별자치도 고창군 부안면 인촌로 505,공립,false,35.55832647,126.6277495,elem,true,data.go.kr
B000006282,부귀초등학교,8321000,진안군,전북특별자치도진안교육지원청,전북특별자치도 진안군 부귀면 부귀로 313-9,공립,false,35.83740299,127.3608077,elem,true,data.go.kr
B000006293,부남초등학교,8321000,무주군,전북특별자치도무주교육지원청,전북특별자치도 무주군 부남면 대소길 10,공립,false,35.97290779,127.5597288,elem,true,data.go.kr
B000006294,부당초등학교,8321000,무주군,전북특별자치도무주교육지원청,전북특별자치도 무주군 부남면 부남로 1785,공립,false,36.01559786,127.5802828,elem,true,data.go.kr
B000006356,부안남초등학교,8321000,부안군,전북특별자치도부안교육지원청,전북특별자치도 부안군 부안읍 연곡로 7,공립,false,35.70209371,126.7343654,elem,true,data.go.kr
B000006357,부안동초등학교,8321000,부안군,전북특별자치도부안교육지원청,전북특별자치도 부안군 부안읍 석정로 313,공립,false,35.71639463,126.7383324,elem,true,data.go.kr
B000006355,부안초등학교,8321000,부안군,전북특별자치도부안교육지원청,전북특별자치도 부안군 부안읍 부풍로 29,공립,false,35.72802981,126.7340266,elem,true,data.go.kr
B000006226,부용초등학교,8321000,김제시,전북특별자치도김제교육지원청,전북특별자치도 김제시 백구면 황토로 1030,공립,false,35.87623076,126.951677,elem,true,data.go.kr
B000006158,북면초등학교,8321000,정읍시,전북특별자치도정읍교육지원청,전북특별자치도 정읍시 북면 화평길 31,공립,false,35.60314489,126.8882648,elem,true,data.go.kr
B000006240,비룡초등학교,8321000,김제시,전북특별자치도김제교육지원청,전북특별자치도 김제시 용지면 금백로 845-7,공립,false,35.84412437,126.9898157,elem,true,data.go.kr
B000006266,비봉초등학교,8321000,완주군,전북특별자치도완주교육지원청,전북특별자치도 완주군 비봉면 비봉소농길 40,공립,false,35.99799132,127.1395036,elem,true,data.go.kr
B000006196,사매초등학교,8321000,남원시,전북특별자치도남원교육지원청,전북특별자치도 남원시 사매면 오신2길 7,공립,false,35.49953263,127.3604016,elem,true,data.go.kr
B000006193,산내초등학교,8321000,남원시,전북특별자치도남원교육지원청,전북특별자치도 남원시 산내면 대정길 99,공립,false,35.41992104,127.6275656,elem,true,data.go.kr
B000006195,산동초등학교,8321000,남원시,전북특별자치도남원교육지원청,전북특별자치도 남원시 산동면 요천로 2929,공립,false,35.49231232,127.4767197,elem,true,data.go.kr
B000006298,산서초등학교,8321000,장수군,전북특별자치도장수교육지원청,전북특별자치도 장수군 산서면 동백로 7,공립,false,35.5878591,127.3952909,elem,true,data.go.kr
B000006176,산외초등학교,8321000,정읍시,전북특별자치도정읍교육지원청,전북특별자치도 정읍시 산외면 운전2길 7,공립,false,35.62040891,127.0404365,elem,true,data.go.kr
B000006317,삼계초등학교,8321000,임실군,전북특별자치도임실교육지원청,전북특별자치도 임실군 삼계면 삼계1길 20-3,공립,false,35.50688093,127.2772255,elem,true,data.go.kr
B000006119,삼기초등학교,8321000,익산시,전북특별자치도익산교육지원청,전북특별자치도 익산시 삼기면 황금로 523,공립,false,36.02006653,126.9854993,elem,true,data.go.kr
B000027502,삼례동초등학교,8321000,완주군,전북특별자치도완주교육지원청,전북특별자치도 완주군 삼례읍 삼봉4로 9,공립,false,35.92248787,127.1177604,elem,true,data.go.kr
B000006242,삼례중앙초등학교,8321000,완주군,전북특별자치도완주교육지원청,전북특별자치도 완주군 삼례읍 웃삼례길 17-10,공립,false,35.91952201,127.0815038,elem,true,data.go.kr
B000006244,삼례초등학교,8321000,완주군,전북특별자치도완주교육지원청,전북특별자치도 완주군 삼례읍 후정로 30,공립,false,35.9107679,127.0688479,elem,true,data.go.kr
B000006264,삼우초등학교,8321000,완주군,전북특별자치도완주교육지원청,전북특별자치도 완주군 고산면 천호로 27-16,공립,false,35.9673005,127.1805596,elem,true,data.go.kr
B000006257,상관초등학교,8321000,완주군,전북특별자치도완주교육지원청,전북특별자치도 완주군 상관면 신리로 115,공립,false,35.77231085,127.2059173,elem,true,data.go.kr
B000006369,상서초등학교,8321000,부안군,전북특별자치도부안교육지원청,전북특별자치도 부안군 상서면 고인돌로 314,공립,false,35.70784637,126.6599137,elem,true,data.go.kr
B000006348,상하초등학교,8321000,고창군,전북특별자치도고창교육지원청,전북특별자치도 고창군 상하면 상하1길 36,공립,false,35.44443328,126.4880367,elem,true,data.go.kr
B000024227,새만금초등학교,8321000,군산시,전북특별자치도군산교육지원청,전북특별자치도 군산시 요죽5길 42,공립,false,35.96731265,126.5614534,elem,true,data.go.kr
B000006072,서수초등학교,8321000,군산시,전북특별자치도군산교육지원청,전북특별자치도 군산시 서수면 항쟁로 199,공립,false,35.98269619,126.8767945,elem,true,data.go.kr
B000006148,서신초등학교,8321000,정읍시,전북특별자치도정읍교육지원청,전북특별자치도 정읍시 소성상평로 401-5,공립,false,35.56334996,126.8217716,elem,true,data.go.kr
B000006120,석불초등학교,8321000,익산시,전북특별자치도익산교육지원청,전북특별자치도 익산시 삼기면 진북로 267,공립,false,36.02994903,127.005968,elem,true,data.go.kr
B000006287,설천초등학교,8321000,무주군,전북특별자치도무주교육지원청,전북특별자치도 무주군 설천면 무설로 1599,공립,false,36.00928507,127.7888836,elem,true,data.go.kr
B000006336,성내초등학교,8321000,고창군,전북특별자치도고창교육지원청,전북특별자치도 고창군 성내면 시기2길 2,공립,false,35.53805506,126.7447764,elem,true,data.go.kr
B000006123,성당초등학교,8321000,익산시,전북특별자치도익산교육지원청,전북특별자치도 익산시 성당면 성당로 354-16,공립,false,36.1000014,126.9262099,elem,true,data.go.kr
B000006218,성덕초등학교,8321000,김제시,전북특별자치도김제교육지원청,전북특별자치도 김제시 성덕면 대석로 75,공립,false,35.82015047,126.807215,elem,true,data.go.kr
B000006129,성북초등학교,8321000,익산시,전북특별자치도익산교육지원청,전북특별자치도 익산시 망성면 신작길 17-5,공립,false,36.1465224,127.0081046,elem,true,data.go.kr
B000006061,성산초등학교,8321000,군산시,전북특별자치도군산교육지원청,전북특별자치도 군산시 성산면 동군산로 39,공립,false,35.99058423,126.7858263,elem,true,data.go.kr
B000006340,성송초등학교,8321000,고창군,전북특별자치도고창교육지원청,전북특별자치도 고창군 성송면 백토1길 10,공립,false,35.35625104,126.6435418,elem,true,data.go.kr
B000006315,성수초등학교,8321000,임실군,전북특별자치도임실교육지원청,전북특별자치도 임실군 성수면 임진로 189,공립,false,35.6297244,127.3303375,elem,true,data.go.kr
B000006052,소룡초등학교,8321000,군산시,전북특별자치도군산교육지원청,전북특별자치도 군산시 설림길 55,공립,false,35.97466179,126.6824766,elem,true,data.go.kr
B000006167,소성초등학교,8321000,정읍시,전북특별자치도정읍교육지원청,전북특별자치도 정읍시 소성면 보화1길 130,공립,false,35.55442787,126.777239,elem,true,data.go.kr
B000006259,소양서초등학교,8321000,완주군,전북특별자치도완주교육지원청,전북특별자치도 완주군 소양면 명덕로 38,공립,false,35.8598927,127.2106093,elem,true,data.go.kr
B000006261,소양초등학교,8321000,완주군,전북특별자치도완주교육지원청,전북특별자치도 완주군 소양면 소양로 239,공립,false,35.85688149,127.2342029,elem,true,data.go.kr
B000006258,송광초등학교,8321000,완주군,전북특별자치도완주교육지원청,전북특별자치도 완주군 소양면 송광새터길 16-3,공립,false,35.88560926,127.245242,elem,true,data.go.kr
B000006199,송동초등학교,8321000,남원시,전북특별자치도남원교육지원청,전북특별자치도 남원시 송동면 노송로 624-6,공립,false,35.35528251,127.3361893,elem,true,data.go.kr
B000006284,송풍초등학교,8321000,진안군,전북특별자치도진안교육지원청,전북특별자치도 진안군 용담면 안용로 1005,공립,false,35.9652011,127.5185427,elem,true,data.go.kr
B000006178,수곡초등학교,8321000,정읍시,전북특별자치도정읍교육지원청,전북특별자치도 정읍시 칠보면 여옥길 11,공립,false,35.56783407,126.9585692,elem,true,data.go.kr
B000006295,수남초등학교,8321000,장수군,전북특별자치도장수교육지원청,전북특별자치도 장수군 장수읍 장수로 1898,공립,false,35.6253493,127.5073013,elem,true,data.go.kr
B000006198,수지초등학교,8321000,남원시,전북특별자치도남원교육지원청,전북특별자치도 남원시 수지면 내호곡3길 21,공립,false,35.33700444,127.3735189,elem,true,data.go.kr
B000006320,순창중앙초등학교,8321000,순창군,전북특별자치도순창교육지원청,전북특별자치도 순창군 순창읍 장류로 385,공립,false,35.37769818,127.1445028,elem,true,data.go.kr
B000006321,순창초등학교,8321000,순창군,전북특별자치도순창교육지원청,전북특별자치도 순창군 순창읍 순창7길 40,공립,false,35.37514363,127.1391902,elem,true,data.go.kr
B000006069,술산초등학교,8321000,군산시,전북특별자치도군산교육지원청,전북특별자치도 군산시 임피면 남산로 26-13,공립,false,35.95713333,126.8623024,elem,true,data.go.kr
B000006333,시산초등학교,8321000,순창군,전북특별자치도순창교육지원청,전북특별자치도 순창군 쌍치면 시산길 45,공립,false,35.49136038,126.9813806,elem,true,data.go.kr
B000006338,신림초등학교,8321000,고창군,전북특별자치도고창교육지원청,전북특별자치도 고창군 신림면 동법지길 61,공립,false,35.49424843,126.7001969,elem,true,data.go.kr
B000006156,신태인초등학교,8321000,정읍시,전북특별자치도정읍교육지원청,전북특별자치도 정읍시 신태인읍 신태인1길 54-3,공립,false,35.68619174,126.8896769,elem,true,data.go.kr
B000006308,신평초등학교,8321000,임실군,전북특별자치도임실교육지원청,전북특별자치도 임실군 신평면 가덕로 683,공립,false,35.65760459,127.2263267,elem,true,data.go.kr
B000006349,심원초등학교,8321000,고창군,전북특별자치도고창교육지원청,전북특별자치도 고창군 심원면 심원로 229,공립,false,35.52571291,126.5523901,elem,true,data.go.kr
B000006330,쌍치초등학교,8321000,순창군,전북특별자치도순창교육지원청,전북특별자치도 순창군 쌍치면 반계길 40,공립,false,35.50160511,127.0026687,elem,true,data.go.kr
B000006351,아산초등학교,8321000,고창군,전북특별자치도고창교육지원청,전북특별자치도 고창군 아산면 영모정길 45,공립,false,35.48332243,126.6054618,elem,true,data.go.kr
B000006194,아영초등학교,8321000,남원시,전북특별자치도남원교육지원청,전북특별자치도 남원시 아영면 고인청계길 15,공립,false,35.50589395,127.6097024,elem,true,data.go.kr
B000006290,안성초등학교,8321000,무주군,전북특별자치도무주교육지원청,전북특별자치도 무주군 안성면 칠연로 58,공립,false,35.86576627,127.6553047,elem,true,data.go.kr
B000006277,안천초등학교,8321000,진안군,전북특별자치도진안교육지원청,전북특별자치도 진안군 안천면 진무로 3071-9,공립,false,35.90029728,127.5601694,elem,true,data.go.kr
B000006138,여산초등학교,8321000,익산시,전북특별자치도익산교육지원청,전북특별자치도 익산시 여산면 동헌길 14,공립,false,36.05857695,127.0876745,elem,true,data.go.kr
B000006136,영만초등학교,8321000,익산시,전북특별자치도익산교육지원청,전북특별자치도 익산시 오산면 선화로4길 42-9,공립,false,35.94770926,126.9309766,elem,true,data.go.kr
B000006143,영산초등학교,8321000,정읍시,전북특별자치도정읍교육지원청,전북특별자치도 정읍시 하북1길 217,공립,false,35.59908625,126.8625184,elem,true,data.go.kr
B000006164,영원초등학교,8321000,정읍시,전북특별자치도정읍교육지원청,전북특별자치도 정읍시 영원면 영원로 1087,공립,false,35.65552711,126.7836134,elem,true,data.go.kr
B000006370,영전초등학교,8321000,부안군,전북특별자치도부안교육지원청,전북특별자치도 부안군 보안면 부안로 1158,공립,false,35.6117248,126.6697575,elem,true,data.go.kr
B000006192,오동초등학교,8321000,남원시,전북특별자치도남원교육지원청,전북특별자치도 남원시 이백면 이백로 147,공립,false,35.42730863,127.4233385,elem,true,data.go.kr
B000006059,오봉초등학교,8321000,군산시,전북특별자치도군산교육지원청,전북특별자치도 군산시 회현면 오봉길 55,공립,false,35.88835686,126.7255771,elem,true,data.go.kr
B000006135,오산남초등학교,8321000,익산시,전북특별자치도익산교육지원청,전북특별자치도 익산시 오산면 남전1길 27,공립,false,35.92784436,126.8934248,elem,true,data.go.kr
B000006137,오산초등학교,8321000,익산시,전북특별자치도익산교육지원청,전북특별자치도 익산시 오산면 오산로 38,공립,false,35.94190381,126.9158496,elem,true,data.go.kr
B000006316,오수초등학교,8321000,임실군,전북특별자치도임실교육지원청,전북특별자치도 임실군 오수면 충효로 2059,공립,false,35.54270606,127.3273432,elem,true,data.go.kr
B000006272,오천초등학교,8321000,진안군,전북특별자치도진안교육지원청,전북특별자치도 진안군 진안읍 죽산로 5,공립,false,35.77627462,127.4928803,elem,true,data.go.kr
B000006056,옥구초등학교,8321000,군산시,전북특별자치도군산교육지원청,전북특별자치도 군산시 옥구읍 옥구로 50,공립,false,35.9224527,126.6801779,elem,true,data.go.kr
B000006073,옥봉초등학교,8321000,군산시,전북특별자치도군산교육지원청,전북특별자치도 군산시 옥서면 옥봉초교길 29,공립,false,35.92704123,126.641888,elem,true,data.go.kr
B000006058,옥산초등학교,8321000,군산시,전북특별자치도군산교육지원청,전북특별자치도 군산시 옥산면 여로2길 40,공립,false,35.94073243,126.7494349,elem,true,data.go.kr
B000006319,옥천초등학교,8321000,순창군,전북특별자치도순창교육지원청,전북특별자치도 순창군 순창읍 순창6길 33,공립,false,35.37302512,127.1464854,elem,true,data.go.kr
B000006173,옹동초등학교,8321000,정읍시,전북특별자치도정읍교육지원청,전북특별자치도 정읍시 옹동면 칠석1길 29-7,공립,false,35.64728052,126.9763458,elem,true,data.go.kr
B000006141,왕궁남초등학교,8321000,익산시,전북특별자치도익산교육지원청,전북특별자치도 익산시 왕궁면 학호길 12,공립,false,35.92708238,127.0755188,elem,true,data.go.kr
B000006139,왕궁초등학교,8321000,익산시,전북특별자치도익산교육지원청,전북특별자치도 익산시 왕궁면 견우길 3,공립,false,35.96630478,127.0898836,elem,true,data.go.kr
B000006140,왕북초등학교,8321000,익산시,전북특별자치도익산교육지원청,전북특별자치도 익산시 왕궁면 금광길 54-12,공립,false,35.99101532,127.1040758,elem,true,data.go.kr
B000006281,외궁초등학교,8321000,진안군,전북특별자치도진안교육지원청,전북특별자치도 진안군 성수면 가외반로 498,공립,false,35.70655516,127.3259108,elem,true,data.go.kr
B000006126,용남초등학교,8321000,익산시,전북특별자치도익산교육지원청,전북특별자치도 익산시 용안면 입산길 13,공립,false,36.09555238,126.9626158,elem,true,data.go.kr
B000006241,용동초등학교,8321000,김제시,전북특별자치도김제교육지원청,전북특별자치도 김제시 용지면 용덕길 36,공립,false,35.85457978,127.003365,elem,true,data.go.kr
B000006247,용봉초등학교,8321000,완주군,전북특별자치도완주교육지원청,전북특별자치도 완주군 봉동읍 완주로 449,공립,false,35.90580105,127.1559487,elem,true,data.go.kr
B000006127,용북초등학교,8321000,익산시,전북특별자치도익산교육지원청,전북특별자치도 익산시 용안면 용북로 81,공립,false,36.13432786,126.9477189,elem,true,data.go.kr
B000006117,용산초등학교,8321000,익산시,전북특별자치도익산교육지원청,전북특별자치도 익산시 황등면 용산로 193,공립,false,36.04017955,126.938305,elem,true,data.go.kr
B000006131,용성초등학교,8321000,익산시,전북특별자치도익산교육지원청,전북특별자치도 익산시 낭산면 하맹길 183,공립,false,36.05656593,126.9996425,elem,true,data.go.kr
B000006125,용안초등학교,8321000,익산시,전북특별자치도익산교육지원청,전북특별자치도 익산시 용안면 용안교동1길 6-1,공립,false,36.12068685,126.954445,elem,true,data.go.kr
B000006239,용지초등학교,8321000,김제시,전북특별자치도김제교육지원청,전북특별자치도 김제시 용지면 용지로 462,공립,false,35.85413529,126.9586371,elem,true,data.go.kr
B000006251,용진초등학교,8321000,완주군,전북특별자치도완주교육지원청,전북특별자치도 완주군 용진읍 상삼1길 52,공립,false,35.85750982,127.1769587,elem,true,data.go.kr
B000006368,우덕초등학교,8321000,부안군,전북특별자치도부안교육지원청,전북특별자치도 부안군 상서면 부안로 1971,공립,false,35.68361214,126.6761647,elem,true,data.go.kr
B000006188,운봉초등학교,8321000,남원시,전북특별자치도남원교육지원청,전북특별자치도 남원시 운봉읍 운봉로 725,공립,false,35.44128653,127.5330641,elem,true,data.go.kr
B000006311,운암초등학교,8321000,임실군,전북특별자치도임실교육지원청,전북특별자치도 임실군 운암면 상운길 12,공립,false,35.66390758,127.1564253,elem,true,data.go.kr
B000006268,운주초등학교,8321000,완주군,전북특별자치도완주교육지원청,전북특별자치도 완주군 운주면 운주로 107,공립,false,36.09215567,127.277917,elem,true,data.go.kr
B000006121,웅포초등학교,8321000,익산시,전북특별자치도익산교육지원청,전북특별자치도 익산시 웅포면 강변로 10-1,공립,false,36.0650017,126.8782942,elem,true,data.go.kr
B000006190,원천초등학교,8321000,남원시,전북특별자치도남원교육지원청,전북특별자치도 남원시 주천면 외평2길 23,공립,false,35.38845557,127.4454244,elem,true,data.go.kr
B000006238,원평초등학교,8321000,김제시,전북특별자치도김제교육지원청,전북특별자치도 김제시 금산면 원평로 101,공립,false,35.71738385,126.9944178,elem,true,data.go.kr
B000006208,월성초등학교,8321000,김제시,전북특별자치도김제교육지원청,전북특별자치도 김제시 봉황로 1020,공립,false,35.76016231,126.910175,elem,true,data.go.kr
B000006209,월촌초등학교,8321000,김제시,전북특별자치도김제교육지원청,전북특별자치도 김제시 입석7길 119,공립,false,35.7891504,126.8681157,elem,true,data.go.kr
B000006376,위도초등학교,8321000,부안군,전북특별자치도부안교육지원청,전북특별자치도 부안군 위도면 진리잔등로 113-3,공립,false,35.59607225,126.2923328,elem,true,data.go.kr
B000006324,유등초등학교,8321000,순창군,전북특별자치도순창교육지원청,전북특별자치도 순창군 유등면 유등로 413,공립,false,35.36210949,127.1884292,elem,true,data.go.kr
B000006094,이리계문초등학교,8321000,익산시,전북특별자치도익산교육지원청,전북특별자치도 익산시 계문길 79-8,공립,false,35.97365679,126.9442257,elem,true,data.go.kr
B000006107,이리고현초등학교,8321000,익산시,전북특별자치도익산교육지원청,전북특별자치도 익산시 선화로23길 44,공립,false,35.95210271,126.9468976,elem,true,data.go.kr
B000006104,이리남창초등학교,8321000,익산시,전북특별자치도익산교육지원청,전북특별자치도 익산시 인북로 171,공립,false,35.94520028,126.953875,elem,true,data.go.kr
B000006088,이리남초등학교,8321000,익산시,전북특별자치도익산교육지원청,전북특별자치도 익산시 번영로 2040-9,공립,false,35.91425607,126.9301944,elem,true,data.go.kr
B000006084,이리동남초등학교,8321000,익산시,전북특별자치도익산교육지원청,전북특별자치도 익산시 동천로7길 18,공립,false,35.93132058,126.9707108,elem,true,data.go.kr
B000006112,이리동북초등학교,8321000,익산시,전북특별자치도익산교육지원청,전북특별자치도 익산시 고봉로 190-3,공립,false,35.94912628,126.9690244,elem,true,data.go.kr
B000006085,이리동산초등학교,8321000,익산시,전북특별자치도익산교육지원청,전북특별자치도 익산시 평동로23길 46,공립,false,35.93185398,126.9639742,elem,true,data.go.kr
B000006092,이리동초등학교,8321000,익산시,전북특별자치도익산교육지원청,전북특별자치도 익산시 동서로51길 57,공립,false,35.95764207,126.9769617,elem,true,data.go.kr
B000006090,이리마한초등학교,8321000,익산시,전북특별자치도익산교육지원청,전북특별자치도 익산시 무왕로17길 47,공립,false,35.962384,126.9787336,elem,true,data.go.kr
B000006108,이리모현초등학교,8321000,익산시,전북특별자치도익산교육지원청,전북특별자치도 익산시 배산로14길 12-4,공립,false,35.94552389,126.9399632,elem,true,data.go.kr
B000006091,이리백제초등학교,8321000,익산시,전북특별자치도익산교육지원청,전북특별자치도 익산시 궁동로 29,공립,false,35.9623371,126.9739481,elem,true,data.go.kr
B000006110,이리부송초등학교,8321000,익산시,전북특별자치도익산교육지원청,전북특별자치도 익산시 부송로2길 27,공립,false,35.95523555,126.9937055,elem,true,data.go.kr
B000006109,이리부천초등학교,8321000,익산시,전북특별자치도익산교육지원청,전북특별자치도 익산시 부송1로 32,공립,false,35.95655039,126.9855239,elem,true,data.go.kr
B000006093,이리북일초등학교,8321000,익산시,전북특별자치도익산교육지원청,전북특별자치도 익산시 동서로19길 100,공립,false,35.96278758,126.9592211,elem,true,data.go.kr
B000006103,이리북초등학교,8321000,익산시,전북특별자치도익산교육지원청,전북특별자치도 익산시 인북로58길 11,공립,false,35.95263577,126.9611933,elem,true,data.go.kr
B000006101,이리삼성초등학교,8321000,익산시,전북특별자치도익산교육지원청,전북특별자치도 익산시 하나로15길 17-7,공립,false,35.98832641,126.9759497,elem,true,data.go.kr
B000006087,이리서초등학교,8321000,익산시,전북특별자치도익산교육지원청,전북특별자치도 익산시 익산대로 213,공립,false,35.94527011,126.9489539,elem,true,data.go.kr
B000006098,이리석암초등학교,8321000,익산시,전북특별자치도익산교육지원청,전북특별자치도 익산시 서동로46길 119,공립,false,35.93518731,127.0081764,elem,true,data.go.kr
B000006086,이리송학초등학교,8321000,익산시,전북특별자치도익산교육지원청,전북특별자치도 익산시 학곤로 57,공립,false,35.9369867,126.9407056,elem,true,data.go.kr
B000006111,이리신동초등학교,8321000,익산시,전북특별자치도익산교육지원청,전북특별자치도 익산시 무왕로 981,공립,false,35.96164474,126.9672193,elem,true,data.go.kr
B000006089,이리신흥초등학교,8321000,익산시,전북특별자치도익산교육지원청,전북특별자치도 익산시 하나로3길 10,공립,false,35.93481066,126.9790026,elem,true,data.go.kr
B000006113,이리영등초등학교,8321000,익산시,전북특별자치도익산교육지원청,전북특별자치도 익산시 동서로41길 37,공립,false,35.95300377,126.9723737,elem,true,data.go.kr
B000006083,이리중앙초등학교,8321000,익산시,전북특별자치도익산교육지원청,전북특별자치도 익산시 인북로 77,공립,false,35.93568016,126.9508726,elem,true,data.go.kr
B000006106,이리초등학교,8321000,익산시,전북특별자치도익산교육지원청,전북특별자치도 익산시 중앙로15길 20,공립,false,35.93866494,126.9594139,elem,true,data.go.kr
B000006097,이리팔봉초등학교,8321000,익산시,전북특별자치도익산교육지원청,전북특별자치도 익산시 무왕로31길 10,공립,false,35.96759569,127.0130223,elem,true,data.go.kr
B000006191,이백초등학교,8321000,남원시,전북특별자치도남원교육지원청,전북특별자치도 남원시 이백면 평촌길 30,공립,false,35.42974152,127.4612147,elem,true,data.go.kr
B000006263,이서초등학교,8321000,완주군,전북특별자치도완주교육지원청,전북특별자치도 완주군 이서면 이서로 76,공립,false,35.82001346,127.0248579,elem,true,data.go.kr
B000006262,이성초등학교,8321000,완주군,전북특별자치도완주교육지원청,전북특별자치도 완주군 이서면 대문안1길 23,공립,false,35.79757103,127.0450394,elem,true,data.go.kr
B000006163,이평초등학교,8321000,정읍시,전북특별자치도정읍교육지원청,전북특별자치도 정읍시 이평면 말목장터길 5-29,공립,false,35.66231646,126.8385969,elem,true,data.go.kr
B000026228,익산가온초등학교,8321000,익산시,전북특별자치도익산교육지원청,전북특별자치도 익산시 선화로1길 106,공립,false,35.95632485,126.9382581,elem,true,data.go.kr
B000006100,익산궁동초등학교,8321000,익산시,전북특별자치도익산교육지원청,전북특별자치도 익산시 무왕로25길 26,공립,false,35.96237926,126.9939129,elem,true,data.go.kr
B000006096,익산어양초등학교,8321000,익산시,전북특별자치도익산교육지원청,전북특별자치도 익산시 하나로10길 23,공립,false,35.96162472,126.9833593,elem,true,data.go.kr
B000006105,익산옥야초등학교,8321000,익산시,전북특별자치도익산교육지원청,전북특별자치도 익산시 옛둑2길 52,공립,false,35.92227222,126.959991,elem,true,data.go.kr
B000006095,익산초등학교,8321000,익산시,전북특별자치도익산교육지원청,전북특별자치도 익산시 동서로61길 27-38,공립,false,35.95459599,126.979541,elem,true,data.go.kr
B000006099,익산한벌초등학교,8321000,익산시,전북특별자치도익산교육지원청,전북특별자치도 익산시 부송1로 115,공립,false,35.95887949,126.9945279,elem,true,data.go.kr
B000006331,인계초등학교,8321000,순창군,전북특별자치도순창교육지원청,전북특별자치도 순창군 인계면 인성로 162-7,공립,false,35.41427145,127.1589261,elem,true,data.go.kr
B000006185,인월초등학교,8321000,남원시,전북특별자치도남원교육지원청,전북특별자치도 남원시 인월면 인월1길 55,공립,false,35.46409032,127.6018315,elem,true,data.go.kr
B000006304,임실기림초등학교,8321000,임실군,전북특별자치도임실교육지원청,전북특별자치도 임실군 임실읍 봉황로 369,공립,false,35.62896743,127.2898513,elem,true,data.go.kr
B000006305,임실초등학교,8321000,임실군,전북특별자치도임실교육지원청,전북특별자치도 임실군 임실읍 봉황로 64-12,공립,false,35.60726306,127.2707555,elem,true,data.go.kr
B000006068,임피초등학교,8321000,군산시,전북특별자치도군산교육지원청,전북특별자치도 군산시 임피면 동헌길 38,공립,false,35.98780018,126.8499764,elem,true,data.go.kr
B000006168,입암초등학교,8321000,정읍시,전북특별자치도정읍교육지원청,전북특별자치도 정읍시 입암면 입암중앙길 29,공립,false,35.50551794,126.7968706,elem,true,data.go.kr
B000006300,장계초등학교,8321000,장수군,전북특별자치도장수교육지원청,전북특별자치도 장수군 장계면 한들로 69,공립,false,35.73154157,127.5820143,elem,true,data.go.kr
B000006296,장수초등학교,8321000,장수군,전북특별자치도장수교육지원청,전북특별자치도 장수군 장수읍 향교길 11-8,공립,false,35.64829382,127.5226281,elem,true,data.go.kr
B000006283,장승초등학교,8321000,진안군,전북특별자치도진안교육지원청,전북특별자치도 진안군 부귀면 곰티로 1287,공립,false,35.79937969,127.3345875,elem,true,data.go.kr
B000006289,적상초등학교,8321000,무주군,전북특별자치도무주교육지원청,전북특별자치도 무주군 적상면 삼가로 16,공립,false,35.93175778,127.6558167,elem,true,data.go.kr
B000006322,적성초등학교,8321000,순창군,전북특별자치도순창교육지원청,전북특별자치도 순창군 적성면 적성로 149-7,공립,false,35.39793881,127.2095532,elem,true,data.go.kr
B000024088,전주교육대학교군산부설초등학교,8321000,군산시,전북특별자치도군산교육지원청,전북특별자치도 군산시 팔마로 185,국립,false,35.97396352,126.7226169,elem,true,data.go.kr
B000005957,전주교육대학교전주부설초등학교,8321000,전주시,전북특별자치도전주교육지원청,전북특별자치도 전주시 완산구 팔달로 74,국립,false,35.80845873,127.1511138,elem,true,data.go.kr
B000005993,전주금암초등학교,8321000,전주시,전북특별자치도전주교육지원청,전북특별자치도 전주시 덕진구 권삼득로 210,공립,false,35.83809479,127.1368539,elem,true,data.go.kr
B000006017,전주금평초등학교,8321000,전주시,전북특별자치도전주교육지원청,전북특별자치도 전주시 덕진구 명주3길 16,공립,false,35.8433282,127.1467912,elem,true,data.go.kr
B000005999,전주기린초등학교,8321000,전주시,전북특별자치도전주교육지원청,전북특별자치도 전주시 덕진구 견훤로 260,공립,false,35.83508761,127.1591784,elem,true,data.go.kr
B000005961,전주남초등학교,8321000,전주시,전북특별자치도전주교육지원청,전북특별자치도 전주시 완산구 장승배기로 376,공립,false,35.80318261,127.1510675,elem,true,data.go.kr
B000005967,전주대성초등학교,8321000,전주시,전북특별자치도전주교육지원청,전북특별자치도 전주시 완산구 고덕산1길 20,공립,false,35.79759727,127.1777868,elem,true,data.go.kr
B000005986,전주대정초등학교,8321000,전주시,전북특별자치도전주교육지원청,전북특별자치도 전주시 완산구 맏내로 57,공립,false,35.78585162,127.1256189,elem,true,data.go.kr
B000006020,전주덕일초등학교,8321000,전주시,전북특별자치도전주교육지원청,전북특별자치도 전주시 덕진구 하가로 71,공립,false,35.84855719,127.1117899,elem,true,data.go.kr
B000005994,전주덕진초등학교,8321000,전주시,전북특별자치도전주교육지원청,전북특별자치도 전주시 덕진구 들사평로 61,공립,false,35.84126266,127.1242898,elem,true,data.go.kr
B000006021,전주동북초등학교,8321000,전주시,전북특별자치도전주교육지원청,전북특별자치도 전주시 덕진구 견훤왕궁로 227,공립,false,35.83899099,127.1444129,elem,true,data.go.kr
B000006013,전주동신초등학교,8321000,전주시,전북특별자치도전주교육지원청,전북특별자치도 전주시 덕진구 우아9길 1,공립,false,35.85182009,127.1563738,elem,true,data.go.kr
B000005980,전주동초등학교,8321000,전주시,전북특별자치도전주교육지원청,전북특별자치도 전주시 완산구 물왕멀로 72,공립,false,35.82952144,127.1524688,elem,true,data.go.kr
B000025620,전주만성초등학교,8321000,전주시,전북특별자치도전주교육지원청,전북특별자치도 전주시 덕진구 중동로 32,공립,false,35.83673137,127.0654162,elem,true,data.go.kr
B000005996,전주만수초등학교,8321000,전주시,전북특별자치도전주교육지원청,전북특별자치도 전주시 덕진구 호성로 130,공립,false,35.86298745,127.1476434,elem,true,data.go.kr
B000005969,전주문정초등학교,8321000,전주시,전북특별자치도전주교육지원청,전북특별자치도 전주시 완산구 구이로 1979,공립,false,35.77555003,127.1280733,elem,true,data.go.kr
B000005992,전주문학초등학교,8321000,전주시,전북특별자치도전주교육지원청,전북특별자치도 전주시 완산구 문학로 30,공립,false,35.82825061,127.1026766,elem,true,data.go.kr
B000006002,전주미산초등학교,8321000,전주시,전북특별자치도전주교육지원청,전북특별자치도 전주시 덕진구 전미로 160,공립,false,35.88395549,127.1096907,elem,true,data.go.kr
B000006007,전주반월초등학교,8321000,전주시,전북특별자치도전주교육지원청,전북특별자치도 전주시 덕진구 혁신로 707,공립,false,35.8753551,127.0737414,elem,true,data.go.kr
B000006016,전주북일초등학교,8321000,전주시,전북특별자치도전주교육지원청,전북특별자치도 전주시 덕진구 견훤로 336,공립,false,35.84208627,127.1559492,elem,true,data.go.kr
B000005995,전주북초등학교,8321000,전주시,전북특별자치도전주교육지원청,전북특별자치도 전주시 덕진구 소리로 180,공립,false,35.85655402,127.1515186,elem,true,data.go.kr
B000005970,전주삼천남초등학교,8321000,전주시,전북특별자치도전주교육지원청,전북특별자치도 전주시 완산구 거마남로 65,공립,false,35.79648986,127.1237587,elem,true,data.go.kr
B000005975,전주삼천초등학교,8321000,전주시,전북특별자치도전주교육지원청,전북특별자치도 전주시 완산구 성지산로 38,공립,false,35.80084303,127.1236915,elem,true,data.go.kr
B000026004,전주새연초등학교,8321000,전주시,전북특별자치도전주교육지원청,전북특별자치도 전주시 완산구 봉곡로 60,공립,false,35.81149179,127.1002986,elem,true,data.go.kr
B000005990,전주서곡초등학교,8321000,전주시,전북특별자치도전주교육지원청,전북특별자치도 전주시 완산구 서곡7길 30,공립,false,35.83306061,127.1008952,elem,true,data.go.kr
B000005977,전주서문초등학교,8321000,전주시,전북특별자치도전주교육지원청,전북특별자치도 전주시 완산구 서신천변11길 19,공립,false,35.82984999,127.1120592,elem,true,data.go.kr
B000005976,전주서신초등학교,8321000,전주시,전북특별자치도전주교육지원청,전북특별자치도 전주시 완산구 전룡로 119,공립,false,35.8296453,127.1248121,elem,true,data.go.kr
B000005983,전주서원초등학교,8321000,전주시,전북특별자치도전주교육지원청,전북특별자치도 전주시 완산구 오두정길 45,공립,false,35.80930758,127.1186619,elem,true,data.go.kr
B000005979,전주서일초등학교,8321000,전주시,전북특별자치도전주교육지원청,전북특별자치도 전주시 완산구 새터로 73,공립,false,35.83624593,127.1147515,elem,true,data.go.kr
B000005964,전주서천초등학교,8321000,전주시,전북특별자치도전주교육지원청,전북특별자치도 전주시 완산구 당산로 9,공립,false,35.83217864,127.1082808,elem,true,data.go.kr
B000006010,전주송북초등학교,8321000,전주시,전북특별자치도전주교육지원청,전북특별자치도 전주시 덕진구 천마산로 16,공립,false,35.86337797,127.1243496,elem,true,data.go.kr
B000006012,전주송원초등학교,8321000,전주시,전북특별자치도전주교육지원청,전북특별자치도 전주시 덕진구 와룡로 25,공립,false,35.86154103,127.1110038,elem,true,data.go.kr
B000006011,전주송천초등학교,8321000,전주시,전북특별자치도전주교육지원청,전북특별자치도 전주시 덕진구 송천1길 10,공립,false,35.85682245,127.1199819,elem,true,data.go.kr
B000006001,전주신동초등학교,8321000,전주시,전북특별자치도전주교육지원청,전북특별자치도 전주시 덕진구 솔내로 211,공립,false,35.86895422,127.1266587,elem,true,data.go.kr
B000005988,전주신성초등학교,8321000,전주시,전북특별자치도전주교육지원청,전북특별자치도 전주시 완산구 평화8길 16-36,공립,false,35.7898653,127.1338498,elem,true,data.go.kr
B000005998,전주아중초등학교,8321000,전주시,전북특별자치도전주교육지원청,전북특별자치도 전주시 덕진구 인교5길 23,공립,false,35.82769773,127.1756551,elem,true,data.go.kr
B000005987,전주양지초등학교,8321000,전주시,전북특별자치도전주교육지원청,전북특별자치도 전주시 완산구 양지2길 11-26,공립,false,35.79251889,127.125929,elem,true,data.go.kr
B000026521,전주양현초등학교,8321000,전주시,전북특별자치도전주교육지원청,전북특별자치도 전주시 덕진구 만성서로 96,공립,false,35.84678295,127.0743556,elem,true,data.go.kr
B000005978,전주여울초등학교,8321000,전주시,전북특별자치도전주교육지원청,전북특별자치도 전주시 완산구 고사평8길 11,공립,false,35.83743707,127.1111606,elem,true,data.go.kr
B000006023,전주오송초등학교,8321000,전주시,전북특별자치도전주교육지원청,전북특별자치도 전주시 덕진구 천마산로 87,공립,false,35.86597905,127.1304116,elem,true,data.go.kr
B000026001,전주온빛초등학교,8321000,전주시,전북특별자치도전주교육지원청,전북특별자치도 전주시 덕진구 틀못3길 7,공립,false,35.84241844,127.0564499,elem,true,data.go.kr
B000005963,전주완산서초등학교,8321000,전주시,전북특별자치도전주교육지원청,전북특별자치도 전주시 완산구 안행로 127,공립,false,35.8067646,127.1336242,elem,true,data.go.kr
B000005962,전주완산초등학교,8321000,전주시,전북특별자치도전주교육지원청,전북특별자치도 전주시 완산구 매곡로 22,공립,false,35.81056438,127.1432813,elem,true,data.go.kr
B000006008,전주용덕초등학교,8321000,전주시,전북특별자치도전주교육지원청,전북특별자치도 전주시 덕진구 용덕길 30,공립,false,35.87694865,127.0514662,elem,true,data.go.kr
B000006000,전주용소초등학교,8321000,전주시,전북특별자치도전주교육지원청,전북특별자치도 전주시 덕진구 송천4길 38,공립,false,35.86268677,127.1174747,elem,true,data.go.kr
B000005974,전주용와초등학교,8321000,전주시,전북특별자치도전주교육지원청,전북특별자치도 전주시 완산구 장승배기로 14,공립,false,35.79121932,127.1147101,elem,true,data.go.kr
B000005971,전주용흥초등학교,8321000,전주시,전북특별자치도전주교육지원청,전북특별자치도 전주시 완산구 삼천천변1길 16,공립,false,35.79494464,127.1117956,elem,true,data.go.kr
B000005973,전주우림초등학교,8321000,전주시,전북특별자치도전주교육지원청,전북특별자치도 전주시 완산구 소태정로 21,공립,false,35.80662618,127.0982863,elem,true,data.go.kr
B000005989,전주우전초등학교,8321000,전주시,전북특별자치도전주교육지원청,전북특별자치도 전주시 완산구 우전2길 11,공립,false,35.80597309,127.1073752,elem,true,data.go.kr
B000006009,전주원동초등학교,8321000,전주시,전북특별자치도전주교육지원청,전북특별자치도 전주시 덕진구 원동로 3,공립,false,35.8511411,127.0334949,elem,true,data.go.kr
B000006014,전주인봉초등학교,8321000,전주시,전북특별자치도전주교육지원청,전북특별자치도 전주시 덕진구 무삼지로 7,공립,false,35.82691771,127.1650204,elem,true,data.go.kr
B000006018,전주인후초등학교,8321000,전주시,전북특별자치도전주교육지원청,전북특별자치도 전주시 덕진구 무삼지로 67,공립,false,35.8318225,127.1623981,elem,true,data.go.kr
B000026488,전주자연초등학교,8321000,전주시,전북특별자치도전주교육지원청,전북특별자치도 전주시 덕진구 세병로 150,공립,false,35.87767589,127.1359544,elem,true,data.go.kr
B000006006,전주장동초등학교,8321000,전주시,전북특별자치도전주교육지원청,전북특별자치도 전주시 덕진구 원장동길 91-12,공립,false,35.84928596,127.0601031,elem,true,data.go.kr
B000006015,전주전라초등학교,8321000,전주시,전북특별자치도전주교육지원청,전북특별자치도 전주시 덕진구 심방죽로 24,공립,false,35.83919242,127.152228,elem,true,data.go.kr
B000006019,전주전일초등학교,8321000,전주시,전북특별자치도전주교육지원청,전북특별자치도 전주시 덕진구 태진로 98,공립,false,35.83036037,127.1375719,elem,true,data.go.kr
B000006004,전주조촌초등학교,8321000,전주시,전북특별자치도전주교육지원청,전북특별자치도 전주시 덕진구 쪽구름로 39,공립,false,35.86952543,127.0758772,elem,true,data.go.kr
B000005981,전주중산초등학교,8321000,전주시,전북특별자치도전주교육지원청,전북특별자치도 전주시 완산구 중산중앙로 9-10,공립,false,35.81746652,127.1196127,elem,true,data.go.kr
B000005958,전주중앙초등학교,8321000,전주시,전북특별자치도전주교육지원청,전북특별자치도 전주시 완산구 경기전길 99,공립,false,35.81504675,127.1513304,elem,true,data.go.kr
B000005972,전주중인초등학교,8321000,전주시,전북특별자치도전주교육지원청,전북특별자치도 전주시 완산구 중인1길 80,공립,false,35.77133085,127.0979383,elem,true,data.go.kr
B000005991,전주지곡초등학교,8321000,전주시,전북특별자치도전주교육지원청,전북특별자치도 전주시 완산구 평화로 85,공립,false,35.78433159,127.1329066,elem,true,data.go.kr
B000006022,전주진북초등학교,8321000,전주시,전북특별자치도전주교육지원청,전북특별자치도 전주시 덕진구 진북1길 11,공립,false,35.82531307,127.1320076,elem,true,data.go.kr
B000005959,전주초등학교,8321000,전주시,전북특별자치도전주교육지원청,전북특별자치도 전주시 완산구 대동로 33,공립,false,35.82255286,127.1396496,elem,true,data.go.kr
B000005997,전주초포초등학교,8321000,전주시,전북특별자치도전주교육지원청,전북특별자치도 전주시 덕진구 초포로 171,공립,false,35.87717541,127.1397004,elem,true,data.go.kr
B000006003,전주팔복초등학교,8321000,전주시,전북특별자치도전주교육지원청,전북특별자치도 전주시 덕진구 팔과정로 181,공립,false,35.8635417,127.0948122,elem,true,data.go.kr
B000005968,전주평화초등학교,8321000,전주시,전북특별자치도전주교육지원청,전북특별자치도 전주시 완산구 꽃밭정로 65,공립,false,35.79945862,127.1394668,elem,true,data.go.kr
B000005960,전주풍남초등학교,8321000,전주시,전북특별자치도전주교육지원청,전북특별자치도 전주시 완산구 견훤왕궁로 16,공립,false,35.82100253,127.1541845,elem,true,data.go.kr
B000026003,전주하가초등학교,8321000,전주시,전북특별자치도전주교육지원청,전북특별자치도 전주시 덕진구 경동로 11,공립,false,35.84380954,127.1069448,elem,true,data.go.kr
B000005966,전주한들초등학교,8321000,전주시,전북특별자치도전주교육지원청,전북특별자치도 전주시 완산구 화산천변8길 10,공립,false,35.82139815,127.1169855,elem,true,data.go.kr
B000026002,전주홍산초등학교,8321000,전주시,전북특별자치도전주교육지원청,전북특별자치도 전주시 완산구 마전들로 30,공립,false,35.82067207,127.0989525,elem,true,data.go.kr
B000005965,전주화산초등학교,8321000,전주시,전북특별자치도전주교육지원청,전북특별자치도 전주시 완산구 따박골7길 20,공립,false,35.80939327,127.1299903,elem,true,data.go.kr
B000026489,전주화정초등학교,8321000,전주시,전북특별자치도전주교육지원청,전북특별자치도 전주시 덕진구 세병로 55,공립,false,35.87304123,127.1315345,elem,true,data.go.kr
B000005985,전주효림초등학교,8321000,전주시,전북특별자치도전주교육지원청,전북특별자치도 전주시 완산구 강변로 128,공립,false,35.80299582,127.1130419,elem,true,data.go.kr
B000005984,전주효문초등학교,8321000,전주시,전북특별자치도전주교육지원청,전북특별자치도 전주시 완산구 거마평로 105,공립,false,35.80153545,127.1164974,elem,true,data.go.kr
B000005982,전주효자초등학교,8321000,전주시,전북특별자치도전주교육지원청,전북특별자치도 전주시 완산구 송정로 47,공립,false,35.80324965,127.1227522,elem,true,data.go.kr
B000026523,전주효천초등학교,8321000,전주시,전북특별자치도전주교육지원청,전북특별자치도 전주시 완산구 효천중앙로 31,공립,false,35.79968402,127.1051107,elem,true,data.go.kr
B000006160,정남초등학교,8321000,정읍시,전북특별자치도정읍교육지원청,전북특별자치도 정읍시 정우면 대산1길 90,공립,false,35.62208315,126.8644279,elem,true,data.go.kr
B000006159,정우초등학교,8321000,정읍시,전북특별자치도정읍교육지원청,전북특별자치도 정읍시 정우면 금남길 28-24,공립,false,35.65195192,126.8798099,elem,true,data.go.kr
B000006146,정읍남초등학교,8321000,정읍시,전북특별자치도정읍교육지원청,전북특별자치도 정읍시 남산5길 25,공립,false,35.56040042,126.8491459,elem,true,data.go.kr
B000006144,정읍동초등학교,8321000,정읍시,전북특별자치도정읍교육지원청,전북특별자치도 정읍시 충정로 176,공립,false,35.56695559,126.8620383,elem,true,data.go.kr
B000006147,정읍북초등학교,8321000,정읍시,전북특별자치도정읍교육지원청,전북특별자치도 정읍시 명덕1길 41,공립,false,35.57908609,126.8490501,elem,true,data.go.kr
B000006155,정읍서초등학교,8321000,정읍시,전북특별자치도정읍교육지원청,전북특별자치도 정읍시 명륜길 32,공립,false,35.57046845,126.8474924,elem,true,data.go.kr
B000006154,정읍수성초등학교,8321000,정읍시,전북특별자치도정읍교육지원청,전북특별자치도 정읍시 수성3로 21,공립,false,35.58437716,126.857349,elem,true,data.go.kr
B000006153,정읍초등학교,8321000,정읍시,전북특별자치도정읍교육지원청,전북특별자치도 정읍시 마곡로 33,공립,false,35.58784148,126.8635952,elem,true,data.go.kr
B000006151,정일초등학교,8321000,정읍시,전북특별자치도정읍교육지원청,전북특별자치도 정읍시 정문들목길 26-19,공립,false,35.58979214,126.8199201,elem,true,data.go.kr
B000006275,조림초등학교,8321000,진안군,전북특별자치도진안교육지원청,전북특별자치도 진안군 정천면 봉학로 52,공립,false,35.87246256,127.4302902,elem,true,data.go.kr
B000006222,종정초등학교,8321000,김제시,전북특별자치도김제교육지원청,전북특별자치도 김제시 백산면 종정1길 143,공립,false,35.85217451,126.9053671,elem,true,data.go.kr
B000006373,주산초등학교,8321000,부안군,전북특별자치도부안교육지원청,전북특별자치도 부안군 주산면 주산초교길 86-11,공립,false,35.66647663,126.7146639,elem,true,data.go.kr
B000006200,주생초등학교,8321000,남원시,전북특별자치도남원교육지원청,전북특별자치도 남원시 주생면 소지길 21-5,공립,false,35.38325303,127.325880,elem,true,data.go.kr
B000006276,주천초등학교,8321000,진안군,전북특별자치도진안교육지원청,전북특별자치도 진안군 주천면 동상주천로 2225,공립,false,35.9764169,127.4262607,elem,true,data.go.kr
B000006217,죽산초등학교,8321000,김제시,전북특별자치도김제교육지원청,전북특별자치도 김제시 죽산면 죽산2길 13,공립,false,35.77239966,126.8176645,elem,true,data.go.kr
B000006371,줄포초등학교,8321000,부안군,전북특별자치도부안교육지원청,전북특별자치도 부안군 줄포면 줄포초교길 16,공립,false,35.59193076,126.6809229,elem,true,data.go.kr
B000006318,지사초등학교,8321000,임실군,전북특별자치도임실교육지원청,전북특별자치도 임실군 지사면 방계3길 10,공립,false,35.56432033,127.3566615,elem,true,data.go.kr
B000006220,진봉초등학교,8321000,김제시,전북특별자치도김제교육지원청,전북특별자치도 김제시 진봉면 진봉로 302,공립,false,35.84731438,126.7831996,elem,true,data.go.kr
B000006273,진안중앙초등학교,8321000,진안군,전북특별자치도진안교육지원청,전북특별자치도 진안군 진안읍 학천변길 37-6,공립,false,35.79574813,127.4361866,elem,true,data.go.kr
B000006274,진안초등학교,8321000,진안군,전북특별자치도진안교육지원청,전북특별자치도 진안군 진안읍 중앙로 55,공립,false,35.79123409,127.4241464,elem,true,data.go.kr
B000006361,창북초등학교,8321000,부안군,전북특별자치도부안교육지원청,전북특별자치도 부안군 계화면 창북중앙길 115,공립,false,35.76227237,126.6941612,elem,true,data.go.kr
B000006062,창오초등학교,8321000,군산시,전북특별자치도군산교육지원청,전북특별자치도 군산시 성산면 동군산로 393,공립,false,35.98533822,126.8168377,elem,true,data.go.kr
B000006102,천서초등학교,8321000,익산시,전북특별자치도익산교육지원청,전북특별자치도 익산시 춘포면 천서길 221,공립,false,35.94618401,127.0366528,elem,true,data.go.kr
B000006301,천천초등학교,8321000,장수군,전북특별자치도장수교육지원청,전북특별자치도 장수군 천천면 송탄로 22,공립,false,35.73553877,127.5335668,elem,true,data.go.kr
B000006253,청명초등학교,8321000,완주군,전북특별자치도완주교육지원청,전북특별자치도 완주군 구이면 구이로 1712,공립,false,35.7516826,127.1250329,elem,true,data.go.kr
B000026417,청완초등학교,8321000,완주군,전북특별자치도완주교육지원청,전북특별자치도 완주군 봉동읍 완주산단9로 80,공립,false,35.96359933,127.1204786,elem,true,data.go.kr
B000006232,청운초등학교,8321000,김제시,전북특별자치도김제교육지원청,전북특별자치도 김제시 금구면 황토로 168-30,공립,false,35.81054766,126.9826412,elem,true,data.go.kr
B000006312,청웅초등학교,8321000,임실군,전북특별자치도임실교육지원청,전북특별자치도 임실군 청웅면 청웅로 188,공립,false,35.57142583,127.2049038,elem,true,data.go.kr
B000006214,청하초등학교,8321000,김제시,전북특별자치도김제교육지원청,전북특별자치도 김제시 청하면 대청4길 25,공립,false,35.89335357,126.8586861,elem,true,data.go.kr
B000006234,초처초등학교,8321000,김제시,전북특별자치도김제교육지원청,전북특별자치도 김제시 봉남면 초처로 233,공립,false,35.73907155,126.9548912,elem,true,data.go.kr
B000006142,춘포초등학교,8321000,익산시,전북특별자치도익산교육지원청,전북특별자치도 익산시 춘포면 춘포로 408,공립,false,35.90170167,127.0107764,elem,true,data.go.kr
B000006225,치문초등학교,8321000,김제시,전북특별자치도김제교육지원청,전북특별자치도 김제시 백구면 유강11길 43,공립,false,35.90638956,126.9362332,elem,true,data.go.kr
B000006175,칠보초등학교,8321000,정읍시,전북특별자치도정읍교육지원청,전북특별자치도 정읍시 칠보면 칠보중앙로 130,공립,false,35.60649429,126.9899785,elem,true,data.go.kr
B000006254,태봉초등학교,8321000,완주군,전북특별자치도완주교육지원청,전북특별자치도 완주군 구이면 덕평로 289,공립,false,35.7455962,127.1496079,elem,true,data.go.kr
B000006172,태인초등학교,8321000,정읍시,전북특별자치도정읍교육지원청,전북특별자치도 정읍시 태인면 동헌길 16,공립,false,35.65381454,126.9466315,elem,true,data.go.kr
B000006327,팔덕초등학교,8321000,순창군,전북특별자치도순창교육지원청,전북특별자치도 순창군 팔덕면 강천로 328,공립,false,35.39289622,127.0976555,elem,true,data.go.kr
B000006325,풍산초등학교,8321000,순창군,전북특별자치도순창교육지원청,전북특별자치도 순창군 풍산면 금풍로 997-10,공립,false,35.33714861,127.1380791,elem,true,data.go.kr
B000030756,하서초등학교,8321000,부안군,전북특별자치도부안교육지원청,전북특별자치도 부안군 하서면 석불로 68,공립,false,35.7174742,126.6262485,elem,true,data.go.kr
B000006152,한솔초등학교,8321000,정읍시,전북특별자치도정읍교육지원청,전북특별자치도 정읍시 학산로 69,공립,false,35.56149114,126.8731418,elem,true,data.go.kr
B000006122,함라초등학교,8321000,익산시,전북특별자치도익산교육지원청,전북특별자치도 익산시 함라면 함라1길 66,공립,false,36.05926101,126.9109042,elem,true,data.go.kr
B000006115,함열초등학교,8321000,익산시,전북특별자치도익산교육지원청,전북특별자치도 익산시 함열읍 함열8길 2,공립,false,36.07786198,126.966003,elem,true,data.go.kr
B000006347,해리초등학교,8321000,고창군,전북특별자치도고창교육지원청,전북특별자치도 고창군 해리면 해리중앙로 152,공립,false,35.4659049,126.5359774,elem,true,data.go.kr
B000006045,해성초등학교,8321000,군산시,전북특별자치도군산교육지원청,전북특별자치도 군산시 옥성남길 21,공립,false,35.95872636,126.6306434,elem,true,data.go.kr
B000006362,행안초등학교,8321000,부안군,전북특별자치도부안교육지원청,전북특별자치도 부안군 행안면 월륜길 18,공립,false,35.71986766,126.7168239,elem,true,data.go.kr
B000006267,화산초등학교,8321000,완주군,전북특별자치도완주교육지원청,전북특별자치도 완주군 화산면 화산로 830,공립,false,36.03522699,127.2040183,elem,true,data.go.kr
B000006228,황강초등학교,8321000,김제시,전북특별자치도김제교육지원청,전북특별자치도 김제시 공덕면 유강4길 94,공립,false,35.87608915,126.9246759,elem,true,data.go.kr
B000006116,황등남초등학교,8321000,익산시,전북특별자치도익산교육지원청,전북특별자치도 익산시 황등면 황등서로 44,공립,false,36.0033501,126.9387491,elem,true,data.go.kr
B000006118,황등초등학교,8321000,익산시,전북특별자치도익산교육지원청,전북특별자치도 익산시 황등면 황금로 17-6,공립,false,36.009277,126.9451566,elem,true,data.go.kr
B000006230,황산초등학교,8321000,김제시,전북특별자치도김제교육지원청,전북특별자치도 김제시 황산면 용마로 75,공립,false,35.79637779,126.9446909,elem,true,data.go.kr
B000006060,회현초등학교,8321000,군산시,전북특별자치도군산교육지원청,전북특별자치도 군산시 회현면 회현로 139,공립,false,35.91555527,126.7525759,elem,true,data.go.kr
B000006337,흥덕초등학교,8321000,고창군,전북특별자치도고창교육지원청,전북특별자치도 고창군 흥덕면 흥덕초등길 13,공립,false,35.51965176,126.701510,elem,true,data.go.kr
B000006128,흥왕초등학교,8321000,익산시,전북특별자치도익산교육지원청,전북특별자치도 익산시 용동면 흥왕1길 17,공립,false,36.10502448,126.9965489,elem,true,data.go.kr
B000006872,가거도초등학교,8490000,신안군,전라남도신안교육지원청,전라남도 신안군 흑산면 가거도길 18-31,공립,false,34.05255202,125.1302548,elem,true,data.go.kr
B000006587,가사문학초등학교,8490000,담양군,전라남도담양교육지원청,전라남도 담양군 가사문학면 연천길 3,공립,false,35.17821105,127.0264237,elem,true,data.go.kr
B000006610,간문초등학교,8490000,구례군,전라남도구례교육지원청,전라남도 구례군 간전면 간전중앙로 164,공립,false,35.17740528,127.5421012,elem,true,data.go.kr
B000006689,강진동초등학교,8490000,강진군,전라남도강진교육지원청,전라남도 강진군 강진읍 중앙로 180,공립,false,34.6411847,126.7762172,elem,true,data.go.kr
B000006691,강진중앙초등학교,8490000,강진군,전라남도강진교육지원청,전라남도 강진군 강진읍 중앙로 74,공립,false,34.63710067,126.7668408,elem,true,data.go.kr
B000030428,거문초등학교,8490000,여수시,전라남도여수교육지원청,전라남도 여수시 삼산면 녹산등대길 8-17,공립,false,34.05615605,127.2964269,elem,true,data.go.kr
B000006646,겸백초등학교,8490000,보성군,전라남도보성교육지원청,전라남도 보성군 겸백면 충의로 2496,공립,false,34.8314239,127.1510822,elem,true,data.go.kr
B000030571,경호초등학교,8490000,여수시,전라남도여수교육지원청,전라남도 여수시 대경도4길 48,공립,false,34.71697135,127.7279316,elem,true,data.go.kr
B000006708,계곡초등학교,8490000,해남군,전라남도해남교육지원청,전라남도 해남군 계곡면 성진길 6-37,공립,false,34.64623575,126.6574783,elem,true,data.go.kr
B000006696,계산초등학교,8490000,강진군,전라남도강진교육지원청,전라남도 강진군 군동면 군동계산길 22,공립,false,34.64573334,126.7859217,elem,true,data.go.kr
B000006829,고금초등학교,8490000,완도군,전라남도완도교육지원청,전라남도 완도군 고금면 고금동로 17-33,공립,false,34.39613046,126.8000493,elem,true,data.go.kr
B000006594,고달초등학교,8490000,곡성군,전라남도곡성교육지원청,전라남도 곡성군 고달면 곡고로 424,공립,false,35.29669226,127.3420813,elem,true,data.go.kr
B000006586,고서초등학교,8490000,담양군,전라남도담양교육지원청,전라남도 담양군 고서면 원등1길 7,공립,false,35.22463672,126.9736336,elem,true,data.go.kr
B000006840,고성초등학교,8490000,진도군,전라남도진도교육지원청,전라남도 진도군 고군면 고성길 2-3,공립,false,34.49894633,126.3219546,elem,true,data.go.kr
B000006612,고흥동초등학교,8490000,고흥군,전라남도고흥교육지원청,전라남도 고흥군 고흥읍 학교길 56,공립,false,34.60816846,127.2913551,elem,true,data.go.kr
B000006593,곡성중앙초등학교,8490000,곡성군,전라남도곡성교육지원청,전라남도 곡성군 곡성읍 학교로 103,공립,false,35.28496935,127.2915493,elem,true,data.go.kr
B000006548,골약초등학교,8490000,광양시,전라남도광양교육지원청,전라남도 광양시 하포길 70-7,공립,false,34.91051134,127.6609604,elem,true,data.go.kr
B000006542,공산초등학교,8490000,나주시,전라남도나주교육지원청,전라남도 나주시 공산면 공산로 85,공립,false,34.9415827,126.6135064,elem,true,data.go.kr
B000006615,과역초등학교,8490000,고흥군,전라남도고흥교육지원청,전라남도 고흥군 과역면 과역로 815,공립,false,34.68041501,127.3575871,elem,true,data.go.kr
B000006451,관기초등학교,8490000,여수시,전라남도여수교육지원청,전라남도 여수시 소라면 관기길 20,공립,false,34.74976816,127.6265965,elem,true,data.go.kr
B000006677,관산남초등학교,8490000,장흥군,전라남도장흥교육지원청,전라남도 장흥군 관산읍 장흥대로 1350,공립,false,34.52650949,126.9540729,elem,true,data.go.kr
B000006678,관산초등학교,8490000,장흥군,전라남도장흥교육지원청,전라남도 장흥군 관산읍 관산로 64,공립,false,34.56155862,126.9393805,elem,true,data.go.kr
B000006551,광양가야초등학교,8490000,광양시,전라남도광양교육지원청,전라남도 광양시 가야로 369,공립,false,34.96704652,127.7127294,elem,true,data.go.kr
B000006563,광양덕례초등학교,8490000,광양시,전라남도광양교육지원청,전라남도 광양시 광양읍 서산길 77,공립,false,34.9687521,127.5702953,elem,true,data.go.kr
B000006567,광양동초등학교,8490000,광양시,전라남도광양교육지원청,전라남도 광양시 광양읍 읍성길 61,공립,false,34.97116552,127.586744,elem,true,data.go.kr
B000006550,광양마동초등학교,8490000,광양시,전라남도광양교육지원청,전라남도 광양시 진등6길 14,공립,false,34.95549419,127.6891258,elem,true,data.go.kr
B000025863,광양마로초등학교,8490000,광양시,전라남도광양교육지원청,전라남도 광양시 광양읍 와룡길 60,공립,false,34.96698215,127.6112872,elem,true,data.go.kr
B000006556,광양백운초등학교,8490000,광양시,전라남도광양교육지원청,전라남도 광양시 광장로 21,공립,false,34.93736999,127.6918725,elem,true,data.go.kr
B000006565,광양북초등학교,8490000,광양시,전라남도광양교육지원청,전라남도 광양시 광양읍 유당로 60-1,공립,false,34.97691665,127.5938584,elem,true,data.go.kr
B000006566,광양서초등학교,8490000,광양시,전라남도광양교육지원청,전라남도 광양시 광양읍 숲샘길 29,공립,false,34.97200594,127.5832672,elem,true,data.go.kr
B000024126,광양와우초등학교,8490000,광양시,전라남도광양교육지원청,전라남도 광양시 눈소10길 35,공립,false,34.94598125,127.7120732,elem,true,data.go.kr
B000006561,광양용강초등학교,8490000,광양시,전라남도광양교육지원청,전라남도 광양시 광양읍 용강1길 40,공립,false,34.97577009,127.6104747,elem,true,data.go.kr
B000006560,광양제철남초등학교,8490000,광양시,전라남도광양교육지원청,전라남도 광양시 금호로 40,사립,false,34.93404133,127.7205274,elem,true,data.go.kr
B000006559,광양제철초등학교,8490000,광양시,전라남도광양교육지원청,전라남도 광양시 마로니에길 48,사립,false,34.94597436,127.7297225,elem,true,data.go.kr
B000006557,광양중동초등학교,8490000,광양시,전라남도광양교육지원청,전라남도 광양시 광장로 112-6,공립,false,34.93330608,127.6960212,elem,true,data.go.kr
B000006554,광양중마초등학교,8490000,광양시,전라남도광양교육지원청,전라남도 광양시 구마9길 33,공립,false,34.94744474,127.6859808,elem,true,data.go.kr
B000006553,광양중앙초등학교,8490000,광양시,전라남도광양교육지원청,전라남도 광양시 불무길 15,공립,false,34.94565129,127.6938054,elem,true,data.go.kr
B000006555,광양중진초등학교,8490000,광양시,전라남도광양교육지원청,전라남도 광양시 광장로 75,공립,false,34.93270942,127.6927934,elem,true,data.go.kr
B000006568,광양칠성초등학교,8490000,광양시,전라남도광양교육지원청,전라남도 광양시 광양읍 서평로 60,공립,false,34.97942564,127.5786744,elem,true,data.go.kr
B000006552,광영초등학교,8490000,광양시,전라남도광양교육지원청,전라남도 광양시 금영로 140,공립,false,34.96363224,127.7207773,elem,true,data.go.kr
B000006607,광의초등학교,8490000,구례군,전라남도구례교육지원청,전라남도 구례군 광의면 광의초교길 23,공립,false,35.25937074,127.4457859,elem,true,data.go.kr
B000022675,광주교육대학교목포부설초등학교,8490000,목포시,전라남도목포교육지원청,전라남도 목포시 안태길 13,국립,false,34.80759207,126.4042897,elem,true,data.go.kr
B000006602,구례북초등학교,8490000,구례군,전라남도구례교육지원청,전라남도 구례군 구례읍 학교길 119-7,공립,false,35.21010054,127.4596048,elem,true,data.go.kr
B000006601,구례중앙초등학교,8490000,구례군,전라남도구례교육지원청,전라남도 구례군 구례읍 봉성로 30,공립,false,35.20407439,127.4648798,elem,true,data.go.kr
B000006740,구림초등학교,8490000,영암군,전라남도영암교육지원청,전라남도 영암군 군서면 왕인로 509,공립,false,34.763740,126.6322822,elem,true,data.go.kr
B000006792,군남초등학교,8490000,영광군,전라남도영광교육지원청,전라남도 영광군 군남면 군불로 135,공립,false,35.23652447,126.4574779,elem,true,data.go.kr
B000006846,군내북초등학교,8490000,진도군,전라남도진도교육지원청,전라남도 진도군 군내면 대야길 54,공립,false,34.56436761,126.2892594,elem,true,data.go.kr
B000006697,군동초등학교,8490000,강진군,전라남도강진교육지원청,전라남도 강진군 군동면 석교로 365,공립,false,34.64801104,126.8164006,elem,true,data.go.kr
B000006791,군서초등학교,8490000,영광군,전라남도영광교육지원청,전라남도 영광군 군서면 군서로 50,공립,false,35.25713697,126.4781573,elem,true,data.go.kr
B000006817,군외초등학교,8490000,완도군,전라남도완도교육지원청,전라남도 완도군 군외면 청해진서로 2020,공립,false,34.37942593,126.6466228,elem,true,data.go.kr
B000006833,금당초등학교,8490000,완도군,전라남도완도교육지원청,전라남도 완도군 금당면 금당로 220-23,공립,false,34.44104293,127.0612612,elem,true,data.go.kr
B000006629,금산초등학교,8490000,고흥군,전라남도고흥교육지원청,전라남도 고흥군 금산면 상하촌길 17-8,공립,false,34.46167859,127.1288838,elem,true,data.go.kr
B000006581,금성초등학교,8490000,담양군,전라남도담양교육지원청,전라남도 담양군 금성면 석현길 18,공립,false,35.34476228,127.0247891,elem,true,data.go.kr
B000006842,금성초등학교,8490000,진도군,전라남도진도교육지원청,전라남도 진도군 군내면 금골길 58,공립,false,34.53771713,126.2930439,elem,true,data.go.kr
B000006832,금일동초등학교,8490000,완도군,전라남도완도교육지원청,전라남도 완도군 금일읍 월송1길 18-13,공립,false,34.34049637,127.054975,elem,true,data.go.kr
B000006831,금일초등학교,8490000,완도군,전라남도완도교육지원청,전라남도 완도군 금일읍 구동2길 38,공립,false,34.3554143,127.033303,elem,true,data.go.kr
B000006745,금정초등학교,8490000,영암군,전라남도영암교육지원청,전라남도 영암군 금정면 영나로 836,공립,false,34.86128538,126.7534747,elem,true,data.go.kr
B000006535,금천초등학교,8490000,나주시,전라남도나주교육지원청,전라남도 나주시 금천면 금영로 960,공립,false,35.03431139,126.7546329,elem,true,data.go.kr
B000006768,기산초등학교,8490000,함평군,전라남도함평교육지원청,전라남도 함평군 함평읍 기산길 63,공립,false,35.06782404,126.516739,elem,true,data.go.kr
B000006776,나산초등학교,8490000,함평군,전라남도함평교육지원청,전라남도 함평군 나산면 함장로 2441-8,공립,false,35.11684917,126.6065285,elem,true,data.go.kr
B000006529,나주북초등학교,8490000,나주시,전라남도나주교육지원청,전라남도 나주시 청암길 47-23,공립,false,35.04811858,126.7277708,elem,true,data.go.kr
B000006527,나주중앙초등학교,8490000,나주시,전라남도나주교육지원청,전라남도 나주시 대호길 24,공립,false,35.03907903,126.7187473,elem,true,data.go.kr
B000006528,나주초등학교,8490000,나주시,전라남도나주교육지원청,전라남도 나주시 남외1길 16,공립,false,35.0277614,126.7189162,elem,true,data.go.kr
B000006453,나진초등학교,8490000,여수시,전라남도여수교육지원청,전라남도 여수시 화양면 나진1길 10,공립,false,34.70909083,127.6122169,elem,true,data.go.kr
B000006638,낙성초등학교,8490000,보성군,전라남도보성교육지원청,전라남도 보성군 벌교읍 채동선로 706,공립,false,34.87688396,127.3137967,elem,true,data.go.kr
B000006520,낙안초등학교,8490000,순천시,전라남도순천교육지원청,전라남도 순천시 낙안면 동서길 20,공립,false,34.90922425,127.3428744,elem,true,data.go.kr
B000006753,남악초등학교,8490000,무안군,전라남도무안교육지원청,전라남도 무안군 삼향읍 남악영산길 6,공립,false,34.81277169,126.4740206,elem,true,data.go.kr
B000006616,남양초등학교,8490000,고흥군,전라남도고흥교육지원청,전라남도 고흥군 남양면 상와길 40,공립,false,34.72892065,127.3546307,elem,true,data.go.kr
B000006532,남평초등학교,8490000,나주시,전라남도나주교육지원청,전라남도 나주시 남평읍 지석로 95,공립,false,35.04294525,126.8450952,elem,true,data.go.kr
B000006823,넙도초등학교,8490000,완도군,전라남도완도교육지원청,전라남도 완도군 노화읍 넙도길 294-31,공립,false,34.18846082,126.5042111,elem,true,data.go.kr
B000006836,넙도초등학교서리분교장,8490000,완도군,전라남도완도교육지원청,전라남도 완도군 노화읍 서넙도길 68,공립,true,34.18482811,126.4838272,elem,true,data.go.kr
B000006654,노동초등학교,8490000,보성군,전라남도보성교육지원청,전라남도 보성군 노동면 거석길 218,공립,false,34.82428089,127.0485426,elem,true,data.go.kr
B000006534,노안남초등학교,8490000,나주시,전라남도나주교육지원청,전라남도 나주시 노안면 만호길 20-11,공립,false,35.06767017,126.751206,elem,true,data.go.kr
B000006533,노안초등학교,8490000,나주시,전라남도나주교육지원청,전라남도 나주시 노안면 노안로 165,공립,false,35.08058678,126.7183105,elem,true,data.go.kr
B000006822,노화북초등학교,8490000,완도군,전라남도완도교육지원청,전라남도 완도군 노화읍 신목길 102,공립,false,34.2162396,126.5776793,elem,true,data.go.kr
B000006821,노화초등학교,8490000,완도군,전라남도완도교육지원청,전라남도 완도군 노화읍 노화서로 149,공립,false,34.1958644,126.5699868,elem,true,data.go.kr
B000006613,녹동초등학교,8490000,고흥군,전라남도고흥교육지원청,전라남도 고흥군 도양읍 천마로 83,공립,false,34.52957742,127.1398098,elem,true,data.go.kr
B000022849,녹동초등학교소록도분교장,8490000,고흥군,전라남도고흥교육지원청,전라남도 고흥군 도양읍 소록선창길 89-66,공립,true,34.51639284,127.1318765,elem,true,data.go.kr
B000006660,능주초등학교,8490000,화순군,전라남도화순교육지원청,전라남도 화순군 능주면 학샘길 12,공립,false,34.98816675,126.9562754,elem,true,data.go.kr
B000006538,다도초등학교,8490000,나주시,전라남도나주교육지원청,전라남도 나주시 다도면 다도로 636,공립,false,34.95792185,126.8265124,elem,true,data.go.kr
B000006545,다시초등학교,8490000,나주시,전라남도나주교육지원청,전라남도 나주시 다시면 다시로 203,공립,false,35.01776043,126.6399994,elem,true,data.go.kr
B000006576,다압초등학교,8490000,광양시,전라남도광양교육지원청,전라남도 광양시 다압면 항동3길 10,공립,false,35.12126772,127.6914758,elem,true,data.go.kr
B000006580,담양남초등학교,8490000,담양군,전라남도담양교육지원청,전라남도 담양군 담양읍 지침5길 14,공립,false,35.31815859,126.9865635,elem,true,data.go.kr
B000006579,담양동초등학교,8490000,담양군,전라남도담양교육지원청,전라남도 담양군 담양읍 추성로 1323,공립,false,35.32030646,126.983573,elem,true,data.go.kr
B000006578,담주초등학교,8490000,담양군,전라남도담양교육지원청,전라남도 담양군 담양읍 신성길 26,공립,false,35.30066059,126.9761908,elem,true,data.go.kr
B000006699,대구초등학교,8490000,강진군,전라남도강진교육지원청,전라남도 강진군 대구면 청자로 1888,공립,false,34.49270374,126.7978166,elem,true,data.go.kr
B000006679,대덕초등학교,8490000,장흥군,전라남도장흥교육지원청,전라남도 장흥군 대덕읍 대대로 947,공립,false,34.50028653,126.8891773,elem,true,data.go.kr
B000006772,대동향교초등학교,8490000,함평군,전라남도함평교육지원청,전라남도 함평군 대동면 대동길 6-9,공립,false,35.0676068,126.5327688,elem,true,data.go.kr
B000006788,대마초등학교,8490000,영광군,전라남도영광교육지원청,전라남도 영광군 대마면 영장로 277,공립,false,35.30313983,126.5818292,elem,true,data.go.kr
B000006734,대불초등학교,8490000,영암군,전라남도영암교육지원청,전라남도 영암군 삼호읍 대불주거6로 41,공립,false,34.75709137,126.4606424,elem,true,data.go.kr
B000006618,대서초등학교,8490000,고흥군,전라남도고흥교육지원청,전라남도 고흥군 대서면 동서로 466,공립,false,34.77256018,127.2838518,elem,true,data.go.kr
B000006737,덕진초등학교,8490000,영암군,전라남도영암교육지원청,전라남도 영암군 덕진면 백운선로 21,공립,false,34.82148382,126.6987819,elem,true,data.go.kr
B000006662,도곡중앙초등학교,8490000,화순군,전라남도화순교육지원청,전라남도 화순군 도곡면 고인돌1로 115,공립,false,34.98770233,126.9106761,elem,true,data.go.kr
B000006661,도곡초등학교,8490000,화순군,전라남도화순교육지원청,전라남도 화순군 도곡면 천암1길 71,공립,false,35.01354818,126.9078251,elem,true,data.go.kr
B000006624,도덕초등학교,8490000,고흥군,전라남도고흥교육지원청,전라남도 고흥군 도덕면 학동1길 16,공립,false,34.5672727,127.1740985,elem,true,data.go.kr
B000006700,도암초등학교,8490000,강진군,전라남도강진교육지원청,전라남도 강진군 도암면 봉황로 10,공립,false,34.55138705,126.7255067,elem,true,data.go.kr
B000006433,도원초등학교,8490000,여수시,전라남도여수교육지원청,전라남도 여수시 선원4길 38,공립,false,34.76482502,127.6504956,elem,true,data.go.kr
B000006871,도초초등학교,8490000,신안군,전라남도신안교육지원청,전라남도 신안군 도초면 서남문로 1698,공립,false,34.69022871,125.9626266,elem,true,data.go.kr
B000006738,도포초등학교,8490000,영암군,전라남도영암교육지원청,전라남도 영암군 도포면 줄다리로 117,공립,false,34.83655067,126.635338,elem,true,data.go.kr
B000006621,도화초등학교,8490000,고흥군,전라남도고흥교육지원청,전라남도 고흥군 도화면 오치길 43-4,공립,false,34.51119136,127.3184628,elem,true,data.go.kr
B000006743,독천초등학교,8490000,영암군,전라남도영암교육지원청,전라남도 영암군 학산면 영산로 58,공립,false,34.7283174,126.5644577,elem,true,data.go.kr
B000006447,돌산초등학교,8490000,여수시,전라남도여수교육지원청,전라남도 여수시 돌산읍 돌산로 1184,공립,false,34.61744899,127.7287764,elem,true,data.go.kr
B000006477,돌산초등학교두라분교장,8490000,여수시,전라남도여수교육지원청,전라남도 여수시 남면 대두길 87,공립,true,34.56880889,127.7348207,elem,true,data.go.kr
B000006617,동강초등학교,8490000,고흥군,전라남도고흥교육지원청,전라남도 고흥군 동강면 원유둔1길 19,공립,false,34.78220706,127.3326067,elem,true,data.go.kr
B000006543,동강초등학교,8490000,나주시,전라남도나주교육지원청,전라남도 나주시 동강면 동강로 595,공립,false,34.93844915,126.5645388,elem,true,data.go.kr
B000006670,동면초등학교,8490000,화순군,전라남도화순교육지원청,전라남도 화순군 동면 충의로 789,공립,false,35.03180417,127.0414431,elem,true,data.go.kr
B000006516,동명초등학교,8490000,순천시,전라남도순천교육지원청,전라남도 순천시 해룡면 동명초등길 23,공립,false,34.94809003,127.5271918,elem,true,data.go.kr
B000006446,동백초등학교,8490000,여수시,전라남도여수교육지원청,전라남도 여수시 돌산읍 강남10길 27,공립,false,34.71753966,127.7531897,elem,true,data.go.kr
B000006666,동복초등학교,8490000,화순군,전라남도화순교육지원청,전라남도 화순군 동복면 오지호로 300,공립,false,35.07254258,127.1277428,elem,true,data.go.kr
B000006509,동산초등학교,8490000,순천시,전라남도순천교육지원청,전라남도 순천시 서면 순천로 16,공립,false,34.99383659,127.4943051,elem,true,data.go.kr
B000006807,동화초등학교,8490000,장성군,전라남도장성교육지원청,전라남도 장성군 동화면 용정교촌길 45,공립,false,35.27410799,126.7363951,elem,true,data.go.kr
B000006619,두원초등학교,8490000,고흥군,전라남도고흥교육지원청,전라남도 고흥군 두원면 두원로 476-29,공립,false,34.64741494,127.2758084,elem,true,data.go.kr
B000006652,득량남초등학교,8490000,보성군,전라남도보성교육지원청,전라남도 보성군 득량면 월평1길 50,공립,false,34.75200007,127.1864242,elem,true,data.go.kr
B000024561,라온초등학교,8490000,나주시,전라남도나주교육지원청,전라남도 나주시 그린로 93,공립,false,35.01439619,126.7793825,elem,true,data.go.kr
B000006702,마량초등학교,8490000,강진군,전라남도강진교육지원청,전라남도 강진군 마량면 서중길 42,공립,false,34.45626853,126.8113934,elem,true,data.go.kr
B000006709,마산초등학교,8490000,해남군,전라남도해남교육지원청,전라남도 해남군 마산면 은적사길 13,공립,false,34.61914159,126.5729778,elem,true,data.go.kr
B000006725,마산초등학교용전분교장,8490000,해남군,전라남도해남교육지원청,전라남도 해남군 마산면 산이로 117-69,공립,true,34.59630735,126.5452399,elem,true,data.go.kr
B000006589,만덕초등학교,8490000,담양군,전라남도담양교육지원청,전라남도 담양군 대덕면 창평현로 905,공립,false,35.24933453,127.0356302,elem,true,data.go.kr
B000006762,망운초등학교,8490000,무안군,전라남도무안교육지원청,전라남도 무안군 망운면 망운로 34,공립,false,35.01497906,126.3920392,elem,true,data.go.kr
B000024957,매안초등학교,8490000,순천시,전라남도순천교육지원청,전라남도 순천시 해룡면 좌야로 16,공립,false,34.93086598,127.552467,elem,true,data.go.kr
B000006688,명덕초등학교,8490000,장흥군,전라남도장흥교육지원청,전라남도 장흥군 회진면 회진로 805-17,공립,false,34.47911715,126.9665976,elem,true,data.go.kr
B000006381,목포남초등학교,8490000,목포시,전라남도목포교육지원청,전라남도 목포시 산정로21번길 22,공립,false,34.79171024,126.3915809,elem,true,data.go.kr
B000006384,목포대성초등학교,8490000,목포시,전라남도목포교육지원청,전라남도 목포시 청호로 79,공립,false,34.79969623,126.3797871,elem,true,data.go.kr
B000006391,목포대연초등학교,8490000,목포시,전라남도목포교육지원청,전라남도 목포시 용당로 374,공립,false,34.82081753,126.3991809,elem,true,data.go.kr
B000006400,목포동초등학교,8490000,목포시,전라남도목포교육지원청,전라남도 목포시 산정로 245,공립,false,34.81005004,126.387662,elem,true,data.go.kr
B000006398,목포미항초등학교,8490000,목포시,전라남도목포교육지원청,전라남도 목포시 미항로 211,공립,false,34.80130085,126.4393875,elem,true,data.go.kr
B000022876,목포백련초등학교,8490000,목포시,전라남도목포교육지원청,전라남도 목포시 연산백련로 40,공립,false,34.81844829,126.3898659,elem,true,data.go.kr
B000006399,목포부영초등학교,8490000,목포시,전라남도목포교육지원청,전라남도 목포시 통일대로75번길 24,공립,false,34.80311132,126.4340543,elem,true,data.go.kr
B000022879,목포부주초등학교,8490000,목포시,전라남도목포교육지원청,전라남도 목포시 남악2로22번길 37,공립,false,34.80875304,126.4569739,elem,true,data.go.kr
B000006383,목포북교초등학교,8490000,목포시,전라남도목포교육지원청,전라남도 목포시 수문로 83,공립,false,34.79579781,126.3776929,elem,true,data.go.kr
B000006385,목포산정초등학교,8490000,목포시,전라남도목포교육지원청,전라남도 목포시 산대로 26,공립,false,34.80147619,126.3903242,elem,true,data.go.kr
B000006401,목포삼학초등학교,8490000,목포시,전라남도목포교육지원청,전라남도 목포시 남해로39번길 8,공립,false,34.79100802,126.4008226,elem,true,data.go.kr
B000006394,목포상동초등학교,8490000,목포시,전라남도목포교육지원청,전라남도 목포시 상동로21번길 73,공립,false,34.8139865,126.4113702,elem,true,data.go.kr
B000006387,목포서부초등학교,8490000,목포시,전라남도목포교육지원청,전라남도 목포시 원산로 27,공립,false,34.8036042,126.3721384,elem,true,data.go.kr
B000006379,목포서산초등학교,8490000,목포시,전라남도목포교육지원청,전라남도 목포시 유달로 28,공립,false,34.78207321,126.374876,elem,true,data.go.kr
B000006389,목포서해초등학교,8490000,목포시,전라남도목포교육지원청,전라남도 목포시 연산로 148,공립,false,34.81046663,126.3811008,elem,true,data.go.kr
B000006405,목포석현초등학교,8490000,목포시,전라남도목포교육지원청,전라남도 목포시 옥암로186번길 20,공립,false,34.81497858,126.4245201,elem,true,data.go.kr
B000006403,목포신흥초등학교,8490000,목포시,전라남도목포교육지원청,전라남도 목포시 교육로 10,공립,false,34.79940669,126.4246583,elem,true,data.go.kr
B000006395,목포애향초등학교,8490000,목포시,전라남도목포교육지원청,전라남도 목포시 당가두로38번길 23,공립,false,34.808847,126.4415076,elem,true,data.go.kr
B000006386,목포연동초등학교,8490000,목포시,전라남도목포교육지원청,전라남도 목포시 연동로17번길 9,공립,false,34.79682313,126.3949956,elem,true,data.go.kr
B000006390,목포연산초등학교,8490000,목포시,전라남도목포교육지원청,전라남도 목포시 원산중앙로 88,공립,false,34.81098142,126.3807697,elem,true,data.go.kr
B000006396,목포영산초등학교,8490000,목포시,전라남도목포교육지원청,전라남도 목포시 남악1로16번길 25,공립,false,34.80804601,126.4499952,elem,true,data.go.kr
B000006397,목포옥암초등학교,8490000,목포시,전라남도목포교육지원청,전라남도 목포시 남악1로52번길 68-3,공립,false,34.81132458,126.4529571,elem,true,data.go.kr
B000006408,목포용해초등학교,8490000,목포시,전라남도목포교육지원청,전라남도 목포시 포미로 35,공립,false,34.81858406,126.3969949,elem,true,data.go.kr
B000006388,목포용호초등학교,8490000,목포시,전라남도목포교육지원청,전라남도 목포시 용당로 139,공립,false,34.79969579,126.4009368,elem,true,data.go.kr
B000006380,목포유달초등학교,8490000,목포시,전라남도목포교육지원청,전라남도 목포시 영산로10번길 10,공립,false,34.78528417,126.379525,elem,true,data.go.kr
B000006407,목포이로초등학교,8490000,목포시,전라남도목포교육지원청,전라남도 목포시 이로로9번길 3,공립,false,34.80511875,126.4068368,elem,true,data.go.kr
B000006404,목포임성초등학교,8490000,목포시,전라남도목포교육지원청,전라남도 목포시 신지마을1길 41,공립,false,34.8246294,126.4354617,elem,true,data.go.kr
B000006382,목포중앙초등학교,8490000,목포시,전라남도목포교육지원청,전라남도 목포시 청호로 11,공립,false,34.79530348,126.3855154,elem,true,data.go.kr
B000006406,목포청호초등학교,8490000,목포시,전라남도목포교육지원청,전라남도 목포시 옥암로96번길 25,공립,false,34.81028938,126.4278786,elem,true,data.go.kr
B000006393,목포하당초등학교,8490000,목포시,전라남도목포교육지원청,전라남도 목포시 백년대로307번길 27,공립,false,34.80668423,126.4191416,elem,true,data.go.kr
B000006392,목포한빛초등학교,8490000,목포시,전라남도목포교육지원청,전라남도 목포시 교육로66번길 22,공립,false,34.80359383,126.4223053,elem,true,data.go.kr
B000006402,목포항도초등학교,8490000,목포시,전라남도목포교육지원청,전라남도 목포시 텃골로33번길 94-8,공립,false,34.81610097,126.4153938,elem,true,data.go.kr
B000006752,몽탄초등학교,8490000,무안군,전라남도무안교육지원청,전라남도 무안군 몽탄면 몽탄로 878,공립,false,34.92937429,126.5014993,elem,true,data.go.kr
B000006789,묘량중앙초등학교,8490000,영광군,전라남도영광교육지원청,전라남도 영광군 묘량면 동삼로2길 26,공립,false,35.26772929,126.5505411,elem,true,data.go.kr
B000006431,무선초등학교,8490000,여수시,전라남도여수교육지원청,전라남도 여수시 화산2길 31,공립,false,34.77232437,127.6460959,elem,true,data.go.kr
B000026848,무안사랑초등학교,8490000,무안군,전라남도무안교육지원청,전라남도 무안군 일로읍 오룡남로 89,공립,false,34.79705098,126.4784025,elem,true,data.go.kr
B000006748,무안초등학교,8490000,무안군,전라남도무안교육지원청,전라남도 무안군 무안읍 면성2길 30,공립,false,34.99135858,126.4764621,elem,true,data.go.kr
B000026846,무안행복초등학교,8490000,무안군,전라남도무안교육지원청,전라남도 무안군 일로읍 오룡중앙동로 38,공립,false,34.80693373,126.4853077,elem,true,data.go.kr
B000006584,무정초등학교,8490000,담양군,전라남도담양교육지원청,전라남도 담양군 무정면 수문동길 26-11,공립,false,35.29084847,127.0403349,elem,true,data.go.kr
B000006644,문덕초등학교,8490000,보성군,전라남도보성교육지원청,전라남도 보성군 문덕면 동소산길 129-10,공립,false,34.91973602,127.1753535,elem,true,data.go.kr
B000006603,문척초등학교,8490000,구례군,전라남도구례교육지원청,전라남도 구례군 문척면 수달생태로 270,공립,false,35.19214636,127.4898958,elem,true,data.go.kr
B000006546,문평초등학교,8490000,나주시,전라남도나주교육지원청,전라남도 나주시 문평면 문평로 15,공립,false,35.05875584,126.6033097,elem,true,data.go.kr
B000006642,미력초등학교,8490000,보성군,전라남도보성교육지원청,전라남도 보성군 미력면 송재로 589,공립,false,34.79989045,127.0858575,elem,true,data.go.kr
B000006744,미암초등학교,8490000,영암군,전라남도영암교육지원청,전라남도 영암군 미암면 미중로 61,공립,false,34.69947493,126.5734211,elem,true,data.go.kr
B000006544,반남초등학교,8490000,나주시,전라남도나주교육지원청,전라남도 나주시 반남면 고분로 712,공립,false,34.91199768,126.6589649,elem,true,data.go.kr
B000006785,백수서초등학교,8490000,영광군,전라남도영광교육지원청,전라남도 영광군 백수읍 지산길4길 50-11,공립,false,35.28254149,126.3968736,elem,true,data.go.kr
B000006784,백수초등학교,8490000,영광군,전라남도영광교육지원청,전라남도 영광군 백수읍 백수로10길 21,공립,false,35.28210037,126.4206225,elem,true,data.go.kr
B000006630,백양초등학교,8490000,고흥군,전라남도고흥교육지원청,전라남도 고흥군 동일면 우주로 2610,공립,false,34.50384983,127.4662583,elem,true,data.go.kr
B000006445,백초초등학교,8490000,여수시,전라남도여수교육지원청,전라남도 여수시 돌산읍 돌산로 3560-10,공립,false,34.72950215,127.7444558,elem,true,data.go.kr
B000006640,벌교중앙초등학교,8490000,보성군,전라남도보성교육지원청,전라남도 보성군 벌교읍 장좌길 10,공립,false,34.83769051,127.342322,elem,true,data.go.kr
B000006639,벌교초등학교,8490000,보성군,전라남도보성교육지원청,전라남도 보성군 벌교읍 태백산맥길 21,공립,false,34.84399454,127.3424333,elem,true,data.go.kr
B000006795,법성포초등학교,8490000,영광군,전라남도영광교육지원청,전라남도 영광군 법성면 용덕로 43,공립,false,35.35934393,126.4551286,elem,true,data.go.kr
B000006519,별량초등학교,8490000,순천시,전라남도순천교육지원청,전라남도 순천시 별량면 별량길 58,공립,false,34.87574964,127.4521136,elem,true,data.go.kr
B000006694,병영초등학교,8490000,강진군,전라남도강진교육지원청,전라남도 강진군 병영면 하멜로 385,공립,false,34.71457422,126.8125703,elem,true,data.go.kr
B000006825,보길동초등학교,8490000,완도군,전라남도완도교육지원청,전라남도 완도군 보길면 중리1길 6-18,공립,false,34.16332678,126.5925685,elem,true,data.go.kr
B000006826,보길초등학교,8490000,완도군,전라남도완도교육지원청,전라남도 완도군 보길면 부황길 67,공립,false,34.16213528,126.5551306,elem,true,data.go.kr
B000006637,보성남초등학교,8490000,보성군,전라남도보성교육지원청,전라남도 보성군 보성읍 새싹길 12,공립,false,34.77008423,127.0784261,elem,true,data.go.kr
B000006636,보성초등학교,8490000,보성군,전라남도보성교육지원청,전라남도 보성군 보성읍 송재로 161-8,공립,false,34.77187605,127.0780274,elem,true,data.go.kr
B000006643,복내초등학교,8490000,보성군,전라남도보성교육지원청,전라남도 보성군 복내면 원봉길 5,공립,false,34.89871886,127.1282108,elem,true,data.go.kr
B000006569,봉강초등학교,8490000,광양시,전라남도광양교육지원청,전라남도 광양시 봉강면 조양길 42,공립,false,35.01223171,127.5809482,elem,true,data.go.kr
B000006448,봉덕초등학교,8490000,여수시,전라남도여수교육지원청,전라남도 여수시 돌산읍 죽포1길 21-16,공립,false,34.64184228,127.7779807,elem,true,data.go.kr
B000006625,봉래초등학교,8490000,고흥군,전라남도고흥교육지원청,전라남도 고흥군 봉래면 신금길 7,공립,false,34.46915806,127.4659162,elem,true,data.go.kr
B000006585,봉산초등학교,8490000,담양군,전라남도담양교육지원청,전라남도 담양군 봉산면 신학길 34-11,공립,false,35.27716017,126.9570887,elem,true,data.go.kr
B000006537,봉황초등학교,8490000,나주시,전라남도나주교육지원청,전라남도 나주시 봉황면 죽석길 31,공립,false,34.95765349,126.7881463,elem,true,data.go.kr
B000006680,부산초등학교,8490000,장흥군,전라남도장흥교육지원청,전라남도 장흥군 부산면 부유로 25-16,공립,false,34.72291091,126.9012723,elem,true,data.go.kr
B000006805,북이초등학교,8490000,장성군,전라남도장성교육지원청,전라남도 장성군 북이면 신창길 13,공립,false,35.43408726,126.8047139,elem,true,data.go.kr
B000006804,북일초등학교,8490000,장성군,전라남도장성교육지원청,전라남도 장성군 북일면 신흥로 574,공립,false,35.38462631,126.7948523,elem,true,data.go.kr
B000006724,북일초등학교,8490000,해남군,전라남도해남교육지원청,전라남도 해남군 북일면 백도로 849,공립,false,34.46739379,126.6767433,elem,true,data.go.kr
B000006723,북평초등학교,8490000,해남군,전라남도해남교육지원청,전라남도 해남군 북평면 볼무당길 40,공립,false,34.40811581,126.6312206,elem,true,data.go.kr
B000006810,분향초등학교,8490000,장성군,전라남도장성교육지원청,전라남도 장성군 남면 황토단감로 142-11,공립,false,35.23915963,126.8020646,elem,true,data.go.kr
B000006790,불갑초등학교,8490000,영광군,전라남도영광교육지원청,전라남도 영광군 불갑면 강항로 7,공립,false,35.21163482,126.5080132,elem,true,data.go.kr
B000006869,비금동초등학교,8490000,신안군,전라남도신안교육지원청,전라남도 신안군 비금면 용소길 181-6,공립,false,34.78465103,125.9798266,elem,true,data.go.kr
B000006870,비금초등학교,8490000,신안군,전라남도신안교육지원청,전라남도 신안군 비금면 유옥우길 21-4,공립,false,34.76104317,125.9211635,elem,true,data.go.kr
B000025419,빛가람초등학교,8490000,나주시,전라남도나주교육지원청,전라남도 나주시 그린로 176,공립,false,35.0090399,126.7852202,elem,true,data.go.kr
B000026619,빛누리초등학교,8490000,나주시,전라남도나주교육지원청,전라남도 나주시 한빛로 144,공립,false,35.02997622,126.7858517,elem,true,data.go.kr
B000006808,사창초등학교,8490000,장성군,전라남도장성교육지원청,전라남도 장성군 삼계면 사창로 64-17,공립,false,35.2603955,126.6667564,elem,true,data.go.kr
B000006665,사평초등학교,8490000,화순군,전라남도화순교육지원청,전라남도 화순군 사평면 김삿갓로 3,공립,false,35.00822955,127.0923337,elem,true,data.go.kr
B000006711,산이서초등학교,8490000,해남군,전라남도해남교육지원청,전라남도 해남군 산이면 산이로 1736,공립,false,34.67684527,126.4108342,elem,true,data.go.kr
B000006710,산이초등학교,8490000,해남군,전라남도해남교육지원청,전라남도 해남군 산이면 비석길 95-2,공립,false,34.64388582,126.4478008,elem,true,data.go.kr
B000006536,산포초등학교,8490000,나주시,전라남도나주교육지원청,전라남도 나주시 산포면 산포로 400,공립,false,35.03344695,126.8061216,elem,true,data.go.kr
B000006597,삼기초등학교,8490000,곡성군,전라남도곡성교육지원청,전라남도 곡성군 삼기면 곡순로 1462,공립,false,35.2367768,127.2092089,elem,true,data.go.kr
B000006706,삼산초등학교,8490000,해남군,전라남도해남교육지원청,전라남도 해남군 삼산면 고산로 586,공립,false,34.51550015,126.6071982,elem,true,data.go.kr
B000006809,삼서초등학교,8490000,장성군,전라남도장성교육지원청,전라남도 장성군 삼서면 대곡한실길 26,공립,false,35.22994687,126.6536729,elem,true,data.go.kr
B000006756,삼향동초등학교,8490000,무안군,전라남도무안교육지원청,전라남도 무안군 삼향읍 극포길 25,공립,false,34.83797038,126.4777745,elem,true,data.go.kr
B000006754,삼향북초등학교,8490000,무안군,전라남도무안교육지원청,전라남도 무안군 삼향읍 원지산길 66,공립,false,34.87964244,126.4198494,elem,true,data.go.kr
B000006755,삼향초등학교,8490000,무안군,전라남도무안교육지원청,전라남도 무안군 삼향읍 삼향중앙로 84,공립,false,34.84241514,126.4333669,elem,true,data.go.kr
B000006732,삼호서초등학교,8490000,영암군,전라남도영암교육지원청,전라남도 영암군 삼호읍 신항로 77,공립,false,34.74619061,126.3779446,elem,true,data.go.kr
B000006735,삼호중앙초등학교,8490000,영암군,전라남도영암교육지원청,전라남도 영암군 삼호읍 중앙촌길 35,공립,false,34.74745202,126.4700099,elem,true,data.go.kr
B000006517,상사초등학교,8490000,순천시,전라남도순천교육지원청,전라남도 순천시 상사면 상사초등길 55,공립,false,34.94378905,127.4453763,elem,true,data.go.kr
B000006439,상암초등학교,8490000,여수시,전라남도여수교육지원청,전라남도 여수시 상암로 625,공립,false,34.82628803,127.7312644,elem,true,data.go.kr
B000006472,상암초등학교묘도분교장,8490000,여수시,전라남도여수교육지원청,전라남도 여수시 묘도1길 77,공립,true,34.87574075,127.7095454,elem,true,data.go.kr
B000006834,생영초등학교,8490000,완도군,전라남도완도교육지원청,전라남도 완도군 생일면 생일로579번길 3,공립,false,34.33302248,126.9963682,elem,true,data.go.kr
B000006803,서삼초등학교,8490000,장성군,전라남도장성교육지원청,전라남도 장성군 서삼면 축령로 368,공립,false,35.33362081,126.7685853,elem,true,data.go.kr
B000006727,서정초등학교,8490000,해남군,전라남도해남교육지원청,전라남도 해남군 송지면 달마로 524,공립,false,34.38936076,126.5607716,elem,true,data.go.kr
B000006731,서창초등학교,8490000,영암군,전라남도영암교육지원청,전라남도 영암군 삼호읍 서창호수길 4,공립,false,34.72846588,126.5322936,elem,true,data.go.kr
B000006596,석곡초등학교,8490000,곡성군,전라남도곡성교육지원청,전라남도 곡성군 석곡면 석곡로 91,공립,false,35.13498905,127.2534001,elem,true,data.go.kr
B000006844,석교초등학교,8490000,진도군,전라남도진도교육지원청,전라남도 진도군 임회면 석교길 47-18,공립,false,34.40639758,126.192128,elem,true,data.go.kr
B000006437,성산초등학교,8490000,여수시,전라남도여수교육지원청,전라남도 여수시 대통1길 13,공립,false,34.77694732,127.6405096,elem,true,data.go.kr
B000006692,성전초등학교,8490000,강진군,전라남도강진교육지원청,전라남도 강진군 성전면 예향로 17,공립,false,34.69368286,126.7066366,elem,true,data.go.kr
B000006549,성황초등학교,8490000,광양시,전라남도광양교육지원청,전라남도 광양시 지동길 15,공립,false,34.94027734,127.6829377,elem,true,data.go.kr
B000006539,세지초등학교,8490000,나주시,전라남도나주교육지원청,전라남도 나주시 세지면 동창로 111,공립,false,34.91939667,126.7474347,elem,true,data.go.kr
B000006564,세풍초등학교,8490000,광양시,전라남도광양교육지원청,전라남도 광양시 광양읍 해광로 583,공립,false,34.94394605,127.5822252,elem,true,data.go.kr
B000006452,소라초등학교,8490000,여수시,전라남도여수교육지원청,전라남도 여수시 소라면 덕양로 431,공립,false,34.79614617,127.6307344,elem,true,data.go.kr
B000006458,소라초등학교사곡분교장,8490000,여수시,전라남도여수교육지원청,전라남도 여수시 소라면 사곡로 27,공립,true,34.78755429,127.5827272,elem,true,data.go.kr
B000006457,소라초등학교소라남분교장,8490000,여수시,전라남도여수교육지원청,전라남도 여수시 소라면 중촌1길 11,공립,true,34.76131964,127.6080119,elem,true,data.go.kr
B000006820,소안초등학교,8490000,완도군,전라남도완도교육지원청,전라남도 완도군 소안면 소안로 213,공립,false,34.17255622,126.6542943,elem,true,data.go.kr
B000006435,소호초등학교,8490000,여수시,전라남도여수교육지원청,전라남도 여수시 소호로 499,공립,false,34.74724451,127.6543449,elem,true,data.go.kr
B000006774,손불서초등학교,8490000,함평군,전라남도함평교육지원청,전라남도 함평군 손불면 양재길 15,공립,false,35.15634224,126.4067729,elem,true,data.go.kr
B000006773,손불초등학교,8490000,함평군,전라남도함평교육지원청,전라남도 함평군 손불면 손불중앙길 121,공립,false,35.14572447,126.4338246,elem,true,data.go.kr
B000006518,송산초등학교,8490000,순천시,전라남도순천교육지원청,전라남도 순천시 별량면 송산구기길 13,공립,false,34.85013762,127.4162533,elem,true,data.go.kr
B000006705,송지초등학교,8490000,해남군,전라남도해남교육지원청,전라남도 해남군 송지면 산정1길 101,공립,false,34.36892168,126.5204055,elem,true,data.go.kr
B000006721,송호초등학교,8490000,해남군,전라남도해남교육지원청,전라남도 해남군 송지면 송호길 5,공립,false,34.316782,126.518588,elem,true,data.go.kr
B000006590,수북초등학교,8490000,담양군,전라남도담양교육지원청,전라남도 담양군 수북면 추성1로 714,공립,false,35.30120545,126.9301515,elem,true,data.go.kr
B000006504,순천남산초등학교,8490000,순천시,전라남도순천교육지원청,전라남도 순천시 풍덕새길 89,공립,false,34.93854622,127.4953675,elem,true,data.go.kr
B000006488,순천남초등학교,8490000,순천시,전라남도순천교육지원청,전라남도 순천시 서문로 7,공립,false,34.95083261,127.4825505,elem,true,data.go.kr
B000006505,순천대석초등학교,8490000,순천시,전라남도순천교육지원청,전라남도 순천시 기적의도서관2길 52,공립,false,34.94345276,127.5257459,elem,true,data.go.kr
B000006489,순천도사초등학교,8490000,순천시,전라남도순천교육지원청,전라남도 순천시 순천만길 166,공립,false,34.9138432,127.5002293,elem,true,data.go.kr
B000006492,순천봉화초등학교,8490000,순천시,전라남도순천교육지원청,전라남도 순천시 봉화1길 57,공립,false,34.9566722,127.5139387,elem,true,data.go.kr
B000006486,순천부영초등학교,8490000,순천시,전라남도순천교육지원청,전라남도 순천시 연향중앙상가길 68,공립,false,34.94685099,127.5199164,elem,true,data.go.kr
B000006484,순천북초등학교,8490000,순천시,전라남도순천교육지원청,전라남도 순천시 북정2길 20,공립,false,34.96452429,127.4837201,elem,true,data.go.kr
B000006493,순천비봉초등학교,8490000,순천시,전라남도순천교육지원청,전라남도 순천시 비봉길 90,공립,false,34.96653246,127.5187576,elem,true,data.go.kr
B000006499,순천삼산초등학교,8490000,순천시,전라남도순천교육지원청,전라남도 순천시 삼산초등길 39,공립,false,34.96665916,127.4882643,elem,true,data.go.kr
B000006497,순천성남초등학교,8490000,순천시,전라남도순천교육지원청,전라남도 순천시 우석로 160,공립,false,34.94242419,127.4896402,elem,true,data.go.kr
B000006498,순천성동초등학교,8490000,순천시,전라남도순천교육지원청,전라남도 순천시 황금2길 28,공립,false,34.95433182,127.4866707,elem,true,data.go.kr
B000006495,순천신흥초등학교,8490000,순천시,전라남도순천교육지원청,전라남도 순천시 장선배기길 60,공립,false,34.95399932,127.528059,elem,true,data.go.kr
B000006485,순천연향초등학교,8490000,순천시,전라남도순천교육지원청,전라남도 순천시 연향번영길 11,공립,false,34.94370333,127.5169694,elem,true,data.go.kr
B000006496,순천왕운초등학교,8490000,순천시,전라남도순천교육지원청,전라남도 순천시 왕지3길 41,공립,false,34.97384789,127.5253017,elem,true,data.go.kr
B000006491,순천왕조초등학교,8490000,순천시,전라남도순천교육지원청,전라남도 순천시 봉화1길 105,공립,false,34.96068279,127.5138625,elem,true,data.go.kr
B000006502,순천왕지초등학교,8490000,순천시,전라남도순천교육지원청,전라남도 순천시 연동남3길 8,공립,false,34.95705413,127.534497,elem,true,data.go.kr
B000006501,순천용당초등학교,8490000,순천시,전라남도순천교육지원청,전라남도 순천시 용당초등길 33-10,공립,false,34.9755721,127.4899534,elem,true,data.go.kr
B000006487,순천율산초등학교,8490000,순천시,전라남도순천교육지원청,전라남도 순천시 율산공원길 10,공립,false,34.93877026,127.525558,elem,true,data.go.kr
B000006507,순천이수초등학교,8490000,순천시,전라남도순천교육지원청,전라남도 순천시 우명길 24,공립,false,34.95034339,127.5117201,elem,true,data.go.kr
B000024619,순천인안초등학교,8490000,순천시,전라남도순천교육지원청,전라남도 순천시 순천만길 950,공립,false,34.89047796,127.4806708,elem,true,data.go.kr
B000006494,순천조례초등학교,8490000,순천시,전라남도순천교육지원청,전라남도 순천시 순광로 15,공립,false,34.95606289,127.522479,elem,true,data.go.kr
B000006503,순천중앙초등학교,8490000,순천시,전라남도순천교육지원청,전라남도 순천시 중앙초등길 64,공립,false,34.94229501,127.5005092,elem,true,data.go.kr
B000006506,순천풍덕초등학교,8490000,순천시,전라남도순천교육지원청,전라남도 순천시 팔마1길 9-10,공립,false,34.93360933,127.5125207,elem,true,data.go.kr
B000006500,순천향림초등학교,8490000,순천시,전라남도순천교육지원청,전라남도 순천시 석현북길 21,공립,false,34.9736355,127.4740347,elem,true,data.go.kr
B000006508,승주초등학교,8490000,순천시,전라남도순천교육지원청,전라남도 순천시 승주읍 승주로 639,공립,false,35.0172223,127.380161,elem,true,data.go.kr
B000006432,시전초등학교,8490000,여수시,전라남도여수교육지원청,전라남도 여수시 망마로 82-17,공립,false,34.75674017,127.6714081,elem,true,data.go.kr
B000006739,시종초등학교,8490000,영암군,전라남도영암교육지원청,전라남도 영암군 시종면 내동중앙로 17,공립,false,34.86770683,126.6074631,elem,true,data.go.kr
B000006775,신광초등학교,8490000,함평군,전라남도함평교육지원청,전라남도 함평군 신광면 신광중앙길 118,공립,false,35.15741493,126.4994889,elem,true,data.go.kr
B000006440,신기초등학교,8490000,여수시,전라남도여수교육지원청,전라남도 여수시 여천체육공원길 24,공립,false,34.76088349,127.6755727,elem,true,data.go.kr
B000024975,신대초등학교,8490000,순천시,전라남도순천교육지원청,전라남도 순천시 해룡면 좌야로 159-10,공립,false,34.93968984,127.5459811,elem,true,data.go.kr
B000006736,신북초등학교,8490000,영암군,전라남도영암교육지원청,전라남도 영암군 신북면 간은정로 67,공립,false,34.89137583,126.6958284,elem,true,data.go.kr
B000006876,신의초등학교,8490000,신안군,전라남도신안교육지원청,전라남도 신안군 신의면 신의로 710-57,공립,false,34.58338507,126.0958204,elem,true,data.go.kr
B000006701,신전초등학교,8490000,강진군,전라남도강진교육지원청,전라남도 강진군 신전면 백도로 1341,공립,false,34.50002418,126.7096163,elem,true,data.go.kr
B000006827,신지동초등학교,8490000,완도군,전라남도완도교육지원청,전라남도 완도군 신지면 신지로 815-1,공립,false,34.32717979,126.8506172,elem,true,data.go.kr
B000006828,신지초등학교,8490000,완도군,전라남도완도교육지원청,전라남도 완도군 신지면 대곡48번길 37,공립,false,34.33793185,126.8297638,elem,true,data.go.kr
B000006456,신풍초등학교,8490000,여수시,전라남도여수교육지원청,전라남도 여수시 율촌면 여순로 435-4,공립,false,34.84351525,127.6100251,elem,true,data.go.kr
B000006441,쌍봉초등학교,8490000,여수시,전라남도여수교육지원청,전라남도 여수시 흥국로 47,공립,false,34.76413649,127.6682167,elem,true,data.go.kr
B000006671,아산초등학교,8490000,화순군,전라남도화순교육지원청,전라남도 화순군 백아면 학천길 22-2,공립,false,35.16837024,127.1324783,elem,true,data.go.kr
B000006434,안심초등학교,8490000,여수시,전라남도여수교육지원청,전라남도 여수시 소호7길 23,공립,false,34.73997649,127.6464509,elem,true,data.go.kr
B000006684,안양초등학교,8490000,장흥군,전라남도장흥교육지원청,전라남도 장흥군 안양면 운정2길 14,공립,false,34.65189261,126.9731519,elem,true,data.go.kr
B000006463,안일초등학교,8490000,여수시,전라남도여수교육지원청,전라남도 여수시 화양면 화양로 341-3,공립,false,34.64006984,127.6265818,elem,true,data.go.kr
B000006474,안일초등학교백야분교장,8490000,여수시,전라남도여수교육지원청,전라남도 여수시 화정면 백야3길 8-21,공립,true,34.62154056,127.6392772,elem,true,data.go.kr
B000006865,안좌초등학교,8490000,신안군,전라남도신안교육지원청,전라남도 신안군 안좌면 김환기길 6,공립,false,34.7545382,126.1239619,elem,true,data.go.kr
B000006867,암태초등학교,8490000,신안군,전라남도신안교육지원청,전라남도 신안군 암태면 장단고길 56,공립,false,34.82929935,126.1076357,elem,true,data.go.kr
B000006861,압해동초등학교,8490000,신안군,전라남도신안교육지원청,전라남도 신안군 압해읍 압해로 378-6,공립,false,34.84124642,126.3549562,elem,true,data.go.kr
B000006859,압해서초등학교,8490000,신안군,전라남도신안교육지원청,전라남도 신안군 압해읍 압해로 1336-2,공립,false,34.86299359,126.2738479,elem,true,data.go.kr
B000006860,압해초등학교,8490000,신안군,전라남도신안교육지원청,전라남도 신안군 압해읍 복룡로 33-8,공립,false,34.86781748,126.3092741,elem,true,data.go.kr
B000006830,약산초등학교,8490000,완도군,전라남도완도교육지원청,전라남도 완도군 약산면 약산로 351-1,공립,false,34.39402843,126.896467,elem,true,data.go.kr
B000006806,약수초등학교,8490000,장성군,전라남도장성교육지원청,전라남도 장성군 북하면 백양로 883,공립,false,35.40826513,126.8814243,elem,true,data.go.kr
B000006540,양산초등학교,8490000,나주시,전라남도나주교육지원청,전라남도 나주시 왕곡면 고분로 1560,공립,false,34.97023065,126.7056739,elem,true,data.go.kr
B000006722,어란진초등학교,8490000,해남군,전라남도해남교육지원청,전라남도 해남군 송지면 어란로 441,공립,false,34.35150476,126.477243,elem,true,data.go.kr
B000006771,엄다초등학교,8490000,함평군,전라남도함평교육지원청,전라남도 함평군 엄다면 엄다길 35,공립,false,35.0115439,126.5136275,elem,true,data.go.kr
B000006465,여남초등학교,8490000,여수시,전라남도여수교육지원청,전라남도 여수시 남면 금오로 836,공립,false,34.51213296,127.7668038,elem,true,data.go.kr
B000006442,여도초등학교,8490000,여수시,전라남도여수교육지원청,전라남도 여수시 상암로 7,사립,false,34.7841399,127.6943999,elem,true,data.go.kr
B000006420,여수구봉초등학교,8490000,여수시,전라남도여수교육지원청,전라남도 여수시 구봉산길 51,공립,false,34.73654301,127.714896,elem,true,data.go.kr
B000006416,여수남산초등학교,8490000,여수시,전라남도여수교육지원청,전라남도 여수시 남산북10길 8,공립,false,34.73730763,127.7299173,elem,true,data.go.kr
B000006419,여수남초등학교,8490000,여수시,전라남도여수교육지원청,전라남도 여수시 어항로 22,공립,false,34.73149324,127.7208239,elem,true,data.go.kr
B000006414,여수동초등학교,8490000,여수시,전라남도여수교육지원청,전라남도 여수시 진남로 151,공립,false,34.74702083,127.7405576,elem,true,data.go.kr
B000006422,여수문수초등학교,8490000,여수시,전라남도여수교육지원청,전라남도 여수시 허문정1길 48-5,공립,false,34.75123041,127.6942465,elem,true,data.go.kr
B000006425,여수미평초등학교,8490000,여수시,전라남도여수교육지원청,전라남도 여수시 좌수영로 390,공립,false,34.76400145,127.7067081,elem,true,data.go.kr
B000006418,여수봉산초등학교,8490000,여수시,전라남도여수교육지원청,전라남도 여수시 봉산새철4길 28,공립,false,34.73549535,127.7272231,elem,true,data.go.kr
B000006426,여수부영초등학교,8490000,여수시,전라남도여수교육지원청,전라남도 여수시 대치3길 27,공립,false,34.74592027,127.7008722,elem,true,data.go.kr
B000006423,여수북초등학교,8490000,여수시,전라남도여수교육지원청,전라남도 여수시 망양로 306,공립,false,34.77786361,127.742980,elem,true,data.go.kr
B000006417,여수서초등학교,8490000,여수시,전라남도여수교육지원청,전라남도 여수시 서교1길 29,공립,false,34.7407915,127.7249875,elem,true,data.go.kr
B000024533,여수송현초등학교,8490000,여수시,전라남도여수교육지원청,전라남도 여수시 웅천로 219,공립,false,34.74157575,127.6858029,elem,true,data.go.kr
B000006421,여수신월초등학교,8490000,여수시,전라남도여수교육지원청,전라남도 여수시 신월로 614,공립,false,34.72724441,127.7138894,elem,true,data.go.kr
B000006424,여수양지초등학교,8490000,여수시,전라남도여수교육지원청,전라남도 여수시 양지1길 21,공립,false,34.77282882,127.701083,elem,true,data.go.kr
B000006428,여수여문초등학교,8490000,여수시,전라남도여수교육지원청,전라남도 여수시 문수로 142-16,공립,false,34.75590032,127.7099465,elem,true,data.go.kr
B000006413,여수종고초등학교,8490000,여수시,전라남도여수교육지원청,전라남도 여수시 공화북6길 52,공립,false,34.7498493,127.7436519,elem,true,data.go.kr
B000006430,여수좌수영초등학교,8490000,여수시,전라남도여수교육지원청,전라남도 여수시 여문2로 50,공립,false,34.75260395,127.6926971,elem,true,data.go.kr
B000006415,여수중앙초등학교,8490000,여수시,전라남도여수교육지원청,전라남도 여수시 하멜로 35,공립,false,34.74109415,127.7445079,elem,true,data.go.kr
B000006427,여수진남초등학교,8490000,여수시,전라남도여수교육지원청,전라남도 여수시 좌수영로 131,공립,false,34.7525861,127.7268795,elem,true,data.go.kr
B000006429,여수한려초등학교,8490000,여수시,전라남도여수교육지원청,전라남도 여수시 여문1로 80,공립,false,34.75609365,127.703696,elem,true,data.go.kr
B000006438,여천초등학교,8490000,여수시,전라남도여수교육지원청,전라남도 여수시 주동1길 30,공립,false,34.78812434,127.6545391,elem,true,data.go.kr
B000006793,염산초등학교,8490000,영광군,전라남도영광교육지원청,전라남도 영광군 염산면 칠산로 124,공립,false,35.22093525,126.3665496,elem,true,data.go.kr
B000006798,염산초등학교낙월분교장,8490000,영광군,전라남도영광교육지원청,전라남도 영광군 낙월면 낙월길 70,공립,true,35.20205571,126.1365216,elem,true,data.go.kr
B000006530,영강초등학교,8490000,나주시,전라남도나주교육지원청,전라남도 나주시 영강길 14,공립,false,35.00697423,126.7125668,elem,true,data.go.kr
B000006780,영광중앙초등학교,8490000,영광군,전라남도영광교육지원청,전라남도 영광군 영광읍 천년로13길 57-9,공립,false,35.27974887,126.5051262,elem,true,data.go.kr
B000006781,영광초등학교,8490000,영광군,전라남도영광교육지원청,전라남도 영광군 영광읍 중앙로 216-7,공립,false,35.27893779,126.5134871,elem,true,data.go.kr
B000006628,영남초등학교,8490000,고흥군,전라남도고흥교육지원청,전라남도 고흥군 영남면 팔영로 1075,공립,false,34.60371858,127.4550231,elem,true,data.go.kr
B000006531,영산포초등학교,8490000,나주시,전라남도나주교육지원청,전라남도 나주시 금영로 2-6,공립,false,34.99410988,126.7150077,elem,true,data.go.kr
B000006730,영암초등학교,8490000,영암군,전라남도영암교육지원청,전라남도 영암군 영암읍 영암초중고길 1,공립,false,34.79734224,126.687803,elem,true,data.go.kr
B000006653,예당초등학교,8490000,보성군,전라남도보성교육지원청,전라남도 보성군 득량면 예당초교길 3,공립,false,34.77949041,127.1955483,elem,true,data.go.kr
B000024536,예울초등학교,8490000,여수시,전라남도여수교육지원청,전라남도 여수시 웅천북4로 9,공립,false,34.7484683,127.6848638,elem,true,data.go.kr
B000006751,오룡초등학교,8490000,무안군,전라남도무안교육지원청,전라남도 무안군 삼향읍 남악5로22번길 34,공립,false,34.80716561,126.4747218,elem,true,data.go.kr
B000006841,오산초등학교,8490000,진도군,전라남도진도교육지원청,전라남도 진도군 고군면 진도대로 288,공립,false,34.49194619,126.3417858,elem,true,data.go.kr
B000006599,오산초등학교,8490000,곡성군,전라남도곡성교육지원청,전라남도 곡성군 오산면 오산로 616,공립,false,35.23903564,127.1210694,elem,true,data.go.kr
B000006572,옥곡초등학교,8490000,광양시,전라남도광양교육지원청,전라남도 광양시 옥곡면 옥진로 623,공립,false,34.99090412,127.6960009,elem,true,data.go.kr
B000006598,옥과초등학교,8490000,곡성군,전라남도곡성교육지원청,전라남도 곡성군 옥과면 대학로 213,공립,false,35.27757742,127.1435075,elem,true,data.go.kr
B000006570,옥룡북초등학교,8490000,광양시,전라남도광양교육지원청,전라남도 광양시 옥룡면 청평길 7,공립,false,35.04164541,127.6164125,elem,true,data.go.kr
B000006571,옥룡초등학교,8490000,광양시,전라남도광양교육지원청,전라남도 광양시 옥룡면 신재로 607,공립,false,35.01583924,127.6184125,elem,true,data.go.kr
B000006707,옥천초등학교,8490000,해남군,전라남도해남교육지원청,전라남도 해남군 옥천면 해강로 19,공립,false,34.56810446,126.6491129,elem,true,data.go.kr
B000006695,옴천초등학교,8490000,강진군,전라남도강진교육지원청,전라남도 강진군 옴천면 개산중앙길 12-7,공립,false,34.74512481,126.7953564,elem,true,data.go.kr
B000006813,완도중앙초등학교,8490000,완도군,전라남도완도교육지원청,전라남도 완도군 완도읍 개포로135번길 37,공립,false,34.3219399,126.7401072,elem,true,data.go.kr
B000006814,완도초등학교,8490000,완도군,전라남도완도교육지원청,전라남도 완도군 완도읍 중앙길 43,공립,false,34.3133974,126.761013,elem,true,data.go.kr
B000006541,왕곡초등학교,8490000,나주시,전라남도나주교육지원청,전라남도 나주시 왕곡면 나주서부로 554,공립,false,34.96366649,126.654988,elem,true,data.go.kr
B000006521,외서초등학교,8490000,순천시,전라남도순천교육지원청,전라남도 순천시 외서면 반월로 6,공립,false,34.91607164,127.2739432,elem,true,data.go.kr
B000006522,외서초등학교송광분교장,8490000,순천시,전라남도순천교육지원청,전라남도 순천시 송광면 쌍향수길 1169,공립,false,34.96121555,127.2669769,elem,true,data.go.kr
B000006733,용당초등학교,8490000,영암군,전라남도영암교육지원청,전라남도 영암군 삼호읍 아산길 26-10,공립,false,34.76191557,126.3996953,elem,true,data.go.kr
B000006582,용면초등학교,8490000,담양군,전라남도담양교육지원청,전라남도 담양군 용면 추성2길 70,공립,false,35.36351272,126.9900463,elem,true,data.go.kr
B000006604,용방초등학교,8490000,구례군,전라남도구례교육지원청,전라남도 구례군 용방면 용방로 464,공립,false,35.25072657,127.4331235,elem,true,data.go.kr
B000006686,용산초등학교,8490000,장흥군,전라남도장흥교육지원청,전라남도 장흥군 용산면 용안로 13,공립,false,34.61668729,126.9139463,elem,true,data.go.kr
B000006714,우수영초등학교,8490000,해남군,전라남도해남교육지원청,전라남도 해남군 문내면 동영길 117,공립,false,34.60385228,126.3127386,elem,true,data.go.kr
B000006763,운남초등학교,8490000,무안군,전라남도무안교육지원청,전라남도 무안군 운남면 운해로 543,공립,false,34.95953938,126.338273,elem,true,data.go.kr
B000006436,웅천초등학교,8490000,여수시,전라남도여수교육지원청,전라남도 여수시 웅천중앙로 61,공립,false,34.74995596,127.6743149,elem,true,data.go.kr
B000006606,원촌초등학교,8490000,구례군,전라남도구례교육지원청,전라남도 구례군 산동면 원촌길 123,공립,false,35.3162475,127.4387736,elem,true,data.go.kr
B000006511,월등초등학교,8490000,순천시,전라남도순천교육지원청,전라남도 순천시 월등면 월평2길 21,공립,false,35.09273259,127.3778723,elem,true,data.go.kr
B000006583,월산초등학교,8490000,담양군,전라남도담양교육지원청,전라남도 담양군 월산면 도개길 180,공립,false,35.34066021,126.9505438,elem,true,data.go.kr
B000006778,월야초등학교,8490000,함평군,전라남도함평교육지원청,전라남도 함평군 월야면 금석길 95,공립,false,35.17695236,126.632075,elem,true,data.go.kr
B000006802,월평초등학교,8490000,장성군,전라남도장성교육지원청,전라남도 장성군 황룡면 신월산1길 10,공립,false,35.2908465,126.7758889,elem,true,data.go.kr
B000006681,유치초등학교,8490000,장흥군,전라남도장흥교육지원청,전라남도 장흥군 유치면 유치로 48,공립,false,34.80273525,126.8355698,elem,true,data.go.kr
B000006645,율어초등학교,8490000,보성군,전라남도보성교육지원청,전라남도 보성군 율어면 율어로 569-14,공립,false,34.8724607,127.1857594,elem,true,data.go.kr
B000006455,율촌초등학교,8490000,여수시,전라남도여수교육지원청,전라남도 여수시 율촌면 율촌초교길 7,공립,false,34.88215561,127.5765143,elem,true,data.go.kr
B000006843,의신초등학교,8490000,진도군,전라남도진도교육지원청,전라남도 진도군 의신면 돈지1길 13,공립,false,34.44080894,126.2772495,elem,true,data.go.kr
B000006851,의신초등학교모도분교장,8490000,진도군,전라남도진도교육지원청,전라남도 진도군 의신면 모도길 12-3,공립,true,34.40772277,126.3555982,elem,true,data.go.kr
B000006852,의신초등학교접도분교장,8490000,진도군,전라남도진도교육지원청,전라남도 진도군 의신면 황모길 25-1,공립,true,34.3861786,126.2955945,elem,true,data.go.kr
B000006668,이양초등학교,8490000,화순군,전라남도화순교육지원청,전라남도 화순군 이양면 이양로 42,공립,false,34.88345668,126.9891144,elem,true,data.go.kr
B000006749,일로동초등학교,8490000,무안군,전라남도무안교육지원청,전라남도 무안군 일로읍 광암길 81-7,공립,false,34.87289992,126.5089436,elem,true,data.go.kr
B000006750,일로초등학교,8490000,무안군,전라남도무안교육지원청,전라남도 무안군 일로읍 일로로 69,공립,false,34.85125077,126.4939999,elem,true,data.go.kr
B000024251,일로초등학교청망분교장,8490000,무안군,전라남도무안교육지원청,전라남도 무안군 일로읍 청포로 421,공립,true,34.79300901,126.5030062,elem,true,data.go.kr
B000006864,임자남초등학교,8490000,신안군,전라남도신안교육지원청,전라남도 신안군 임자면 장동길 86,공립,false,35.08424026,126.0770739,elem,true,data.go.kr
B000006863,임자초등학교,8490000,신안군,전라남도신안교육지원청,전라남도 신안군 임자면 임자로 216-4,공립,false,35.09024963,126.1016533,elem,true,data.go.kr
B000006600,입면초등학교,8490000,곡성군,전라남도곡성교육지원청,전라남도 곡성군 입면 송전로 27,공립,false,35.30660498,127.1852577,elem,true,data.go.kr
B000006868,자은초등학교,8490000,신안군,전라남도신안교육지원청,전라남도 신안군 자은면 구영1길 44-36,공립,false,34.89071154,126.0468935,elem,true,data.go.kr
B000006693,작천초등학교,8490000,강진군,전라남도강진교육지원청,전라남도 강진군 작천면 평리3길 1,공립,false,34.70349276,126.7716382,elem,true,data.go.kr
B000006682,장동초등학교,8490000,장흥군,전라남도장흥교육지원청,전라남도 장흥군 장동면 흥성로 1500,공립,false,34.74661882,126.9940426,elem,true,data.go.kr
B000006874,장산초등학교,8490000,신안군,전라남도신안교육지원청,전라남도 신안군 장산면 장산로 277,공립,false,34.63816011,126.1442085,elem,true,data.go.kr
B000006800,장성성산초등학교,8490000,장성군,전라남도장성교육지원청,전라남도 장성군 장성읍 성산2길 21,공립,false,35.32656411,126.8063826,elem,true,data.go.kr
B000006801,장성중앙초등학교,8490000,장성군,전라남도장성교육지원청,전라남도 장성군 장성읍 제봉로 84,공립,false,35.29904751,126.7871233,elem,true,data.go.kr
B000006741,장천초등학교,8490000,영암군,전라남도영암교육지원청,전라남도 영암군 서호면 서호로 332,공립,false,34.75603152,126.5830263,elem,true,data.go.kr
B000006683,장평초등학교,8490000,장흥군,전라남도장흥교육지원청,전라남도 장흥군 장평면 등촌길 10,공립,false,34.77591718,126.9713447,elem,true,data.go.kr
B000006675,장흥남초등학교,8490000,장흥군,전라남도장흥교육지원청,전라남도 장흥군 장흥읍 장흥대로 3298,공립,false,34.66575882,126.889803,elem,true,data.go.kr
B000006676,장흥서초등학교,8490000,장흥군,전라남도장흥교육지원청,전라남도 장흥군 장흥읍 칠거리예양로 40,공립,false,34.67482619,126.9017718,elem,true,data.go.kr
B000006674,장흥초등학교,8490000,장흥군,전라남도장흥교육지원청,전라남도 장흥군 장흥읍 의향길 23,공립,false,34.68371634,126.9073842,elem,true,data.go.kr
B000006614,점암초등학교,8490000,고흥군,전라남도고흥교육지원청,전라남도 고흥군 점암면 점암학교길 11-6,공립,false,34.65221284,127.3816019,elem,true,data.go.kr
B000006849,조도초등학교,8490000,진도군,전라남도진도교육지원청,전라남도 진도군 조도면 창유1길 36-14,공립,false,34.29582028,126.0492423,elem,true,data.go.kr
B000006856,조도초등학교거차분교장,8490000,진도군,전라남도진도교육지원청,전라남도 진도군 조도면 서거차도1길 116,공립,true,34.25591614,125.9153767,elem,true,data.go.kr
B000006650,조성남초등학교,8490000,보성군,전라남도보성교육지원청,전라남도 보성군 조성면 산정길 2,공립,false,34.7899804,127.215023,elem,true,data.go.kr
B000006651,조성초등학교,8490000,보성군,전라남도보성교육지원청,전라남도 보성군 조성면 조성로 129-7,공립,false,34.81022654,127.2486624,elem,true,data.go.kr
B000024976,좌야초등학교,8490000,순천시,전라남도순천교육지원청,전라남도 순천시 해룡면 좌야로 77-9,공립,false,34.93048288,127.5448553,elem,true,data.go.kr
B000006512,주암초등학교,8490000,순천시,전라남도순천교육지원청,전라남도 순천시 주암면 동주로 2093,공립,false,35.07682225,127.2396513,elem,true,data.go.kr
B000006595,죽곡초등학교,8490000,곡성군,전라남도곡성교육지원청,전라남도 곡성군 죽곡면 오죽로 43,공립,false,35.15328594,127.3180357,elem,true,data.go.kr
B000006412,죽림초등학교,8490000,여수시,전라남도여수교육지원청,전라남도 여수시 소라면 죽림로 60,공립,false,34.76627777,127.6378962,elem,true,data.go.kr
B000006605,중동초등학교,8490000,구례군,전라남도구례교육지원청,전라남도 구례군 산동면 관산구산길 49,공립,false,35.31854336,127.4658329,elem,true,data.go.kr
B000006862,증도초등학교,8490000,신안군,전라남도신안교육지원청,전라남도 신안군 증도면 문준경길 218,공립,false,35.00214094,126.1373159,elem,true,data.go.kr
B000006858,지도초등학교,8490000,신안군,전라남도신안교육지원청,전라남도 신안군 지도읍 서촌길 52-1,공립,false,35.0637421,126.2071496,elem,true,data.go.kr
B000006845,지산초등학교,8490000,진도군,전라남도진도교육지원청,전라남도 진도군 지산면 인지독치1길 21-12,공립,false,34.42237279,126.1667783,elem,true,data.go.kr
B000006839,진도서초등학교,8490000,진도군,전라남도진도교육지원청,전라남도 진도군 진도읍 신흥정자로 25,공립,false,34.49834553,126.2402369,elem,true,data.go.kr
B000006853,진도서초등학교가사도분교장,8490000,진도군,전라남도진도교육지원청,전라남도 진도군 조도면 가사도길 88-22,공립,true,34.47867212,126.0479278,elem,true,data.go.kr
B000006838,진도초등학교,8490000,진도군,전라남도진도교육지원청,전라남도 진도군 진도읍 성내길 9,공립,false,34.48662154,126.2651196,elem,true,data.go.kr
B000006573,진상초등학교,8490000,광양시,전라남도광양교육지원청,전라남도 광양시 진상면 신시2길 44,공립,false,35.02005784,127.7165222,elem,true,data.go.kr
B000006812,진원동초등학교,8490000,장성군,전라남도장성교육지원청,전라남도 장성군 진원면 불태3로 245,공립,false,35.26041173,126.8635995,elem,true,data.go.kr
B000006811,진원초등학교,8490000,장성군,전라남도장성교육지원청,전라남도 장성군 진원면 진남1로 199,공립,false,35.26278212,126.8218822,elem,true,data.go.kr
B000030910,진월초등학교,8490000,광양시,전라남도광양교육지원청,전라남도 광양시 진월면 방죽1길 10,공립,false,34.99135403,127.7423272,elem,true,data.go.kr
B000006513,창촌초등학교,8490000,순천시,전라남도순천교육지원청,전라남도 순천시 주암면 창동주암길 3,공립,false,35.06045691,127.2772973,elem,true,data.go.kr
B000006588,창평초등학교,8490000,담양군,전라남도담양교육지원청,전라남도 담양군 창평면 의병로 173,공립,false,35.24075371,127.0187413,elem,true,data.go.kr
B000006663,천태초등학교,8490000,화순군,전라남도화순교육지원청,전라남도 화순군 도암면 천태로 526,공립,false,34.94593762,126.8927556,elem,true,data.go.kr
B000006759,청계남초등학교,8490000,무안군,전라남도무안교육지원청,전라남도 무안군 청계면 문화로 105,공립,false,34.88436229,126.4372978,elem,true,data.go.kr
B000006758,청계북초등학교,8490000,무안군,전라남도무안교육지원청,전라남도 무안군 청계면 사마길 8,공립,false,34.95758422,126.4464108,elem,true,data.go.kr
B000006757,청계초등학교,8490000,무안군,전라남도무안교육지원청,전라남도 무안군 청계면 영산로 1870,공립,false,34.92598508,126.4293014,elem,true,data.go.kr
B000006819,청산초등학교,8490000,완도군,전라남도완도교육지원청,전라남도 완도군 청산면 청산로 1602-1,공립,false,34.1829054,126.8599052,elem,true,data.go.kr
B000006835,청산초등학교모도분교장,8490000,완도군,전라남도완도교육지원청,전라남도 완도군 청산면 대모도12번길 12-23,공립,true,34.20074067,126.7536425,elem,true,data.go.kr
B000006608,청천초등학교,8490000,구례군,전라남도구례교육지원청,전라남도 구례군 마산면 화엄사로 136,공립,false,35.22136646,127.4875833,elem,true,data.go.kr
B000006669,청풍초등학교,8490000,화순군,전라남도화순교육지원청,전라남도 화순군 청풍면 평지촌길 54,공립,false,34.87555762,126.9701959,elem,true,data.go.kr
B000006816,청해초등학교,8490000,완도군,전라남도완도교육지원청,전라남도 완도군 완도읍 청해진로 1374,공립,false,34.35941617,126.7278075,elem,true,data.go.kr
B000006664,춘양초등학교,8490000,화순군,전라남도화순교육지원청,전라남도 화순군 춘양면 춘양로 124,공립,false,34.94903568,126.9590944,elem,true,data.go.kr
B000006698,칠량초등학교,8490000,강진군,전라남도강진교육지원청,전라남도 강진군 칠량면 영동1길 5,공립,false,34.57360504,126.8004306,elem,true,data.go.kr
B000006558,태인초등학교,8490000,광양시,전라남도광양교육지원청,전라남도 광양시 태인길 95,공립,false,34.94596703,127.743948,elem,true,data.go.kr
B000006609,토지초등학교,8490000,구례군,전라남도구례교육지원청,전라남도 구례군 토지면 섬진강대로 5038,공립,false,35.19720195,127.5278302,elem,true,data.go.kr
B000006866,팔금초등학교,8490000,신안군,전라남도신안교육지원청,전라남도 신안군 팔금면 삼층석탑길 173,공립,false,34.78652587,126.1447774,elem,true,data.go.kr
B000006514,팔마초등학교,8490000,순천시,전라남도순천교육지원청,전라남도 순천시 해룡면 장선배기길 113,공립,false,34.95013238,127.5311411,elem,true,data.go.kr
B000006620,포두초등학교,8490000,고흥군,전라남도고흥교육지원청,전라남도 고흥군 포두면 우주로 624,공립,false,34.56941232,127.3407178,elem,true,data.go.kr
B000006622,풍남초등학교,8490000,고흥군,전라남도고흥교육지원청,전라남도 고흥군 풍양면 풍남로 716,공립,false,34.52363116,127.2445032,elem,true,data.go.kr
B000006623,풍양초등학교,8490000,고흥군,전라남도고흥교육지원청,전라남도 고흥군 풍양면 죽시장터길 13-6,공립,false,34.5756492,127.2435938,elem,true,data.go.kr
B000006875,하의초등학교,8490000,신안군,전라남도신안교육지원청,전라남도 신안군 하의면 안곰실길 33,공립,false,34.60036073,126.035946,elem,true,data.go.kr
B000006770,학다리중앙초등학교,8490000,함평군,전라남도함평교육지원청,전라남도 함평군 학교면 백학길 100,공립,false,35.01411894,126.5365035,elem,true,data.go.kr
B000006742,학산초등학교,8490000,영암군,전라남도영암교육지원청,전라남도 영암군 학산면 금계로 193,공립,false,34.72055944,126.5967904,elem,true,data.go.kr
B000024563,한아름초등학교,8490000,나주시,전라남도나주교육지원청,전라남도 나주시 호수로 134,공립,false,35.01271991,126.7973843,elem,true,data.go.kr
B000006591,한재초등학교,8490000,담양군,전라남도담양교육지원청,전라남도 담양군 대전면 추성1로 217,공립,false,35.27851184,126.8892583,elem,true,data.go.kr
B000006667,한천초등학교,8490000,화순군,전라남도화순교육지원청,전라남도 화순군 한천면 청계길 26,공립,false,34.97962383,127.0039893,elem,true,data.go.kr
B000006769,함평초등학교,8490000,함평군,전라남도함평교육지원청,전라남도 함평군 함평읍 내대화길 77,공립,false,35.06217336,126.5121134,elem,true,data.go.kr
B000006704,해남동초등학교,8490000,해남군,전라남도해남교육지원청,전라남도 해남군 해남읍 중앙1로 45,공립,false,34.57008093,126.6048828,elem,true,data.go.kr
B000006703,해남서초등학교,8490000,해남군,전라남도해남교육지원청,전라남도 해남군 해남읍 중앙1로 182,공립,false,34.5723139,126.5970282,elem,true,data.go.kr
B000006515,해룡초등학교,8490000,순천시,전라남도순천교육지원청,전라남도 순천시 해룡면 해룡로 1119,공립,false,34.91265972,127.5355029,elem,true,data.go.kr
B000006777,해보초등학교,8490000,함평군,전라남도함평교육지원청,전라남도 함평군 해보면 해삼로 313,공립,false,35.17740361,126.6034646,elem,true,data.go.kr
B000006764,해제남초등학교,8490000,무안군,전라남도무안교육지원청,전라남도 무안군 해제면 돌기길 5,공립,false,35.08244622,126.2955578,elem,true,data.go.kr
B000006765,해제초등학교,8490000,무안군,전라남도무안교육지원청,전라남도 무안군 해제면 양간로 77,공립,false,35.11476343,126.2962896,elem,true,data.go.kr
B000006761,현경북초등학교,8490000,무안군,전라남도무안교육지원청,전라남도 무안군 현경면 현해로 757,공립,false,35.05993325,126.3609455,elem,true,data.go.kr
B000006760,현경초등학교,8490000,무안군,전라남도무안교육지원청,전라남도 무안군 현경면 황토길 17,공립,false,35.01985617,126.4144185,elem,true,data.go.kr
B000006719,현산초등학교,8490000,해남군,전라남도해남교육지원청,전라남도 해남군 현산면 현산북평로 98,공립,false,34.45943692,126.5535613,elem,true,data.go.kr
B000006720,현산초등학교현산남분교장,8490000,해남군,전라남도해남교육지원청,전라남도 해남군 현산면 입제길 40,공립,true,34.42855255,126.5851432,elem,true,data.go.kr
B000006783,홍농서초등학교,8490000,영광군,전라남도영광교육지원청,전라남도 영광군 홍농읍 홍농로4길 30,공립,false,35.41844112,126.4401078,elem,true,data.go.kr
B000006782,홍농초등학교,8490000,영광군,전라남도영광교육지원청,전라남도 영광군 홍농읍 상하길 76-22,공립,false,35.39936444,126.4478897,elem,true,data.go.kr
B000006717,화산초등학교,8490000,해남군,전라남도해남교육지원청,전라남도 해남군 화산면 화산초길 9,공립,false,34.49235887,126.5165441,elem,true,data.go.kr
B000006658,화순만연초등학교,8490000,화순군,전라남도화순교육지원청,전라남도 화순군 화순읍 알메로 72,공립,false,35.06132821,126.9949405,elem,true,data.go.kr
B000024421,화순오성초등학교,8490000,화순군,전라남도화순교육지원청,전라남도 화순군 화순읍 오성로 516,공립,false,35.05203541,126.9648686,elem,true,data.go.kr
B000006659,화순제일초등학교,8490000,화순군,전라남도화순교육지원청,전라남도 화순군 화순읍 알메로 8,공립,false,35.05623971,126.9948105,elem,true,data.go.kr
B000006657,화순초등학교,8490000,화순군,전라남도화순교육지원청,전라남도 화순군 화순읍 동헌길 9-7,공립,false,35.0655645,126.9841424,elem,true,data.go.kr
B000006673,화순초등학교이서분교장,8490000,화순군,전라남도화순교육지원청,전라남도 화순군 이서면 규봉로 979,공립,true,35.11710815,127.0435206,elem,true,data.go.kr
B000006454,화양초등학교,8490000,여수시,전라남도여수교육지원청,전라남도 여수시 화양면 화동로 149,공립,false,34.68651944,127.5946105,elem,true,data.go.kr
B000006716,화원초등학교,8490000,해남군,전라남도해남교육지원청,전라남도 해남군 화원면 청용길 117,공립,false,34.67310553,126.3333999,elem,true,data.go.kr
B000006464,화정초등학교,8490000,여수시,전라남도여수교육지원청,전라남도 여수시 화정면 개도화산길 50,공립,false,34.57068963,127.6596288,elem,true,data.go.kr
B000006815,화흥초등학교,8490000,완도군,전라남도완도교육지원청,전라남도 완도군 완도읍 청해진서로 824,공립,false,34.32557169,126.7011771,elem,true,data.go.kr
B000006712,황산초등학교,8490000,해남군,전라남도해남교육지원청,전라남도 해남군 황산면 시등로 150,공립,false,34.5759939,126.4285291,elem,true,data.go.kr
B000006510,황전초등학교,8490000,순천시,전라남도순천교육지원청,전라남도 순천시 황전면 수평길 21,공립,false,35.10107982,127.4301357,elem,true,data.go.kr
B000006687,회진초등학교,8490000,장흥군,전라남도장흥교육지원청,전라남도 장흥군 회진면 회진남구길 7,공립,false,34.47994076,126.9356843,elem,true,data.go.kr
B000006647,회천초등학교,8490000,보성군,전라남도보성교육지원청,전라남도 보성군 회천면 남부관광로 2343,공립,false,34.67280083,127.0850726,elem,true,data.go.kr
B000006873,흑산초등학교,8490000,신안군,전라남도신안교육지원청,전라남도 신안군 흑산면 진마을길 12-13,공립,false,34.68443825,125.4276444,elem,true,data.go.kr
B000006891,흑산초등학교홍도분교장,8490000,신안군,전라남도신안교육지원청,전라남도 신안군 흑산면 홍도1길 53,공립,true,34.68544984,125.1923169,elem,true,data.go.kr
B000006890,흑산초등학교흑산동분교장,8490000,신안군,전라남도신안교육지원청,전라남도 신안군 흑산면 수리길 29-2,공립,true,34.73144241,125.4647307,elem,true,data.go.kr
B000007381,가산초등학교,8750000,칠곡군,경상북도칠곡교육지원청,경상북도 칠곡군 가산면 경북대로 1500,공립,false,36.07916349,128.5402165,elem,true,data.go.kr
B000007225,가은초등학교,8750000,문경시,경상북도문경교육지원청,경상북도 문경시 가은읍 가은로 129,공립,false,36.64373946,128.0630824,elem,true,data.go.kr
B000007277,가음초등학교,8750000,의성군,경상북도의성교육지원청,경상북도 의성군 가음면 산성가음로 2194,공립,false,36.2314752,128.728877,elem,true,data.go.kr
B000007358,가천초등학교,8750000,성주군,경상북도성주교육지원청,경상북도 성주군 가천면 가천로 52,공립,false,35.88522982,128.167633,elem,true,data.go.kr
B000007326,각남초등학교,8750000,청도군,경상북도청도교육지원청,경상북도 청도군 각남면 각남로 59,공립,false,35.64280159,128.6571697,elem,true,data.go.kr
B000007395,감천초등학교,8750000,예천군,경상북도예천교육지원청,경상북도 예천군 감천면 충효로 1395,공립,false,36.7226563,128.5263537,elem,true,data.go.kr
B000007040,감천초등학교,8750000,김천시,경상북도김천교육지원청,경상북도 김천시 감천면 금감로 1550-2,공립,false,36.06541918,128.1263812,elem,true,data.go.kr
B000006993,감포초등학교,8750000,경주시,경상북도경주교육지원청,경상북도 경주시 감포읍 감포로10길 21,공립,false,35.80962697,129.5013972,elem,true,data.go.kr
B000007311,강구초등학교,8750000,영덕군,경상북도영덕교육지원청,경상북도 영덕군 강구면 나비산길 8,공립,false,36.35744045,129.3781617,elem,true,data.go.kr
B000007005,강동초등학교,8750000,경주시,경상북도경주교육지원청,경상북도 경주시 강동면 강동로 80,공립,false,35.99182974,129.2766172,elem,true,data.go.kr
B000007035,개령서부초등학교,8750000,김천시,경상북도김천교육지원청,경상북도 김천시 개령면 감문로 277,공립,false,36.15735643,128.1523267,elem,true,data.go.kr
B000007034,개령초등학교,8750000,김천시,경상북도김천교육지원청,경상북도 김천시 개령면 동부길 60,공립,false,36.16803685,128.187037,elem,true,data.go.kr
B000007346,개진초등학교,8750000,고령군,경상북도고령교육지원청,경상북도 고령군 개진면 오사길 83,공립,false,35.71676088,128.3697462,elem,true,data.go.kr
B000007157,거여초등학교,8750000,영천시,경상북도영천교육지원청,경상북도 영천시 금호읍 관정1길 31,공립,false,35.93171765,128.9099101,elem,true,data.go.kr
B000006994,건천초등학교,8750000,경주시,경상북도경주교육지원청,경상북도 경주시 건천읍 내서로 1105,공립,false,35.85054046,129.1037329,elem,true,data.go.kr
B000007234,경산동부초등학교,8750000,경산시,경상북도경산교육지원청,경상북도 경산시 원효로28길 60-6,공립,false,35.81751977,128.7482366,elem,true,data.go.kr
B000007232,경산서부초등학교,8750000,경산시,경상북도경산교육지원청,경상북도 경산시 경산로42길 22-11,공립,false,35.82728316,128.7290591,elem,true,data.go.kr
B000024005,경산압량초등학교,8750000,경산시,경상북도경산교육지원청,경상북도 경산시 압량읍 압독2로 38,공립,false,35.84050027,128.7665172,elem,true,data.go.kr
B000007240,경산중앙초등학교,8750000,경산시,경상북도경산교육지원청,경상북도 경산시 중앙초등길 9,공립,false,35.82210228,128.731119,elem,true,data.go.kr
B000007229,경산초등학교,8750000,경산시,경상북도경산교육지원청,경상북도 경산시 경안로 84,공립,false,35.81535083,128.7398902,elem,true,data.go.kr
B000006970,경주초등학교,8750000,경주시,경상북도경주교육지원청,경상북도 경주시 충효2길 20,공립,false,35.84265145,129.1897497,elem,true,data.go.kr
B000007253,계당초등학교,8750000,경산시,경상북도경산교육지원청,경상북도 경산시 와촌면 계당길 27,공립,false,35.9284247,128.8513378,elem,true,data.go.kr
B000006966,계림초등학교,8750000,경주시,경상북도경주교육지원청,경상북도 경주시 동문로43번길 16,공립,false,35.84927108,129.2123552,elem,true,data.go.kr
B000007163,고경초등학교,8750000,영천시,경상북도영천교육지원청,경상북도 영천시 고경면 호국로 1276,공립,false,36.00316189,129.0683103,elem,true,data.go.kr
B000007336,고령초등학교,8750000,고령군,경상북도고령교육지원청,경상북도 고령군 대가야읍 왕정길 10,공립,false,35.7343807,128.2695344,elem,true,data.go.kr
B000007118,고아초등학교,8750000,구미시,경상북도구미교육지원청,경상북도 구미시 고아읍 관심1길 46,공립,false,36.21239194,128.3287157,elem,true,data.go.kr
B000006942,곡강초등학교,8750000,포항시,경상북도포항교육지원청,경상북도 포항시 북구 흥해읍 칠포로 7,공립,false,36.13070709,129.3487108,elem,true,data.go.kr
B000007183,공검초등학교,8750000,상주시,경상북도상주교육지원청,경상북도 상주시 공검면 공검이안길 27,공립,false,36.51514991,128.1544734,elem,true,data.go.kr
B000007376,관호초등학교,8750000,칠곡군,경상북도칠곡교육지원청,경상북도 칠곡군 약목면 무림3길 16-59,공립,false,36.02053733,128.3802466,elem,true,data.go.kr
B000007088,광평초등학교,8750000,구미시,경상북도구미교육지원청,경상북도 구미시 구미대로 285,공립,false,36.11297054,128.3625345,elem,true,data.go.kr
B000006988,괘릉초등학교,8750000,경주시,경상북도경주교육지원청,경상북도 경주시 외동읍 신계입실길 139-5,공립,false,35.76040764,129.322567,elem,true,data.go.kr
B000006932,구룡포초등학교,8750000,포항시,경상북도포항교육지원청,경상북도 포항시 남구 구룡포읍 구룡포길 61,공립,false,35.99090277,129.5517505,elem,true,data.go.kr
B000024140,구미문성초등학교,8750000,구미시,경상북도구미교육지원청,경상북도 구미시 고아읍 들성로9길 13,공립,false,36.16185268,128.3452678,elem,true,data.go.kr
B000007104,구미봉곡초등학교,8750000,구미시,경상북도구미교육지원청,경상북도 구미시 봉곡남로1길 23,공립,false,36.15338802,128.3038166,elem,true,data.go.kr
B000007089,구미사곡초등학교,8750000,구미시,경상북도구미교육지원청,경상북도 구미시 상사동로24길 9,공립,false,36.09990116,128.3605588,elem,true,data.go.kr
B000025454,구미신당초등학교,8750000,구미시,경상북도구미교육지원청,경상북도 구미시 산동읍 신당4로 29,공립,false,36.16055561,128.431244,elem,true,data.go.kr
B000007110,구미신평초등학교,8750000,구미시,경상북도구미교육지원청,경상북도 구미시 신비로4길 15,공립,false,36.12191861,128.3658616,elem,true,data.go.kr
B000007094,구미오산초등학교,8750000,구미시,경상북도구미교육지원청,경상북도 구미시 금오대로24길 15,공립,false,36.0720382,128.3530127,elem,true,data.go.kr
B000007092,구미왕산초등학교,8750000,구미시,경상북도구미교육지원청,경상북도 구미시 왕산로 32,공립,false,36.08612317,128.3654769,elem,true,data.go.kr
B000025457,구미원당초등학교,8750000,구미시,경상북도구미교육지원청,경상북도 구미시 산동읍 옥계신당로9길 21,공립,false,36.14425834,128.4248869,elem,true,data.go.kr
B000025451,구미인덕초등학교,8750000,구미시,경상북도구미교육지원청,경상북도 구미시 산동읍 신당인덕3로 25,공립,false,36.16200909,128.4374713,elem,true,data.go.kr
B000007112,구미초등학교,8750000,구미시,경상북도구미교육지원청,경상북도 구미시 역전로2길 23,공립,false,36.13017165,128.333859,elem,true,data.go.kr
B000007119,구운초등학교,8750000,구미시,경상북도구미교육지원청,경상북도 구미시 고아읍 송평구길 79,공립,false,36.17098392,128.3689813,elem,true,data.go.kr
B000006938,구정초등학교,8750000,포항시,경상북도포항교육지원청,경상북도 포항시 남구 오천읍 구정길 11,공립,false,35.98089045,129.4085773,elem,true,data.go.kr
B000007283,구천초등학교,8750000,의성군,경상북도의성교육지원청,경상북도 의성군 구천면 소보안계로 1616,공립,false,36.35003075,128.4315478,elem,true,data.go.kr
B000007098,구평남부초등학교,8750000,구미시,경상북도구미교육지원청,경상북도 구미시 인동가산로 250-25,공립,false,36.09097726,128.4368463,elem,true,data.go.kr
B000007096,구평초등학교,8750000,구미시,경상북도구미교육지원청,경상북도 구미시 인동가산로 382-14,공립,false,36.09113802,128.451961,elem,true,data.go.kr
B000007247,금락초등학교,8750000,경산시,경상북도경산교육지원청,경상북도 경산시 하양읍 대학로296길 9-5,공립,false,35.91124903,128.8240814,elem,true,data.go.kr
B000007022,금릉초등학교,8750000,김천시,경상북도김천교육지원청,경상북도 김천시 구읍길 57,공립,false,36.13952427,128.0920276,elem,true,data.go.kr
B000007276,금성초등학교,8750000,의성군,경상북도의성교육지원청,경상북도 의성군 금성면 탑리길 131,공립,false,36.26310773,128.6797522,elem,true,data.go.kr
B000007111,금오초등학교,8750000,구미시,경상북도구미교육지원청,경상북도 구미시 산책길 19,공립,false,36.12344066,128.3347517,elem,true,data.go.kr
B000007008,금장초등학교,8750000,경주시,경상북도경주교육지원청,경상북도 경주시 현곡면 등나무길 18-6,공립,false,35.87373881,129.2052935,elem,true,data.go.kr
B000007332,금천초등학교,8750000,청도군,경상북도청도교육지원청,경상북도 청도군 금천면 섶마리1길 27,공립,false,35.67930523,128.8945639,elem,true,data.go.kr
B000007158,금호초등학교,8750000,영천시,경상북도영천교육지원청,경상북도 영천시 금호읍 금호로 179,공립,false,35.93461511,128.8805476,elem,true,data.go.kr
B000006955,기계초등학교,8750000,포항시,경상북도포항교육지원청,경상북도 포항시 북구 기계면 기계로 122,공립,false,36.07222872,129.2035901,elem,true,data.go.kr
B000006956,기북초등학교,8750000,포항시,경상북도포항교육지원청,경상북도 포항시 북구 기북면 기북로 452,공립,false,36.12939435,129.1676241,elem,true,data.go.kr
B000007428,기성초등학교,8750000,울진군,경상북도울진교육지원청,경상북도 울진군 기성면 척산2길 24-5,공립,false,36.79788853,129.4493165,elem,true,data.go.kr
B000007068,길안초등학교,8750000,안동시,경상북도안동교육지원청,경상북도 안동시 길안면 충효로 2230,공립,false,36.45486558,128.8961109,elem,true,data.go.kr
B000007080,길안초등학교길송분교장,8750000,안동시,경상북도안동교육지원청,경상북도 안동시 길안면 송사시장길 104,공립,true,36.36896815,128.9287611,elem,true,data.go.kr
B000007059,길주초등학교,8750000,안동시,경상북도안동교육지원청,경상북도 안동시 경동로 947-20,공립,false,36.55560202,128.7604284,elem,true,data.go.kr
B000007020,김천다수초등학교,8750000,김천시,경상북도김천교육지원청,경상북도 김천시 영남대로 1286,공립,false,36.12630771,128.0761682,elem,true,data.go.kr
B000007016,김천동부초등학교,8750000,김천시,경상북도김천교육지원청,경상북도 김천시 황산로 83-15,공립,false,36.11859869,128.1380241,elem,true,data.go.kr
B000007021,김천동신초등학교,8750000,김천시,경상북도김천교육지원청,경상북도 김천시 신음새동네길 116,공립,false,36.1314424,128.1218127,elem,true,data.go.kr
B000007015,김천모암초등학교,8750000,김천시,경상북도김천교육지원청,경상북도 김천시 모암사랑10길 6,공립,false,36.12582704,128.1246518,elem,true,data.go.kr
B000007019,김천부곡초등학교,8750000,김천시,경상북도김천교육지원청,경상북도 김천시 부곡맛고을1길 147,공립,false,36.12486641,128.0950564,elem,true,data.go.kr
B000007018,김천서부초등학교,8750000,김천시,경상북도김천교육지원청,경상북도 김천시 원곡길 8,공립,false,36.12287432,128.1071018,elem,true,data.go.kr
B000007025,김천신일초등학교,8750000,김천시,경상북도김천교육지원청,경상북도 김천시 신음3길 42,공립,false,36.14368748,128.1210968,elem,true,data.go.kr
B000007024,김천중앙초등학교,8750000,김천시,경상북도김천교육지원청,경상북도 김천시 김천로 156,공립,false,36.1205445,128.1175874,elem,true,data.go.kr
B000007023,김천초등학교,8750000,김천시,경상북도김천교육지원청,경상북도 김천시 남산공원3길 12,공립,false,36.11816095,128.120613,elem,true,data.go.kr
B000006997,나산초등학교,8750000,경주시,경상북도경주교육지원청,경상북도 경주시 양남면 동해안로 625-9,공립,false,35.69779356,129.4699776,elem,true,data.go.kr
B000007009,나원초등학교,8750000,경주시,경상북도경주교육지원청,경상북도 경주시 현곡면 안현로 20,공립,false,35.87020443,129.2032784,elem,true,data.go.kr
B000007198,낙동초등학교,8750000,상주시,경상북도상주교육지원청,경상북도 상주시 낙동면 장천로 457,공립,false,36.37644343,128.247890,elem,true,data.go.kr
B000007364,낙산초등학교,8750000,칠곡군,경상북도칠곡교육지원청,경상북도 칠곡군 왜관읍 강변대로 754,공립,false,35.94516578,128.4026207,elem,true,data.go.kr
B000007187,낙서초등학교,8750000,상주시,경상북도상주교육지원청,경상북도 상주시 내서면 영남제일로 3173,공립,false,36.40719611,128.0206482,elem,true,data.go.kr
B000007122,남계초등학교,8750000,구미시,경상북도구미교육지원청,경상북도 구미시 고아읍 봉한3길 16,공립,false,36.18109403,128.3484376,elem,true,data.go.kr
B000007138,남산초등학교,8750000,영주시,경상북도영주교육지원청,경상북도 영주시 구성로 257,공립,false,36.81554753,128.6267744,elem,true,data.go.kr
B000007257,남산초등학교,8750000,경산시,경상북도경산교육지원청,경상북도 경산시 남산면 하남로 316,공립,false,35.79260959,128.8365922,elem,true,data.go.kr
B000007070,남선초등학교,8750000,안동시,경상북도안동교육지원청,경상북도 안동시 남선면 구미양지마길 26,공립,false,36.5248718,128.7686926,elem,true,data.go.kr
B000006950,남성초등학교,8750000,포항시,경상북도포항교육지원청,경상북도 포항시 남구 대송면 장동홍계길 20,공립,false,35.97036651,129.3594509,elem,true,data.go.kr
B000007238,남성초등학교,8750000,경산시,경상북도경산교육지원청,경상북도 경산시 원효로 375,공립,false,35.8131081,128.776772,elem,true,data.go.kr
B000007324,남성현초등학교,8750000,청도군,경상북도청도교육지원청,경상북도 청도군 화양읍 남성현로 473-11,공립,false,35.69646032,128.7163815,elem,true,data.go.kr
B000007440,남양초등학교,8750000,울릉군,경상북도울릉교육지원청,경상북도 울릉군 서면 남양1길 58,공립,false,37.46912916,130.8400802,elem,true,data.go.kr
B000007313,남정초등학교,8750000,영덕군,경상북도영덕교육지원청,경상북도 영덕군 남정면 진불길 15-6,공립,false,36.2840961,129.3722058,elem,true,data.go.kr
B000007259,남천초등학교,8750000,경산시,경상북도경산교육지원청,경상북도 경산시 남천면 남천로 481,공립,false,35.76762632,128.7249619,elem,true,data.go.kr
B000007071,남후초등학교,8750000,안동시,경상북도안동교육지원청,경상북도 안동시 남후면 무릉길 104,공립,false,36.52129829,128.6913443,elem,true,data.go.kr
B000006999,내남초등학교,8750000,경주시,경상북도경주교육지원청,경상북도 경주시 내남면 경덕로 286,공립,false,35.76482206,129.1960584,elem,true,data.go.kr
B000007399,내성초등학교,8750000,봉화군,경상북도봉화교육지원청,경상북도 봉화군 봉화읍 교촌1길 37,공립,false,36.88581477,128.7354991,elem,true,data.go.kr
B000007430,노음초등학교,8750000,울진군,경상북도울진교육지원청,경상북도 울진군 근남면 노음6길 22,공립,false,36.95873936,129.3916661,elem,true,data.go.kr
B000007075,녹전초등학교,8750000,안동시,경상북도안동교육지원청,경상북도 안동시 녹전면 녹전로 695,공립,false,36.74105651,128.7741181,elem,true,data.go.kr
B000007081,녹전초등학교원천분교장,8750000,안동시,경상북도안동교육지원청,경상북도 안동시 녹전면 원당안길 12,공립,true,36.79161262,128.7567404,elem,true,data.go.kr
B000024011,농소초등학교,8750000,김천시,경상북도김천교육지원청,경상북도 김천시 해오름1로1길 7,공립,false,36.12263602,128.1749298,elem,true,data.go.kr
B000007217,농암초등학교,8750000,문경시,경상북도문경교육지원청,경상북도 문경시 농암면 농암길 44-14,공립,false,36.60220156,128.0035004,elem,true,data.go.kr
B000007245,다문초등학교,8750000,경산시,경상북도경산교육지원청,경상북도 경산시 진량읍 다문로70길 85,공립,false,35.87165268,128.8515232,elem,true,data.go.kr
B000007382,다부초등학교,8750000,칠곡군,경상북도칠곡교육지원청,경상북도 칠곡군 가산면 다부원1길 52,공립,false,36.04524356,128.5198431,elem,true,data.go.kr
B000007343,다산초등학교,8750000,고령군,경상북도고령교육지원청,경상북도 고령군 다산면 다산로 685-11,공립,false,35.82332214,128.4516765,elem,true,data.go.kr
B000007286,다인초등학교,8750000,의성군,경상북도의성교육지원청,경상북도 의성군 다인면 서릉1길 19-6,공립,false,36.44939853,128.3580928,elem,true,data.go.kr
B000007273,단촌초등학교,8750000,의성군,경상북도의성교육지원청,경상북도 의성군 단촌면 신기길 42,공립,false,36.42556714,128.6711122,elem,true,data.go.kr
B000007162,단포초등학교,8750000,영천시,경상북도영천교육지원청,경상북도 영천시 고경면 호국로 343,공립,false,35.9810174,128.974840,elem,true,data.go.kr
B000006945,달전초등학교,8750000,포항시,경상북도포항교육지원청,경상북도 포항시 북구 흥해읍 달전로 215,공립,false,36.06349578,129.3346892,elem,true,data.go.kr
B000023972,달전초등학교,8750000,포항시,경상북도포항교육지원청,경상북도 포항시 북구 흥해읍 이인리 427-1,공립,false,36.06968162,129.3351658,elem,true,data.go.kr
B000007221,당포초등학교,8750000,문경시,경상북도문경교육지원청,경상북도 문경시 문경읍 여우목로 580,공립,false,36.75243156,128.1525805,elem,true,data.go.kr
B000007357,대가초등학교,8750000,성주군,경상북도성주교육지원청,경상북도 성주군 대가면 참별로 2188,공립,false,35.90893665,128.2222818,elem,true,data.go.kr
B000007369,대교초등학교,8750000,칠곡군,경상북도칠곡교육지원청,경상북도 칠곡군 석적읍 서중리7길 15,공립,false,36.07549588,128.3983623,elem,true,data.go.kr
B000022630,대구교육대학교안동부설초등학교,8750000,안동시,경상북도안동교육지원청,경상북도 안동시 단원로 222,국립,false,36.56982333,128.728641,elem,true,data.go.kr
B000007044,대덕초등학교,8750000,김천시,경상북도김천교육지원청,경상북도 김천시 대덕면 관기2길 21,공립,false,35.91751839,127.9716617,elem,true,data.go.kr
B000006898,대도초등학교,8750000,포항시,경상북도포항교육지원청,경상북도 포항시 남구 상공로92번길 25-10,공립,false,36.01411913,129.3619104,elem,true,data.go.kr
B000007355,대동초등학교,8750000,성주군,경상북도성주교육지원청,경상북도 성주군 용암면 운용로 1340-9,공립,false,35.85825821,128.3579618,elem,true,data.go.kr
B000007255,대동초등학교,8750000,경산시,경상북도경산교육지원청,경상북도 경산시 와촌면 팔공로 563-14,공립,false,35.95932943,128.8036717,elem,true,data.go.kr
B000007029,대룡초등학교,8750000,김천시,경상북도김천교육지원청,경상북도 김천시 대항면 대룡로 82,공립,false,36.12461201,128.0491589,elem,true,data.go.kr
B000006949,대보초등학교,8750000,포항시,경상북도포항교육지원청,경상북도 포항시 남구 호미곶면 보천길 16,공립,false,36.07852985,129.5572291,elem,true,data.go.kr
B000006951,대송초등학교,8750000,포항시,경상북도포항교육지원청,경상북도 포항시 남구 대송면 제내길 24,공립,false,35.98387652,129.362628,elem,true,data.go.kr
B000006902,대이초등학교,8750000,포항시,경상북도포항교육지원청,경상북도 포항시 남구 대이로46번길 35,공립,false,36.02239263,129.3456479,elem,true,data.go.kr
B000006924,대잠초등학교,8750000,포항시,경상북도포항교육지원청,경상북도 포항시 북구 중흥로161번길 16,공립,false,36.01983557,129.3530687,elem,true,data.go.kr
B000007170,대창초등학교,8750000,영천시,경상북도영천교육지원청,경상북도 영천시 대창면 금창로 787,공립,false,35.86963698,128.9058147,elem,true,data.go.kr
B000006897,대해초등학교,8750000,포항시,경상북도포항교육지원청,경상북도 포항시 남구 양학천로150번길 58,공립,false,36.0225583,129.3668559,elem,true,data.go.kr
B000007342,덕곡초등학교,8750000,고령군,경상북도고령교육지원청,경상북도 고령군 덕곡면 덕운로 548,공립,false,35.77919619,128.2343144,elem,true,data.go.kr
B000007328,덕산초등학교,8750000,청도군,경상북도청도교육지원청,경상북도 청도군 각북면 덕남길 11-7,공립,false,35.70521788,128.5834749,elem,true,data.go.kr
B000007126,덕촌초등학교,8750000,구미시,경상북도구미교육지원청,경상북도 구미시 옥성면 선상서로 584,공립,false,36.26323373,128.2545434,elem,true,data.go.kr
B000007129,도개초등학교,8750000,구미시,경상북도구미교육지원청,경상북도 구미시 도개면 도안로 108,공립,false,36.30017994,128.3322189,elem,true,data.go.kr
B000007107,도량초등학교,8750000,구미시,경상북도구미교육지원청,경상북도 구미시 송동로7길 15-14,공립,false,36.14429831,128.3195954,elem,true,data.go.kr
B000007280,도리원초등학교,8750000,의성군,경상북도의성교육지원청,경상북도 의성군 봉양면 도리원5길 9,공립,false,36.30040379,128.578571,elem,true,data.go.kr
B000007083,도봉초등학교,8750000,구미시,경상북도구미교육지원청,경상북도 구미시 도봉로 47,공립,false,36.14222705,128.3169424,elem,true,data.go.kr
B000007108,도산초등학교,8750000,구미시,경상북도구미교육지원청,경상북도 구미시 문장로 100,공립,false,36.14155308,128.3329637,elem,true,data.go.kr
B000007353,도원초등학교,8750000,성주군,경상북도성주교육지원청,경상북도 성주군 선남면 선노로 185,공립,false,35.89652807,128.3815617,elem,true,data.go.kr
B000007397,도촌초등학교,8750000,봉화군,경상북도봉화교육지원청,경상북도 봉화군 봉화읍 봉화로 639,공립,false,36.87944467,128.6862066,elem,true,data.go.kr
B000007294,도평초등학교,8750000,청송군,경상북도청송교육지원청,경상북도 청송군 현동면 청송로 2679,공립,false,36.29054501,129.0198248,elem,true,data.go.kr
B000007223,동로초등학교,8750000,문경시,경상북도문경교육지원청,경상북도 문경시 동로면 노은2길 4,공립,false,36.7715572,128.3153048,elem,true,data.go.kr
B000007385,동명동부초등학교,8750000,칠곡군,경상북도칠곡교육지원청,경상북도 칠곡군 동명면 한티로 562,공립,false,36.00618566,128.5929951,elem,true,data.go.kr
B000007384,동명초등학교,8750000,칠곡군,경상북도칠곡교육지원청,경상북도 칠곡군 동명면 금암동석3길 5,공립,false,35.98706031,128.5544814,elem,true,data.go.kr
B000006969,동방초등학교,8750000,경주시,경상북도경주교육지원청,경상북도 경주시 산업로 3485-8,공립,false,35.80363889,129.2619004,elem,true,data.go.kr
B000007330,동산초등학교,8750000,청도군,경상북도청도교육지원청,경상북도 청도군 매전면 동산길 43,공립,false,35.66745663,128.8547025,elem,true,data.go.kr
B000007224,동성초등학교,8750000,문경시,경상북도문경교육지원청,경상북도 문경시 마성면 동성길 80,공립,false,36.68232706,128.1273632,elem,true,data.go.kr
B000007405,동양초등학교,8750000,봉화군,경상북도봉화교육지원청,경상북도 봉화군 봉성면 다덕로 523-14,공립,false,36.9133089,128.7914403,elem,true,data.go.kr
B000006974,동천초등학교,8750000,경주시,경상북도경주교육지원청,경상북도 경주시 알천북로249번길 20,공립,false,35.84838019,129.2270343,elem,true,data.go.kr
B000006952,동해초등학교,8750000,포항시,경상북도포항교육지원청,경상북도 포항시 남구 동해면 일월로 78,공립,false,35.98792404,129.4410742,elem,true,data.go.kr
B000006917,두호남부초등학교,8750000,포항시,경상북도포항교육지원청,경상북도 포항시 북구 두호로52번길 13,공립,false,36.06169902,129.3739623,elem,true,data.go.kr
B000006925,두호초등학교,8750000,포항시,경상북도포항교육지원청,경상북도 포항시 북구 창흥로36번길 23,공립,false,36.06410405,129.3680876,elem,true,data.go.kr
B000007365,매원초등학교,8750000,칠곡군,경상북도칠곡교육지원청,경상북도 칠곡군 왜관읍 매원1길 5-32,공립,false,35.99503684,128.4294419,elem,true,data.go.kr
B000007429,매화초등학교,8750000,울진군,경상북도울진교육지원청,경상북도 울진군 매화면 매화4길 21-4,공립,false,36.9139246,129.3815405,elem,true,data.go.kr
B000007406,명호초등학교,8750000,봉화군,경상북도봉화교육지원청,경상북도 봉화군 명호면 노루목재길 28,공립,false,36.85644351,128.8990184,elem,true,data.go.kr
B000007192,모동초등학교,8750000,상주시,경상북도상주교육지원청,경상북도 상주시 모동면 중화로 583-17,공립,false,36.31772679,127.9589805,elem,true,data.go.kr
B000006996,모량초등학교,8750000,경주시,경상북도경주교육지원청,경상북도 경주시 건천읍 내서로 1504,공립,false,35.82349213,129.1303473,elem,true,data.go.kr
B000007190,모서초등학교,8750000,상주시,경상북도상주교육지원청,경상북도 상주시 모서면 백화로 1387,공립,false,36.34306815,127.9610605,elem,true,data.go.kr
B000007002,모아초등학교,8750000,경주시,경상북도경주교육지원청,경상북도 경주시 천북면 산업로 4974-5,공립,false,35.9206086,129.2466225,elem,true,data.go.kr
B000007211,모전초등학교,8750000,문경시,경상북도문경교육지원청,경상북도 문경시 매봉로 75,공립,false,36.59189499,128.180954,elem,true,data.go.kr
B000006991,모화초등학교,8750000,경주시,경상북도경주교육지원청,경상북도 경주시 외동읍 계동1길 12,공립,false,35.67737588,129.3331768,elem,true,data.go.kr
B000007124,무을초등학교,8750000,구미시,경상북도구미교육지원청,경상북도 구미시 무을면 송삼1길 33,공립,false,36.26353895,128.1970182,elem,true,data.go.kr
B000007222,문경초등학교,8750000,문경시,경상북도문경교육지원청,경상북도 문경시 문경읍 청운로 23,공립,false,36.73683265,128.1048407,elem,true,data.go.kr
B000006940,문덕초등학교,8750000,포항시,경상북도포항교육지원청,경상북도 포항시 남구 오천읍 해병로 397,공립,false,35.96051432,129.4093466,elem,true,data.go.kr
B000007148,문수초등학교,8750000,영주시,경상북도영주교육지원청,경상북도 영주시 문수면 문수로1406번길 15-4,공립,false,36.77437224,128.6337769,elem,true,data.go.kr
B000007120,문장초등학교,8750000,구미시,경상북도구미교육지원청,경상북도 구미시 고아읍 문장로 168,공립,false,36.14857959,128.3327624,elem,true,data.go.kr
B000006936,문충초등학교,8750000,포항시,경상북도포항교육지원청,경상북도 포항시 남구 오천읍 정몽주로 49,공립,false,35.93057688,129.3982632,elem,true,data.go.kr
B000007401,물야초등학교,8750000,봉화군,경상북도봉화교육지원청,경상북도 봉화군 물야면 오록길 25,공립,false,36.97971505,128.7372147,elem,true,data.go.kr
B000007337,박곡초등학교,8750000,고령군,경상북도고령교육지원청,경상북도 고령군 성산면 성암로 125,공립,false,35.763473,128.3786105,elem,true,data.go.kr
B000007194,백원초등학교,8750000,상주시,경상북도상주교육지원청,경상북도 상주시 외서면 북상주로 591-14,공립,false,36.48016569,128.1721632,elem,true,data.go.kr
B000007402,법전중앙초등학교,8750000,봉화군,경상북도봉화교육지원청,경상북도 봉화군 법전면 법전로 135,공립,false,36.91466157,128.8776519,elem,true,data.go.kr
B000007351,벽진초등학교,8750000,성주군,경상북도성주교육지원청,경상북도 성주군 벽진면 수촌3길 1,공립,false,35.95145615,128.2164282,elem,true,data.go.kr
B000007315,병곡초등학교,8750000,영덕군,경상북도영덕교육지원청,경상북도 영덕군 병곡면 영길 103-10,공립,false,36.60185573,129.4091254,elem,true,data.go.kr
B000007055,복주초등학교,8750000,안동시,경상북도안동교육지원청,경상북도 안동시 복주3길 23-13,공립,false,36.56297712,128.6982812,elem,true,data.go.kr
B000007031,봉계초등학교,8750000,김천시,경상북도김천교육지원청,경상북도 김천시 봉산면 봉계길 74-15,공립,false,36.14384665,128.0641047,elem,true,data.go.kr
B000007404,봉성초등학교,8750000,봉화군,경상북도봉화교육지원청,경상북도 봉화군 봉성면 봉명로 550,공립,false,36.88557445,128.8148779,elem,true,data.go.kr
B000007149,봉현초등학교,8750000,영주시,경상북도영주교육지원청,경상북도 영주시 봉현면 소백로1623번길 6,공립,false,36.8475943,128.5258092,elem,true,data.go.kr
B000007398,봉화초등학교,8750000,봉화군,경상북도봉화교육지원청,경상북도 봉화군 봉화읍 내성로7길 3,공립,false,36.89264584,128.7403704,elem,true,data.go.kr
B000007241,봉황초등학교,8750000,경산시,경상북도경산교육지원청,경상북도 경산시 진량읍 봉황길 50,공립,false,35.88300255,128.8237438,elem,true,data.go.kr
B000007431,부구초등학교,8750000,울진군,경상북도울진교육지원청,경상북도 울진군 북면 울진북로 2081,공립,false,37.10258912,129.3719829,elem,true,data.go.kr
B000007437,부구초등학교삼당분교장,8750000,울진군,경상북도울진교육지원청,경상북도 울진군 북면 두천길 299,공립,true,37.04065875,129.3223236,elem,true,data.go.kr
B000007298,부남초등학교,8750000,청송군,경상북도청송교육지원청,경상북도 청송군 부남면 부남로 509,공립,false,36.31369626,129.0973443,elem,true,data.go.kr
B000007244,부림초등학교,8750000,경산시,경상북도경산교육지원청,경상북도 경산시 진량읍 문천길 24,공립,false,35.89819117,128.8254479,elem,true,data.go.kr
B000007142,부석초등학교,8750000,영주시,경상북도영주교육지원청,경상북도 영주시 부석면 부석로65번길 5,공립,false,36.98104929,128.6553061,elem,true,data.go.kr
B000007372,북삼초등학교,8750000,칠곡군,경상북도칠곡교육지원청,경상북도 칠곡군 북삼읍 인평중앙로 43,공립,false,36.06412974,128.3427989,elem,true,data.go.kr
B000007168,북안초등학교,8750000,영천시,경상북도영천교육지원청,경상북도 영천시 북안면 운북로 1984,공립,false,35.91479143,129.0104191,elem,true,data.go.kr
B000007073,북후초등학교,8750000,안동시,경상북도안동교육지원청,경상북도 안동시 북후면 도장길 339,공립,false,36.67630212,128.6970915,elem,true,data.go.kr
B000006972,불국사초등학교,8750000,경주시,경상북도경주교육지원청,경상북도 경주시 불국사초등길 27,공립,false,35.77810292,129.3012807,elem,true,data.go.kr
B000007085,비산초등학교,8750000,구미시,경상북도구미교육지원청,경상북도 구미시 비산로 24,공립,false,36.11829707,128.3747684,elem,true,data.go.kr
B000007281,비안초등학교,8750000,의성군,경상북도의성교육지원청,경상북도 의성군 비안면 강변길 105,공립,false,36.33748618,128.4949144,elem,true,data.go.kr
B000007236,사동초등학교,8750000,경산시,경상북도경산교육지원청,경상북도 경산시 백양로33길 32,공립,false,35.81380612,128.7609949,elem,true,data.go.kr
B000006982,사방초등학교,8750000,경주시,경상북도경주교육지원청,경상북도 경주시 안강읍 사방검단길 54,공립,false,35.9386291,129.2256525,elem,true,data.go.kr
B000007199,사벌초등학교,8750000,상주시,경상북도상주교육지원청,경상북도 상주시 사벌국면 덕담1길 53,공립,false,36.46783291,128.2084231,elem,true,data.go.kr
B000006981,산대초등학교,8750000,경주시,경상북도경주교육지원청,경상북도 경주시 안강읍 구부랑길 54-5,공립,false,36.00308319,129.1977363,elem,true,data.go.kr
B000007128,산동초등학교,8750000,구미시,경상북도구미교육지원청,경상북도 구미시 산동읍 강동로 936-18,공립,false,36.16727794,128.4465059,elem,true,data.go.kr
B000007215,산북초등학교,8750000,문경시,경상북도문경교육지원청,경상북도 문경시 산북면 금천로 553-12,공립,false,36.65582033,128.2577157,elem,true,data.go.kr
B000007214,산양초등학교,8750000,문경시,경상북도문경교육지원청,경상북도 문경시 산양면 산양로 51,공립,false,36.61034882,128.2521074,elem,true,data.go.kr
B000007433,삼근초등학교,8750000,울진군,경상북도울진교육지원청,경상북도 울진군 금강송면 삼근2길 23,공립,false,36.93557512,129.2461092,elem,true,data.go.kr
B000023990,삼성현초등학교,8750000,경산시,경상북도경산교육지원청,경상북도 경산시 경청로216길 20,공립,false,35.79990067,128.7395072,elem,true,data.go.kr
B000006901,상대초등학교,8750000,포항시,경상북도포항교육지원청,경상북도 포항시 남구 대해로 82,공립,false,36.02247775,129.3615845,elem,true,data.go.kr
B000007396,상리초등학교,8750000,예천군,경상북도예천교육지원청,경상북도 예천군 효자면 도효자로 1558,공립,false,36.77778584,128.4206941,elem,true,data.go.kr
B000007090,상모초등학교,8750000,구미시,경상북도구미교육지원청,경상북도 구미시 상모로 71,공립,false,36.09079516,128.3563833,elem,true,data.go.kr
B000007174,상산초등학교,8750000,상주시,경상북도상주교육지원청,경상북도 상주시 왕산로 374,공립,false,36.42298409,128.1609933,elem,true,data.go.kr
B000007178,상영초등학교,8750000,상주시,경상북도상주교육지원청,경상북도 상주시 상산로 202,공립,false,36.40845531,128.1607154,elem,true,data.go.kr
B000007400,상운초등학교,8750000,봉화군,경상북도봉화교육지원청,경상북도 봉화군 상운면 예봉로 1231,공립,false,36.83037739,128.753414,elem,true,data.go.kr
B000007176,상주남부초등학교,8750000,상주시,경상북도상주교육지원청,경상북도 상주시 지천1길 5,공립,false,36.36349148,128.1506701,elem,true,data.go.kr
B000007177,상주동부초등학교,8750000,상주시,경상북도상주교육지원청,경상북도 상주시 헌신1길 1,공립,false,36.41774729,128.2080396,elem,true,data.go.kr
B000007179,상주중앙초등학교,8750000,상주시,경상북도상주교육지원청,경상북도 상주시 상서문1길 112,공립,false,36.41093652,128.1574674,elem,true,data.go.kr
B000007175,상주초등학교,8750000,상주시,경상북도상주교육지원청,경상북도 상주시 중앙로 167,공립,false,36.41625837,128.1575571,elem,true,data.go.kr
B000006971,서라벌초등학교,8750000,경주시,경상북도경주교육지원청,경상북도 경주시 천군2길 24,공립,false,35.83088915,129.2793929,elem,true,data.go.kr
B000007408,서벽초등학교,8750000,봉화군,경상북도봉화교육지원청,경상북도 봉화군 춘양면 춘양로 1424,공립,false,37.00881425,128.8336222,elem,true,data.go.kr
B000007061,서선초등학교,8750000,안동시,경상북도안동교육지원청,경상북도 안동시 풍산읍 서선길 51,공립,false,36.59104215,128.6392902,elem,true,data.go.kr
B000007066,서후초등학교,8750000,안동시,경상북도안동교육지원청,경상북도 안동시 서후면 학가산온천길 375,공립,false,36.61679819,128.6630648,elem,true,data.go.kr
B000006989,석계초등학교,8750000,경주시,경상북도경주교육지원청,경상북도 경주시 외동읍 석계평리길 79-31,공립,false,35.67874018,129.3094092,elem,true,data.go.kr
B000007301,석보초등학교,8750000,영양군,경상북도영양교육지원청,경상북도 영양군 석보면 원리길 3,공립,false,36.55842246,129.1230854,elem,true,data.go.kr
B000024990,석적초등학교,8750000,칠곡군,경상북도칠곡교육지원청,경상북도 칠곡군 석적읍 남율로12길 76,공립,false,36.06708115,128.4098435,elem,true,data.go.kr
B000007411,석포초등학교,8750000,봉화군,경상북도봉화교육지원청,경상북도 봉화군 석포면 석포로1길 33,공립,false,37.04634526,129.0639033,elem,true,data.go.kr
B000007352,선남초등학교,8750000,성주군,경상북도성주교육지원청,경상북도 성주군 선남면 관화2길 2,공립,false,35.9065645,128.3520062,elem,true,data.go.kr
B000007117,선산초등학교,8750000,구미시,경상북도구미교육지원청,경상북도 구미시 선산읍 선산중앙로 87-4,공립,false,36.24392309,128.3013276,elem,true,data.go.kr
B000007105,선주초등학교,8750000,구미시,경상북도구미교육지원청,경상북도 구미시 봉곡로 134,공립,false,36.15110034,128.3113637,elem,true,data.go.kr
B000007173,성동초등학교,8750000,상주시,경상북도상주교육지원청,경상북도 상주시 성동새싹길 14,공립,false,36.41470707,128.1709229,elem,true,data.go.kr
B000007338,성산초등학교,8750000,고령군,경상북도고령교육지원청,경상북도 고령군 성산면 성산로 902,공립,false,35.74918152,128.3610757,elem,true,data.go.kr
B000007233,성암초등학교,8750000,경산시,경상북도경산교육지원청,경상북도 경산시 펜타힐즈3로 21,공립,false,35.82607981,128.7192859,elem,true,data.go.kr
B000007348,성주중앙초등학교,8750000,성주군,경상북도성주교육지원청,경상북도 성주군 성주읍 시장1길 17,공립,false,35.9167031,128.2864406,elem,true,data.go.kr
B000007347,성주초등학교,8750000,성주군,경상북도성주교육지원청,경상북도 성주군 성주읍 성주읍4길 9,공립,false,35.91945837,128.2847469,elem,true,data.go.kr
B000007410,소천초등학교,8750000,봉화군,경상북도봉화교육지원청,경상북도 봉화군 소천면 소천로 1284,공립,false,36.93823299,129.0018681,elem,true,data.go.kr
B000007415,소천초등학교두음분교장,8750000,봉화군,경상북도봉화교육지원청,경상북도 봉화군 소천면 두음길 567,공립,true,36.88620366,129.0560671,elem,true,data.go.kr
B000006957,송라초등학교,8750000,포항시,경상북도포항교육지원청,경상북도 포항시 북구 송라면 보경로 57,공립,false,36.22890963,129.3557513,elem,true,data.go.kr
B000006899,송림초등학교,8750000,포항시,경상북도포항교육지원청,경상북도 포항시 남구 축항로 55,공립,false,36.03022626,129.3750548,elem,true,data.go.kr
B000007109,송정초등학교,8750000,구미시,경상북도구미교육지원청,경상북도 구미시 송정대로6길 72-6,공립,false,36.11400605,128.3479355,elem,true,data.go.kr
B000007057,송천초등학교,8750000,안동시,경상북도안동교육지원청,경상북도 안동시 송천2길 119,공립,false,36.54623042,128.7922552,elem,true,data.go.kr
B000007359,수륜초등학교,8750000,성주군,경상북도성주교육지원청,경상북도 성주군 수륜면 참별로 927,공립,false,35.83407566,128.1918436,elem,true,data.go.kr
B000007304,수비초등학교,8750000,영양군,경상북도영양교육지원청,경상북도 영양군 수비면 한티로 499,공립,false,36.76613558,129.2012532,elem,true,data.go.kr
B000007141,순흥초등학교,8750000,영주시,경상북도영주교육지원청,경상북도 영주시 순흥면 순흥로 15,공립,false,36.91222279,128.5772975,elem,true,data.go.kr
B000007373,숭산초등학교,8750000,칠곡군,경상북도칠곡교육지원청,경상북도 칠곡군 북삼읍 보손4길 20,공립,false,36.05385834,128.3144914,elem,true,data.go.kr
B000006958,신광초등학교,8750000,포항시,경상북도포항교육지원청,경상북도 포항시 북구 신광면 토성길 31,공립,false,36.12951876,129.2619452,elem,true,data.go.kr
B000007218,신기초등학교,8750000,문경시,경상북도문경교육지원청,경상북도 문경시 신기4길 15,공립,false,36.64004812,128.168488,elem,true,data.go.kr
B000007087,신기초등학교,8750000,구미시,경상북도구미교육지원청,경상북도 구미시 신비로3길 37-8,공립,false,36.1262437,128.3652454,elem,true,data.go.kr
B000007159,신녕초등학교,8750000,영천시,경상북도영천교육지원청,경상북도 영천시 신녕면 큰골길 9,공립,false,36.04723628,128.7899383,elem,true,data.go.kr
B000007378,신동초등학교,8750000,칠곡군,경상북도칠곡교육지원청,경상북도 칠곡군 지천면 신동로 161,공립,false,35.95623956,128.4905842,elem,true,data.go.kr
B000006975,신라초등학교,8750000,경주시,경상북도경주교육지원청,경상북도 경주시 금성로183번길 28,공립,false,35.83486428,129.2043684,elem,true,data.go.kr
B000007079,신성초등학교,8750000,안동시,경상북도안동교육지원청,경상북도 안동시 풍천면 신성장골길 1,공립,false,36.52552991,128.4624575,elem,true,data.go.kr
B000006904,신흥초등학교,8750000,포항시,경상북도포항교육지원청,경상북도 포항시 남구 중흥로100번길 13,공립,false,36.01299121,129.3535944,elem,true,data.go.kr
B000007340,쌍림초등학교,8750000,고령군,경상북도고령교육지원청,경상북도 고령군 쌍림면 귀원1길 6,공립,false,35.6818751,128.2428707,elem,true,data.go.kr
B000007033,아천초등학교,8750000,김천시,경상북도김천교육지원청,경상북도 김천시 어모면 어모문화1길 14,공립,false,36.17875562,128.116470,elem,true,data.go.kr
B000007045,아천초등학교능치분교장,8750000,김천시,경상북도김천교육지원청,경상북도 김천시 어모면 작점로 817,공립,true,36.23218714,128.0650792,elem,true,data.go.kr
B000007026,아포초등학교,8750000,김천시,경상북도김천교육지원청,경상북도 김천시 아포읍 아포대로 1067,공립,false,36.16018299,128.2457468,elem,true,data.go.kr
B000007000,아화초등학교,8750000,경주시,경상북도경주교육지원청,경상북도 경주시 서면 내서로 461,공립,false,35.89297744,129.0529245,elem,true,data.go.kr
B000006986,안강제일초등학교,8750000,경주시,경상북도경주교육지원청,경상북도 경주시 안강읍 안강중앙로 189,공립,false,35.99441293,129.2210344,elem,true,data.go.kr
B000006985,안강초등학교,8750000,경주시,경상북도경주교육지원청,경상북도 경주시 안강읍 비화원로 34,공립,false,35.99112905,129.2291697,elem,true,data.go.kr
B000007282,안계초등학교,8750000,의성군,경상북도의성교육지원청,경상북도 의성군 안계면 안계길 68,공립,false,36.38160912,128.4451833,elem,true,data.go.kr
B000007295,안덕초등학교,8750000,청송군,경상북도청송교육지원청,경상북도 청송군 안덕면 노하길 35,공립,false,36.29349794,128.9607692,elem,true,data.go.kr
B000007058,안동강남초등학교,8750000,안동시,경상북도안동교육지원청,경상북도 안동시 강남1길 78,공립,false,36.55004548,128.731732,elem,true,data.go.kr
B000007050,안동동부초등학교,8750000,안동시,경상북도안동교육지원청,경상북도 안동시 동부길 2,공립,false,36.56652963,128.7370009,elem,true,data.go.kr
B000007052,안동서부초등학교,8750000,안동시,경상북도안동교육지원청,경상북도 안동시 서동문로 65,공립,false,36.56757498,128.7190351,elem,true,data.go.kr
B000007054,안동송현초등학교,8750000,안동시,경상북도안동교육지원청,경상북도 안동시 경동로 313,공립,false,36.57341204,128.6958373,elem,true,data.go.kr
B000007056,안동영호초등학교,8750000,안동시,경상북도안동교육지원청,경상북도 안동시 옥서4길 8,공립,false,36.56044654,128.6917948,elem,true,data.go.kr
B000007049,안동용상초등학교,8750000,안동시,경상북도안동교육지원청,경상북도 안동시 경동로 900,공립,false,36.55772365,128.7528722,elem,true,data.go.kr
B000007051,안동초등학교,8750000,안동시,경상북도안동교육지원청,경상북도 안동시 경동로 643,공립,false,36.56433294,128.728175,elem,true,data.go.kr
B000007147,안정초등학교,8750000,영주시,경상북도영주교육지원청,경상북도 영주시 안정면 용주로 1414,공립,false,36.84491626,128.5549628,elem,true,data.go.kr
B000007279,안평초등학교,8750000,의성군,경상북도의성교육지원청,경상북도 의성군 안평면 안평의성로 10,공립,false,36.37667859,128.5810573,elem,true,data.go.kr
B000007289,안평초등학교신평분교장,8750000,의성군,경상북도의성교육지원청,경상북도 의성군 신평면 봉호로 2436,공립,true,36.47387598,128.5047199,elem,true,data.go.kr
B000007084,야은초등학교,8750000,구미시,경상북도구미교육지원청,경상북도 구미시 송동로7길 65,공립,false,36.14861927,128.3214988,elem,true,data.go.kr
B000007380,약동초등학교,8750000,칠곡군,경상북도칠곡교육지원청,경상북도 칠곡군 기산면 주산로 1195,공립,false,35.98491099,128.3814201,elem,true,data.go.kr
B000007377,약목초등학교,8750000,칠곡군,경상북도칠곡교육지원청,경상북도 칠곡군 약목면 복성3길 30,공립,false,36.03287409,128.3605338,elem,true,data.go.kr
B000006998,양남초등학교,8750000,경주시,경상북도경주교육지원청,경상북도 경주시 양남면 양남로 335-1,공립,false,35.67543863,129.4606116,elem,true,data.go.kr
B000007006,양동초등학교,8750000,경주시,경상북도경주교육지원청,경상북도 경주시 강동면 양동마을길 109,공립,false,35.99831849,129.2538154,elem,true,data.go.kr
B000007004,양북초등학교,8750000,경주시,경상북도경주교육지원청,경상북도 경주시 문무대왕면 어일남길 2,공립,false,35.78544291,129.4435608,elem,true,data.go.kr
B000024194,양서초등학교,8750000,포항시,경상북도포항교육지원청,경상북도 포항시 북구 천마로 89,공립,false,36.08473304,129.3965196,elem,true,data.go.kr
B000007102,양포초등학교,8750000,구미시,경상북도구미교육지원청,경상북도 구미시 흥안로3길 30,공립,false,36.14481291,128.4158036,elem,true,data.go.kr
B000006954,양포초등학교,8750000,포항시,경상북도포항교육지원청,경상북도 포항시 남구 장기면 장기로 33,공립,false,35.87573109,129.5131575,elem,true,data.go.kr
B000006913,양학초등학교,8750000,포항시,경상북도포항교육지원청,경상북도 포항시 북구 양학로 110,공립,false,36.03231332,129.343980,elem,true,data.go.kr
B000006987,연안초등학교,8750000,경주시,경상북도경주교육지원청,경상북도 경주시 외동읍 연안1길 15,공립,false,35.72788519,129.3183095,elem,true,data.go.kr
B000006933,연일초등학교,8750000,포항시,경상북도포항교육지원청,경상북도 포항시 남구 연일읍 철강로25번길 40,공립,false,35.99583173,129.3467459,elem,true,data.go.kr
B000006934,연일형산초등학교,8750000,포항시,경상북도포항교육지원청,경상북도 포항시 남구 연일읍 형산강남로 262,공립,false,35.99856175,129.341746,elem,true,data.go.kr
B000007060,영가초등학교,8750000,안동시,경상북도안동교육지원청,경상북도 안동시 서경지8길 2,공립,false,36.56311031,128.7160563,elem,true,data.go.kr
B000007053,영남초등학교,8750000,안동시,경상북도안동교육지원청,경상북도 안동시 영남길 15,공립,false,36.57345844,128.7208656,elem,true,data.go.kr
B000007307,영덕야성초등학교,8750000,영덕군,경상북도영덕교육지원청,경상북도 영덕군 영덕읍 덕곡길 96,공립,false,36.41312696,129.3685077,elem,true,data.go.kr
B000007216,영순초등학교,8750000,문경시,경상북도문경교육지원청,경상북도 문경시 영순면 사근2길 14,공립,false,36.57857969,128.2451451,elem,true,data.go.kr
B000007299,영양중앙초등학교,8750000,영양군,경상북도영양교육지원청,경상북도 영양군 영양읍 영양창수로 53,공립,false,36.66393138,129.1200897,elem,true,data.go.kr
B000007300,영양초등학교,8750000,영양군,경상북도영양교육지원청,경상북도 영양군 영양읍 군청길 25,공립,false,36.66632258,129.1105844,elem,true,data.go.kr
B000007135,영일초등학교,8750000,영주시,경상북도영주교육지원청,경상북도 영주시 영주로147번길 17,공립,false,36.82631365,128.6149064,elem,true,data.go.kr
B000024772,영주가흥초등학교,8750000,영주시,경상북도영주교육지원청,경상북도 영주시 대동로70번길 8-9,공립,false,36.81376095,128.6093145,elem,true,data.go.kr
B000007132,영주남부초등학교,8750000,영주시,경상북도영주교육지원청,경상북도 영주시 대학로71번길 19,공립,false,36.80780111,128.6176686,elem,true,data.go.kr
B000007137,영주동부초등학교,8750000,영주시,경상북도영주교육지원청,경상북도 영주시 남간로25번길 46,공립,false,36.82123423,128.631397,elem,true,data.go.kr
B000007133,영주서부초등학교,8750000,영주시,경상북도영주교육지원청,경상북도 영주시 신재로 12,공립,false,36.8320289,128.6122128,elem,true,data.go.kr
B000007136,영주중앙초등학교,8750000,영주시,경상북도영주교육지원청,경상북도 영주시 중앙로 126,공립,false,36.82637344,128.6260532,elem,true,data.go.kr
B000007134,영주초등학교,8750000,영주시,경상북도영주교육지원청,경상북도 영주시 광복로 55,공립,false,36.82879964,128.6253863,elem,true,data.go.kr
B000006990,영지초등학교,8750000,경주시,경상북도경주교육지원청,경상북도 경주시 외동읍 영지로 449,공립,false,35.75417641,129.2948611,elem,true,data.go.kr
B000007154,영천동부초등학교,8750000,영천시,경상북도영천교육지원청,경상북도 영천시 호국로 209,공립,false,35.97821931,128.9601298,elem,true,data.go.kr
B000007151,영천중앙초등학교,8750000,영천시,경상북도영천교육지원청,경상북도 영천시 조양길 71,공립,false,35.97182956,128.9323548,elem,true,data.go.kr
B000007152,영천초등학교,8750000,영천시,경상북도영천교육지원청,경상북도 영천시 천문로 253,공립,false,35.9617556,128.9314309,elem,true,data.go.kr
B000007310,영해초등학교,8750000,영덕군,경상북도영덕교육지원청,경상북도 영덕군 영해면 예주5길 22,공립,false,36.53886544,129.411846,elem,true,data.go.kr
B000007153,영화초등학교,8750000,영천시,경상북도영천교육지원청,경상북도 영천시 영화새싹길 22,공립,false,35.96520959,128.9222042,elem,true,data.go.kr
B000007386,예천남부초등학교,8750000,예천군,경상북도예천교육지원청,경상북도 예천군 예천읍 남부초등길 17,공립,false,36.65045199,128.4625867,elem,true,data.go.kr
B000007387,예천동부초등학교,8750000,예천군,경상북도예천교육지원청,경상북도 예천군 예천읍 효자로 171,공립,false,36.66182247,128.4590097,elem,true,data.go.kr
B000007388,예천초등학교,8750000,예천군,경상북도예천교육지원청,경상북도 예천군 예천읍 효자로 43,공립,false,36.65581127,128.4502002,elem,true,data.go.kr
B000006939,오천초등학교,8750000,포항시,경상북도포항교육지원청,경상북도 포항시 남구 오천읍 정몽주로 572,공립,false,35.96966679,129.4169587,elem,true,data.go.kr
B000007093,오태초등학교,8750000,구미시,경상북도구미교육지원청,경상북도 구미시 금오대로10길 19-9,공립,false,36.07019424,128.3494353,elem,true,data.go.kr
B000007103,옥계동부초등학교,8750000,구미시,경상북도구미교육지원청,경상북도 구미시 옥계북로 89,공립,false,36.13910909,128.427625,elem,true,data.go.kr
B000007106,옥계초등학교,8750000,구미시,경상북도구미교육지원청,경상북도 구미시 산호대로23길 21-7,공립,false,36.1404745,128.414387,elem,true,data.go.kr
B000007230,옥곡초등학교,8750000,경산시,경상북도경산교육지원청,경상북도 경산시 경산로 54,공립,false,35.8149512,128.7325183,elem,true,data.go.kr
B000007143,옥대초등학교,8750000,영주시,경상북도영주교육지원청,경상북도 영주시 단산면 아호로26번길 22,공립,false,36.95096282,128.6200584,elem,true,data.go.kr
B000007186,옥산초등학교,8750000,상주시,경상북도상주교육지원청,경상북도 상주시 공성면 산현3길 17,공립,false,36.28781258,128.0970012,elem,true,data.go.kr
B000006984,옥산초등학교,8750000,경주시,경상북도경주교육지원청,경상북도 경주시 안강읍 낙헌2길 48,공립,false,35.9953331,129.169713,elem,true,data.go.kr
B000007125,옥성초등학교,8750000,구미시,경상북도구미교육지원청,경상북도 구미시 옥성면 주아2길 18-13,공립,false,36.29683396,128.276015,elem,true,data.go.kr
B000007275,옥전초등학교,8750000,의성군,경상북도의성교육지원청,경상북도 의성군 옥산면 신감옥산로 1206,공립,false,36.39401458,128.806148,elem,true,data.go.kr
B000007426,온정초등학교,8750000,울진군,경상북도울진교육지원청,경상북도 울진군 온정면 온정학교길 49,공립,false,36.72552957,129.3461279,elem,true,data.go.kr
B000007076,온혜초등학교,8750000,안동시,경상북도안동교육지원청,경상북도 안동시 도산면 온혜중마길 6,공립,false,36.74997314,128.8311678,elem,true,data.go.kr
B000007074,와룡초등학교,8750000,안동시,경상북도안동교육지원청,경상북도 안동시 와룡면 문화마을길 11,공립,false,36.6195593,128.7685479,elem,true,data.go.kr
B000007254,와촌초등학교,8750000,경산시,경상북도경산교육지원청,경상북도 경산시 와촌면 금송로 310-16,공립,false,35.93644816,128.8349215,elem,true,data.go.kr
B000007367,왜관동부초등학교,8750000,칠곡군,경상북도칠곡교육지원청,경상북도 칠곡군 왜관읍 평장3길 31-4,공립,false,35.98566413,128.4080264,elem,true,data.go.kr
B000007366,왜관중앙초등학교,8750000,칠곡군,경상북도칠곡교육지원청,경상북도 칠곡군 왜관읍 석전로 80,공립,false,35.99840091,128.4061661,elem,true,data.go.kr
B000007368,왜관초등학교,8750000,칠곡군,경상북도칠곡교육지원청,경상북도 칠곡군 왜관읍 구상길 204,공립,false,35.98515175,128.3960664,elem,true,data.go.kr
B000007200,외남초등학교,8750000,상주시,경상북도상주교육지원청,경상북도 상주시 외남면 석단로 1073,공립,false,36.36460418,128.1000806,elem,true,data.go.kr
B000007193,외서초등학교,8750000,상주시,경상북도상주교육지원청,경상북도 상주시 외서면 가곡1길 20,공립,false,36.48007269,128.1070759,elem,true,data.go.kr
B000006978,용강초등학교,8750000,경주시,경상북도경주교육지원청,경상북도 경주시 승삼2길 9,공립,false,35.87601714,129.2294758,elem,true,data.go.kr
B000007389,용궁초등학교,8750000,예천군,경상북도예천교육지원청,경상북도 예천군 용궁면 읍부1길 43,공립,false,36.60922341,128.2769829,elem,true,data.go.kr
B000007390,용문초등학교,8750000,예천군,경상북도예천교육지원청,경상북도 예천군 용문면 금당실길 51-20,공립,false,36.69033237,128.4086156,elem,true,data.go.kr
B000007258,용성초등학교,8750000,경산시,경상북도경산교육지원청,경상북도 경산시 용성면 원효로 1405,공립,false,35.79327235,128.8746678,elem,true,data.go.kr
B000006979,용황초등학교,8750000,경주시,경상북도경주교육지원청,경상북도 경주시 원지길30번길 31,공립,false,35.86427367,129.2215598,elem,true,data.go.kr
B000006911,용흥초등학교,8750000,포항시,경상북도포항교육지원청,경상북도 포항시 북구 용흥로 118,공립,false,36.03913743,129.3488775,elem,true,data.go.kr
B000007220,용흥초등학교,8750000,문경시,경상북도문경교육지원청,경상북도 문경시 문경읍 갈평길 34,공립,false,36.7876337,128.1587901,elem,true,data.go.kr
B000007345,우곡초등학교,8750000,고령군,경상북도고령교육지원청,경상북도 고령군 우곡면 객기나루길 374,공립,false,35.63378231,128.3673188,elem,true,data.go.kr
B000023982,운곡초등학교,8750000,김천시,경상북도김천교육지원청,경상북도 김천시 용전4로3길 7,공립,false,36.12351853,128.1928397,elem,true,data.go.kr
B000007339,운수초등학교,8750000,고령군,경상북도고령교육지원청,경상북도 고령군 운수면 운용로 118,공립,false,35.77036659,128.2911211,elem,true,data.go.kr
B000007438,울릉초등학교,8750000,울릉군,경상북도울릉교육지원청,경상북도 울릉군 울릉읍 도동길 172,공립,false,37.48615946,130.902732,elem,true,data.go.kr
B000007420,울진남부초등학교,8750000,울진군,경상북도울진교육지원청,경상북도 울진군 울진읍 울진중앙로 52-5,공립,false,36.98734035,129.3994708,elem,true,data.go.kr
B000007419,울진초등학교,8750000,울진군,경상북도울진교육지원청,경상북도 울진군 울진읍 울진중앙로 143,공립,false,36.99559263,129.4005924,elem,true,data.go.kr
B000007086,원남초등학교,8750000,구미시,경상북도구미교육지원청,경상북도 구미시 원남로 12-50,공립,false,36.12921007,128.3211902,elem,true,data.go.kr
B000007121,원호초등학교,8750000,구미시,경상북도구미교육지원청,경상북도 구미시 고아읍 문장로22길 58,공립,false,36.15448652,128.3318944,elem,true,data.go.kr
B000007314,원황초등학교,8750000,영덕군,경상북도영덕교육지원청,경상북도 영덕군 병곡면 원황길 64,공립,false,36.56932097,129.3933999,elem,true,data.go.kr
B000007077,월곡초등학교,8750000,안동시,경상북도안동교육지원청,경상북도 안동시 예안면 정산길 23,공립,false,36.66188227,128.8880198,elem,true,data.go.kr
B000007082,월곡초등학교삼계분교장,8750000,안동시,경상북도안동교육지원청,경상북도 안동시 예안면 농암로 2384,공립,true,36.7191532,128.9254678,elem,true,data.go.kr
B000006973,월성초등학교,8750000,경주시,경상북도경주교육지원청,경상북도 경주시 원효로 67,공립,false,35.84296322,129.208142,elem,true,data.go.kr
B000006960,월포초등학교,8750000,포항시,경상북도포항교육지원청,경상북도 포항시 북구 청하면 월포로 146,공립,false,36.20319678,129.3674938,elem,true,data.go.kr
B000007356,월항초등학교,8750000,성주군,경상북도성주교육지원청,경상북도 성주군 월항면 안포길 19,공립,false,35.94814289,128.3129884,elem,true,data.go.kr
B000007361,월항초등학교지방분교장,8750000,성주군,경상북도성주교육지원청,경상북도 성주군 월항면 세종대왕자태실로 211,공립,true,35.98701194,128.2890308,elem,true,data.go.kr
B000007037,위량초등학교,8750000,김천시,경상북도김천교육지원청,경상북도 김천시 감문면 문화로 6,공립,false,36.20153933,128.1611646,elem,true,data.go.kr
B000006935,유강초등학교,8750000,포항시,경상북도포항교육지원청,경상북도 포항시 남구 연일읍 유강길9번길 39,공립,false,36.00402752,129.3143894,elem,true,data.go.kr
B000006980,유림초등학교,8750000,경주시,경상북도경주교육지원청,경상북도 경주시 용담로104번길 43-4,공립,false,35.86872219,129.2128593,elem,true,data.go.kr
B000007394,유천초등학교,8750000,예천군,경상북도예천교육지원청,경상북도 예천군 유천면 유용로 34-10,공립,false,36.63691112,128.3785308,elem,true,data.go.kr
B000007321,유천초등학교,8750000,청도군,경상북도청도교육지원청,경상북도 청도군 청도읍 유천강변길 68,공립,false,35.57306921,128.7657884,elem,true,data.go.kr
B000024009,율곡초등학교,8750000,김천시,경상북도김천교육지원청,경상북도 김천시 용전1로 51,공립,false,36.12224391,128.1870968,elem,true,data.go.kr
B000007195,은척초등학교,8750000,상주시,경상북도상주교육지원청,경상북도 상주시 은척면 봉중2길 10,공립,false,36.53191343,128.0709192,elem,true,data.go.kr
B000007207,은척초등학교무릉분교장,8750000,상주시,경상북도상주교육지원청,경상북도 상주시 은척면 무릉2길 2,공립,true,36.57790301,128.0884235,elem,true,data.go.kr
B000007393,은풍초등학교,8750000,예천군,경상북도예천교육지원청,경상북도 예천군 은풍면 내동길 8,공립,false,36.748144,128.4423732,elem,true,data.go.kr
B000007003,의곡초등학교,8750000,경주시,경상북도경주교육지원청,경상북도 경주시 산내면 문복로 1798-6,공립,false,35.75473513,129.0480229,elem,true,data.go.kr
B000007270,의성남부초등학교,8750000,의성군,경상북도의성교육지원청,경상북도 의성군 의성읍 문소1길 24,공립,false,36.34314897,128.7023528,elem,true,data.go.kr
B000007271,의성북부초등학교,8750000,의성군,경상북도의성교육지원청,경상북도 의성군 의성읍 도토길 9,공립,false,36.36195518,128.6925139,elem,true,data.go.kr
B000007272,의성초등학교,8750000,의성군,경상북도의성교육지원청,경상북도 의성군 의성읍 군청길 26,공립,false,36.35161263,128.695283,elem,true,data.go.kr
B000006903,이동초등학교,8750000,포항시,경상북도포항교육지원청,경상북도 포항시 남구 포스코대로 147-10,공립,false,36.02742299,129.3433485,elem,true,data.go.kr
B000007144,이산초등학교,8750000,영주시,경상북도영주교육지원청,경상북도 영주시 이산면 이산로 487,공립,false,36.83011458,128.6818803,elem,true,data.go.kr
B000007329,이서초등학교,8750000,청도군,경상북도청도교육지원청,경상북도 청도군 이서면 학산2길 56,공립,false,35.66337201,128.6688865,elem,true,data.go.kr
B000007182,이안초등학교,8750000,상주시,경상북도상주교육지원청,경상북도 상주시 이안면 양범안룡길 39,공립,false,36.57921604,128.1443639,elem,true,data.go.kr
B000007297,이전초등학교,8750000,청송군,경상북도청송교육지원청,경상북도 청송군 주왕산면 부동로 1011-74,공립,false,36.35751933,129.1552229,elem,true,data.go.kr
B000006906,인덕초등학교,8750000,포항시,경상북도포항교육지원청,경상북도 포항시 남구 서원재로170번길 9,공립,false,35.98466002,129.4021453,elem,true,data.go.kr
B000007099,인동초등학교,8750000,구미시,경상북도구미교육지원청,경상북도 구미시 여헌로3길 34,공립,false,36.10688422,128.4220825,elem,true,data.go.kr
B000007100,인의초등학교,8750000,구미시,경상북도구미교육지원청,경상북도 구미시 인동13길 23,공립,false,36.1019003,128.4272447,elem,true,data.go.kr
B000007374,인평초등학교,8750000,칠곡군,경상북도칠곡교육지원청,경상북도 칠곡군 북삼읍 북삼로8길 10,공립,false,36.07202562,128.3367896,elem,true,data.go.kr
B000007303,일월초등학교,8750000,영양군,경상북도영양교육지원청,경상북도 영양군 일월면 영양로 2410,공립,false,36.70164558,129.1278352,elem,true,data.go.kr
B000007305,일월초등학교청기분교장,8750000,영양군,경상북도영양교육지원청,경상북도 영양군 청기면 장갈로 1445,공립,true,36.69961857,129.0583446,elem,true,data.go.kr
B000007072,일직초등학교,8750000,안동시,경상북도안동교육지원청,경상북도 안동시 일직면 감시골길 6-3,공립,false,36.48404728,128.6566145,elem,true,data.go.kr
B000007166,임고초등학교,8750000,영천시,경상북도영천교육지원청,경상북도 영천시 임고면 포은로 491-2,공립,false,36.02164368,128.9733645,elem,true,data.go.kr
B000007235,임당초등학교,8750000,경산시,경상북도경산교육지원청,경상북도 경산시 임당로12길 7,공립,false,35.841579,128.743619,elem,true,data.go.kr
B000007069,임동초등학교,8750000,안동시,경상북도안동교육지원청,경상북도 안동시 임동면 편항길 42,공립,false,36.57013556,128.9207865,elem,true,data.go.kr
B000007067,임하초등학교,8750000,안동시,경상북도안동교육지원청,경상북도 안동시 임하면 앞산밑길 9,공립,false,36.52648463,128.8280839,elem,true,data.go.kr
B000006992,입실초등학교,8750000,경주시,경상북도경주교육지원청,경상북도 경주시 외동읍 입실로1길 94,공립,false,35.71694791,129.3244037,elem,true,data.go.kr
B000007302,입암초등학교,8750000,영양군,경상북도영양교육지원청,경상북도 영양군 입암면 입암로 162,공립,false,36.59971644,129.0873689,elem,true,data.go.kr
B000007256,자인초등학교,8750000,경산시,경상북도경산교육지원청,경상북도 경산시 자인면 금학로 7,공립,false,35.82128203,128.8239064,elem,true,data.go.kr
B000007160,자천초등학교,8750000,영천시,경상북도영천교육지원청,경상북도 영천시 화북면 화북길 75,공립,false,36.10985883,128.9206879,elem,true,data.go.kr
B000007172,자천초등학교보현분교장,8750000,영천시,경상북도영천교육지원청,경상북도 영천시 자양면 별빛로 1183,공립,true,36.13344029,129.0466863,elem,true,data.go.kr
B000007371,장곡초등학교,8750000,칠곡군,경상북도칠곡교육지원청,경상북도 칠곡군 석적읍 유학로 86-9,공립,false,36.07528356,128.4186575,elem,true,data.go.kr
B000006953,장기초등학교,8750000,포항시,경상북도포항교육지원청,경상북도 포항시 남구 장기면 장기로 336,공립,false,35.89700969,129.4943247,elem,true,data.go.kr
B000006920,장량초등학교,8750000,포항시,경상북도포항교육지원청,경상북도 포항시 북구 삼흥로100번길 9,공립,false,36.07138899,129.3803877,elem,true,data.go.kr
B000007231,장산초등학교,8750000,경산시,경상북도경산교육지원청,경상북도 경산시 성암로8길 25,공립,false,35.821190,128.7237082,elem,true,data.go.kr
B000006921,장성초등학교,8750000,포항시,경상북도포항교육지원청,경상북도 포항시 북구 새천년대로1123번길 6,공립,false,36.06988537,129.3718877,elem,true,data.go.kr
B000007146,장수초등학교,8750000,영주시,경상북도영주교육지원청,경상북도 영주시 장수면 장수로 35,공립,false,36.77610603,128.576552,elem,true,data.go.kr
B000007127,장천초등학교,8750000,구미시,경상북도구미교육지원청,경상북도 구미시 장천면 강동로 236,공립,false,36.13082394,128.4944932,elem,true,data.go.kr
B000007409,재산초등학교,8750000,봉화군,경상북도봉화교육지원청,경상북도 봉화군 재산면 재산로 514,공립,false,36.8171639,128.9630644,elem,true,data.go.kr
B000007439,저동초등학교,8750000,울릉군,경상북도울릉교육지원청,경상북도 울릉군 울릉읍 봉래길 128-3,공립,false,37.49628925,130.9027987,elem,true,data.go.kr
B000007274,점곡초등학교,8750000,의성군,경상북도의성교육지원청,경상북도 의성군 점곡면 점곡길 8,공립,false,36.42506667,128.7609423,elem,true,data.go.kr
B000007219,점촌북초등학교,8750000,문경시,경상북도문경교육지원청,경상북도 문경시 유곡불정로 154,공립,false,36.62658366,128.1573755,elem,true,data.go.kr
B000007212,점촌중앙초등학교,8750000,문경시,경상북도문경교육지원청,경상북도 문경시 중앙초등길 9,공립,false,36.59925426,128.1942526,elem,true,data.go.kr
B000007210,점촌초등학교,8750000,문경시,경상북도문경교육지원청,경상북도 문경시 중앙로 63-16,공립,false,36.59193812,128.194970,elem,true,data.go.kr
B000007091,정수초등학교,8750000,구미시,경상북도구미교육지원청,경상북도 구미시 박정희로 120,공립,false,36.09074836,128.3515292,elem,true,data.go.kr
B000007239,정평초등학교,8750000,경산시,경상북도경산교육지원청,경상북도 경산시 대학로16길 15,공립,false,35.83320452,128.7310588,elem,true,data.go.kr
B000007041,조마초등학교,8750000,김천시,경상북도김천교육지원청,경상북도 김천시 조마면 강곡1길 16-69,공립,false,36.03270244,128.0992255,elem,true,data.go.kr
B000006923,죽도초등학교,8750000,포항시,경상북도포항교육지원청,경상북도 포항시 북구 중흥로 195,공립,false,36.02204016,129.3561765,elem,true,data.go.kr
B000007423,죽변초등학교,8750000,울진군,경상북도울진교육지원청,경상북도 울진군 죽변면 죽변3길 17,공립,false,37.06368803,129.4220502,elem,true,data.go.kr
B000006964,죽장초등학교,8750000,포항시,경상북도포항교육지원청,경상북도 포항시 북구 죽장면 새마을로 3575,공립,false,36.15986725,129.0914071,elem,true,data.go.kr
B000006941,죽천초등학교,8750000,포항시,경상북도포항교육지원청,경상북도 포항시 북구 흥해읍 죽천길185번길 30,공립,false,36.09827248,129.4279056,elem,true,data.go.kr
B000007196,중동초등학교,8750000,상주시,경상북도상주교육지원청,경상북도 상주시 중동면 오상2길 17-4,공립,false,36.42963056,128.2683195,elem,true,data.go.kr
B000007191,중모초등학교,8750000,상주시,경상북도상주교육지원청,경상북도 상주시 모동면 신천1길 15,공립,false,36.30116134,127.9594056,elem,true,data.go.kr
B000007047,증산초등학교,8750000,김천시,경상북도김천교육지원청,경상북도 김천시 증산면 증산1로 29,공립,false,35.90227047,128.0357072,elem,true,data.go.kr
B000007161,지곡초등학교,8750000,영천시,경상북도영천교육지원청,경상북도 영천시 화남면 천문로 1597-5,공립,false,36.06015095,128.8911205,elem,true,data.go.kr
B000007391,지보초등학교,8750000,예천군,경상북도예천교육지원청,경상북도 예천군 지보면 지보로 136,공립,false,36.54769325,128.3885904,elem,true,data.go.kr
B000007095,지산초등학교,8750000,구미시,경상북도구미교육지원청,경상북도 구미시 지산13길 17,공립,false,36.14049036,128.3445445,elem,true,data.go.kr
B000007379,지천초등학교,8750000,칠곡군,경상북도칠곡교육지원청,경상북도 칠곡군 지천면 용산로 77,공립,false,35.90591428,128.498252,elem,true,data.go.kr
B000030927,지품천초등학교,8750000,김천시,경상북도김천교육지원청,경상북도 김천시 지례면 장터길 15,공립,false,35.98634964,128.0275035,elem,true,data.go.kr
B000007316,지품초등학교,8750000,영덕군,경상북도영덕교육지원청,경상북도 영덕군 지품면 지영로 7-4,공립,false,36.45028925,129.2813712,elem,true,data.go.kr
B000007030,직지초등학교,8750000,김천시,경상북도김천교육지원청,경상북도 김천시 대항면 대성향천길 1603,공립,false,36.12308553,128.0218428,elem,true,data.go.kr
B000007246,진량초등학교,8750000,경산시,경상북도경산교육지원청,경상북도 경산시 진량읍 낙산길 37,공립,false,35.87617625,128.8156575,elem,true,data.go.kr
B000007291,진보초등학교,8750000,청송군,경상북도청송교육지원청,경상북도 청송군 진보면 진보로 149,공립,false,36.52942494,129.0484952,elem,true,data.go.kr
B000007243,진성초등학교,8750000,경산시,경상북도경산교육지원청,경상북도 경산시 진량읍 진성로 115-5,공립,false,35.85382263,128.8155105,elem,true,data.go.kr
B000007101,진평초등학교,8750000,구미시,경상북도구미교육지원청,경상북도 구미시 인동30길 53,공립,false,36.09135257,128.4274392,elem,true,data.go.kr
B000007317,창수초등학교,8750000,영덕군,경상북도영덕교육지원청,경상북도 영덕군 창수면 영양창수로 3184,공립,false,36.54497048,129.3432508,elem,true,data.go.kr
B000007320,창수초등학교인천분교장,8750000,영덕군,경상북도영덕교육지원청,경상북도 영덕군 창수면 오서로 1370,공립,true,36.63373095,129.2947468,elem,true,data.go.kr
B000006926,창포초등학교,8750000,포항시,경상북도포항교육지원청,경상북도 포항시 북구 새천년대로1075번길 32,공립,false,36.06681756,129.3689623,elem,true,data.go.kr
B000007441,천부초등학교,8750000,울릉군,경상북도울릉교육지원청,경상북도 울릉군 북면 천부길 95-3,공립,false,37.5366566,130.8715273,elem,true,data.go.kr
B000007001,천북초등학교,8750000,경주시,경상북도경주교육지원청,경상북도 경주시 천북면 천북로 343,공립,false,35.89725013,129.2676817,elem,true,data.go.kr
B000007097,천생초등학교,8750000,구미시,경상북도구미교육지원청,경상북도 구미시 인동43길 8,공립,false,36.09406998,128.4381111,elem,true,data.go.kr
B000006995,천포초등학교,8750000,경주시,경상북도경주교육지원청,경상북도 경주시 건천읍 단석로 1929,공립,false,35.84495203,129.0941433,elem,true,data.go.kr
B000007322,청도중앙초등학교,8750000,청도군,경상북도청도교육지원청,경상북도 청도군 청도읍 중앙로 81,공립,false,35.64730845,128.7520707,elem,true,data.go.kr
B000007325,청도초등학교,8750000,청도군,경상북도청도교육지원청,경상북도 청도군 화양읍 청화로 38-10,공립,false,35.64768689,128.7305707,elem,true,data.go.kr
B000007184,청리초등학교,8750000,상주시,경상북도상주교육지원청,경상북도 상주시 청리면 청하2길 39,공립,false,36.33349003,128.130475,elem,true,data.go.kr
B000006907,청림초등학교,8750000,포항시,경상북도포항교육지원청,경상북도 포항시 남구 정몽주로 890,공립,false,35.99599147,129.4043879,elem,true,data.go.kr
B000007290,청송초등학교,8750000,청송군,경상북도청송교육지원청,경상북도 청송군 청송읍 중앙로 229-10,공립,false,36.43564089,129.0552141,elem,true,data.go.kr
B000007248,청천초등학교,8750000,경산시,경상북도경산교육지원청,경상북도 경산시 하양읍 대경로 187,공립,false,35.88446318,128.7732826,elem,true,data.go.kr
B000007169,청통초등학교,8750000,영천시,경상북도영천교육지원청,경상북도 영천시 청통면 청통초등길 43,공립,false,35.99525397,128.8236067,elem,true,data.go.kr
B000006959,청하초등학교,8750000,포항시,경상북도포항교육지원청,경상북도 포항시 북구 청하면 청하로217번길 19,공립,false,36.19870883,129.3377771,elem,true,data.go.kr
B000023973,초곡초등학교,8750000,포항시,경상북도포항교육지원청,경상북도 포항시 북구 흥해읍 초곡지구로58번길 56,공립,false,36.09748954,129.3332758,elem,true,data.go.kr
B000024921,초등학교,8750000,경주시,경상북도경주교육지원청,경상북도 경주시  건천읍 경주역세권3로 60,공립,false,35.80403426,129.1376151,elem,true,data.go.kr
B000023974,초서초등학교,8750000,포항시,경상북도포항교육지원청,경상북도 포항시 북구 흥해읍 초곡지구로 152,공립,false,36.09412747,129.3333431,elem,true,data.go.kr
B000007349,초전초등학교,8750000,성주군,경상북도성주교육지원청,경상북도 성주군 초전면 대장1길 68,공립,false,35.97624634,128.2631599,elem,true,data.go.kr
B000007312,축산항초등학교,8750000,영덕군,경상북도영덕교육지원청,경상북도 영덕군 축산면 축산항초교길 2,공립,false,36.50982647,129.4423101,elem,true,data.go.kr
B000007278,춘산초등학교,8750000,의성군,경상북도의성교육지원청,경상북도 의성군 춘산면 금성현서로 1487,공립,false,36.23756045,128.8123548,elem,true,data.go.kr
B000007403,춘양초등학교,8750000,봉화군,경상북도봉화교육지원청,경상북도 봉화군 춘양면 의양로 24-1,공립,false,36.93888345,128.9147266,elem,true,data.go.kr
B000007292,파천초등학교,8750000,청송군,경상북도청송교육지원청,경상북도 청송군 파천면 안파로 1357,공립,false,36.44516556,129.0317869,elem,true,data.go.kr
B000007237,평산초등학교,8750000,경산시,경상북도경산교육지원청,경상북도 경산시 솔숲길 47,공립,false,35.80752195,128.7569479,elem,true,data.go.kr
B000024773,평은초등학교,8750000,영주시,경상북도영주교육지원청,경상북도 영주시 평은면 평은로 939,공립,false,36.76201856,128.694552,elem,true,data.go.kr
B000007167,평천초등학교,8750000,영천시,경상북도영천교육지원청,경상북도 영천시 임고면 포은로 814-40,공립,false,36.04375596,128.9861551,elem,true,data.go.kr
B000007422,평해초등학교,8750000,울진군,경상북도울진교육지원청,경상북도 울진군 평해읍 평해로 19,공립,false,36.72335376,129.4390461,elem,true,data.go.kr
B000007155,포은초등학교,8750000,영천시,경상북도영천교육지원청,경상북도 영천시 망정4길 72,공립,false,35.98019503,128.9508541,elem,true,data.go.kr
B000006918,포항남부초등학교,8750000,포항시,경상북도포항교육지원청,경상북도 포항시 북구 새천년대로 606,공립,false,36.02852541,129.3559732,elem,true,data.go.kr
B000006919,포항대흥초등학교,8750000,포항시,경상북도포항교육지원청,경상북도 포항시 북구 용흥로292번길 33,공립,false,36.04619379,129.3517682,elem,true,data.go.kr
B000006910,포항동부초등학교,8750000,포항시,경상북도포항교육지원청,경상북도 포항시 북구 삼호로 273,공립,false,36.06264177,129.3809745,elem,true,data.go.kr
B000006896,포항송곡초등학교,8750000,포항시,경상북도포항교육지원청,경상북도 포항시 북구 장량중앙로 27,공립,false,36.09225433,129.3844524,elem,true,data.go.kr
B000006905,포항송도초등학교,8750000,포항시,경상북도포항교육지원청,경상북도 포항시 남구 송도로 80,공립,false,36.03313356,129.3804407,elem,true,data.go.kr
B000006914,포항양덕초등학교,8750000,포항시,경상북도포항교육지원청,경상북도 포항시 북구 양덕로 20-5,공립,false,36.07987036,129.4032233,elem,true,data.go.kr
B000006922,포항영흥초등학교,8750000,포항시,경상북도포항교육지원청,경상북도 포항시 북구 중앙로212번길 6-7,공립,false,36.03096662,129.3680916,elem,true,data.go.kr
B000024229,포항용산초등학교,8750000,포항시,경상북도포항교육지원청,경상북도 포항시 남구 오천읍 정몽주로 309,공립,false,35.948180,129.4085662,elem,true,data.go.kr
B000006937,포항원동초등학교,8750000,포항시,경상북도포항교육지원청,경상북도 포항시 남구 오천읍 냉천로340번길 64,공립,false,35.96542504,129.401098,elem,true,data.go.kr
B000006928,포항장원초등학교,8750000,포항시,경상북도포항교육지원청,경상북도 포항시 북구 법원로63번길 10,공립,false,36.08170438,129.3849196,elem,true,data.go.kr
B000006927,포항장흥초등학교,8750000,포항시,경상북도포항교육지원청,경상북도 포항시 북구 양덕남로 11,공립,false,36.07891759,129.3928961,elem,true,data.go.kr
B000006930,포항제철지곡초등학교,8750000,포항시,경상북도포항교육지원청,경상북도 포항시 남구 지곡로 295,사립,false,36.02938044,129.320147,elem,true,data.go.kr
B000006931,포항제철초등학교,8750000,포항시,경상북도포항교육지원청,경상북도 포항시 남구 지곡로 60,사립,false,36.0128242,129.3278912,elem,true,data.go.kr
B000024232,포항중앙초등학교,8750000,포항시,경상북도포항교육지원청,경상북도 포항시 북구 우창동로 73,공립,false,36.05904723,129.3656524,elem,true,data.go.kr
B000006908,포항초등학교,8750000,포항시,경상북도포항교육지원청,경상북도 포항시 북구 서동로47번길 23,공립,false,36.04266575,129.3639959,elem,true,data.go.kr
B000030899,포항펜타초등학교,8750000,포항시,경상북도포항교육지원청,경상북도 포항시 북구 흥해읍 펜타시티단지로 47,공립,false,36.05723195,129.309113,elem,true,data.go.kr
B000006912,포항항도초등학교,8750000,포항시,경상북도포항교육지원청,경상북도 포항시 북구 항도길 13,공립,false,36.05231017,129.3690341,elem,true,data.go.kr
B000006915,포항해맞이초등학교,8750000,포항시,경상북도포항교육지원청,경상북도 포항시 북구 환호로 37,공립,false,36.07115931,129.3911055,elem,true,data.go.kr
B000007327,풍각초등학교,8750000,청도군,경상북도청도교육지원청,경상북도 청도군 풍각면 송서10길 22,공립,false,35.64348049,128.6159422,elem,true,data.go.kr
B000007139,풍기북부초등학교,8750000,영주시,경상북도영주교육지원청,경상북도 영주시 풍기읍 금계로 72,공립,false,36.87949336,128.5256436,elem,true,data.go.kr
B000007140,풍기초등학교,8750000,영주시,경상북도영주교육지원청,경상북도 영주시 풍기읍 기주로 110,공립,false,36.87137728,128.5252186,elem,true,data.go.kr
B000007062,풍북초등학교,8750000,안동시,경상북도안동교육지원청,경상북도 안동시 풍산읍 괴정2길 21-14,공립,false,36.59761694,128.5345229,elem,true,data.go.kr
B000007063,풍산초등학교,8750000,안동시,경상북도안동교육지원청,경상북도 안동시 풍산읍 하리들길 32,공립,false,36.57674106,128.5738238,elem,true,data.go.kr
B000007392,풍양초등학교,8750000,예천군,경상북도예천교육지원청,경상북도 예천군 풍양면 낙상1길 50-10,공립,false,36.51203002,128.299058,elem,true,data.go.kr
B000026568,풍천풍서초등학교,8750000,안동시,경상북도안동교육지원청,경상북도 안동시 풍천면 풍요5길 9,공립,false,36.57465924,128.4988935,elem,true,data.go.kr
B000007242,하양초등학교,8750000,경산시,경상북도경산교육지원청,경상북도 경산시 하양읍 대학로305길 25,공립,false,35.91296227,128.8195828,elem,true,data.go.kr
B000007249,하주초등학교,8750000,경산시,경상북도경산교육지원청,경상북도 경산시 하양읍 무학로 48,공립,false,35.92020163,128.8122639,elem,true,data.go.kr
B000007383,학림초등학교,8750000,칠곡군,경상북도칠곡교육지원청,경상북도 칠곡군 가산면 학하7길 5,공립,false,36.10495876,128.4908599,elem,true,data.go.kr
B000006944,학천초등학교,8750000,포항시,경상북도포항교육지원청,경상북도 포항시 북구 흥해읍 도음로856번길 17,공립,false,36.07685042,129.3278417,elem,true,data.go.kr
B000007181,함창중앙초등학교,8750000,상주시,경상북도상주교육지원청,경상북도 상주시 함창읍 구향로 87-10,공립,false,36.57369102,128.1774827,elem,true,data.go.kr
B000007180,함창초등학교,8750000,상주시,경상북도상주교육지원청,경상북도 상주시 함창읍 구향3길 38,공립,false,36.57087786,128.1803293,elem,true,data.go.kr
B000006916,항구초등학교,8750000,포항시,경상북도포항교육지원청,경상북도 포항시 북구 삼호로468번길 5-12,공립,false,36.07101614,129.4007243,elem,true,data.go.kr
B000024028,해마루초등학교,8750000,구미시,경상북도구미교육지원청,경상북도 구미시 산호대로 953,공립,false,36.14046299,128.4332787,elem,true,data.go.kr
B000007130,해평초등학교,8750000,구미시,경상북도구미교육지원청,경상북도 구미시 해평면 월호2길 5,공립,false,36.20259644,128.3916218,elem,true,data.go.kr
B000007007,현곡초등학교,8750000,경주시,경상북도경주교육지원청,경상북도 경주시 현곡면 다경길 16-7,공립,false,35.88659478,129.1799843,elem,true,data.go.kr
B000007251,현흥초등학교,8750000,경산시,경상북도경산교육지원청,경상북도 경산시 압량읍 대학로 624,공립,false,35.86167457,128.7729881,elem,true,data.go.kr
B000007114,형곡초등학교,8750000,구미시,경상북도구미교육지원청,경상북도 구미시 신시로1길 10,공립,false,36.10975713,128.338673,elem,true,data.go.kr
B000007115,형남초등학교,8750000,구미시,경상북도구미교육지원청,경상북도 구미시 형곡동로 1-5,공립,false,36.10124649,128.3350452,elem,true,data.go.kr
B000007113,형일초등학교,8750000,구미시,경상북도구미교육지원청,경상북도 구미시 형곡로14길 5-20,공립,false,36.11514504,128.3299423,elem,true,data.go.kr
B000007213,호계초등학교,8750000,문경시,경상북도문경교육지원청,경상북도 문경시 호계면 막곡길 16,공립,false,36.63476508,128.205357,elem,true,data.go.kr
B000026613,호명초등학교,8750000,예천군,경상북도예천교육지원청,경상북도 예천군 호명읍 행복로 151,공립,false,36.57881983,128.4794774,elem,true,data.go.kr
B000007209,호서남초등학교,8750000,문경시,경상북도문경교육지원청,경상북도 문경시 호서로 117,공립,false,36.6054252,128.2035759,elem,true,data.go.kr
B000007189,화동초등학교,8750000,상주시,경상북도상주교육지원청,경상북도 상주시 화동면 이소1길 78,공립,false,36.39271618,127.9512487,elem,true,data.go.kr
B000006968,화랑초등학교,8750000,경주시,경상북도경주교육지원청,경상북도 경주시 임해로 116,공립,false,35.84213524,129.2299971,elem,true,data.go.kr
B000007188,화령초등학교,8750000,상주시,경상북도상주교육지원청,경상북도 상주시 화서면 화령로 57,공립,false,36.4466099,127.951894,elem,true,data.go.kr
B000007296,화목초등학교,8750000,청송군,경상북도청송교육지원청,경상북도 청송군 현서면 구산동로 21,공립,false,36.27569536,128.8949717,elem,true,data.go.kr
B000007204,화북초등학교,8750000,상주시,경상북도상주교육지원청,경상북도 상주시 화북면 문장로 1803-12,공립,false,36.5676314,127.9107595,elem,true,data.go.kr
B000007206,화북초등학교입석분교장,8750000,상주시,경상북도상주교육지원청,경상북도 상주시 화북면 문장로 2645,공립,true,36.6380326,127.8861412,elem,true,data.go.kr
B000007164,화산초등학교,8750000,영천시,경상북도영천교육지원청,경상북도 영천시 화산면 장수로 942-9,공립,false,36.02021026,128.8545314,elem,true,data.go.kr
B000007323,화양초등학교,8750000,청도군,경상북도청도교육지원청,경상북도 청도군 화양읍 동헌길 15,공립,false,35.64771064,128.7067775,elem,true,data.go.kr
B000023942,황남초등학교,8750000,경주시,경상북도경주교육지원청,경상북도 경주시 광중2길 28,공립,false,35.88484216,129.2297185,elem,true,data.go.kr
B000007116,황상초등학교,8750000,구미시,경상북도구미교육지원청,경상북도 구미시 검성로 103-3,공립,false,36.11900674,128.4269202,elem,true,data.go.kr
B000006977,황성초등학교,8750000,경주시,경상북도경주교육지원청,경상북도 경주시 양정로287번길 12,공립,false,35.85939912,129.2233132,elem,true,data.go.kr
B000006900,효자초등학교,8750000,포항시,경상북도포항교육지원청,경상북도 포항시 남구 효성로30번길 5,공립,false,36.00566763,129.3375142,elem,true,data.go.kr
B000007425,후포동부초등학교,8750000,울진군,경상북도울진교육지원청,경상북도 울진군 후포면 후포6길 75,공립,false,36.68634553,129.4631155,elem,true,data.go.kr
B000007424,후포초등학교,8750000,울진군,경상북도울진교육지원청,경상북도 울진군 후포면 삼율5길 8,공립,false,36.68067379,129.4415751,elem,true,data.go.kr
B000006976,흥무초등학교,8750000,경주시,경상북도경주교육지원청,경상북도 경주시 금성로347번길 30,공립,false,35.84977628,129.2041594,elem,true,data.go.kr
B000006943,흥해남산초등학교,8750000,포항시,경상북도포항교육지원청,경상북도 포항시 북구 흥해읍 남미질로 26,공립,false,36.10434495,129.3456006,elem,true,data.go.kr
B000006946,흥해서부초등학교,8750000,포항시,경상북도포항교육지원청,경상북도 포항시 북구 흥해읍 북송길 53,공립,false,36.11580419,129.3144392,elem,true,data.go.kr
B000006947,흥해초등학교,8750000,포항시,경상북도포항교육지원청,경상북도 포항시 북구 흥해읍 흥해로 107,공립,false,36.11466179,129.3465007,elem,true,data.go.kr
B000007451,가고파초등학교,9010000,창원시,경상남도창원교육지원청,경상남도 창원시 마산회원구 삼호로 110,공립,false,35.22578392,128.580473,elem,true,data.go.kr
B000024377,가남초등학교,9010000,양산시,경상남도양산교육지원청,경상남도 양산시 물금읍 청운로 114,공립,false,35.31212856,128.9981218,elem,true,data.go.kr
B000007567,가람초등학교,9010000,진주시,경상남도진주교육지원청,경상남도 진주시 남강로959번길 22,공립,false,35.17359538,128.1014516,elem,true,data.go.kr
B000007770,가례초등학교,9010000,의령군,경상남도의령교육지원청,경상남도 의령군 가례면 가례로 128,공립,false,35.33309509,128.2468385,elem,true,data.go.kr
B000007945,가북초등학교,9010000,거창군,경상남도거창교육지원청,경상남도 거창군 가북면 가북로 628,공립,false,35.76329407,127.9926636,elem,true,data.go.kr
B000007782,가야초등학교,9010000,함안군,경상남도함안교육지원청,경상남도 함안군 가야읍 충무길 54,공립,false,35.278068,128.4021172,elem,true,data.go.kr
B000024383,가양초등학교,9010000,양산시,경상남도양산교육지원청,경상남도 양산시 물금읍 물금로 60,공립,false,35.31068837,128.9915783,elem,true,data.go.kr
B000007944,가조초등학교,9010000,거창군,경상남도거창교육지원청,경상남도 거창군 가조면 가조가야로 1087,공립,false,35.71149883,128.0136443,elem,true,data.go.kr
B000007560,가좌초등학교,9010000,진주시,경상남도진주교육지원청,경상남도 진주시 내동로348번길 17,공립,false,35.14957784,128.103332,elem,true,data.go.kr
B000024375,가촌초등학교,9010000,양산시,경상남도양산교육지원청,경상남도 양산시 물금읍 물금로 139,공립,false,35.31667615,128.9958752,elem,true,data.go.kr
B000007460,가포초등학교,9010000,창원시,경상남도창원교육지원청,경상남도 창원시 마산합포구 가포로 376,공립,false,35.15921481,128.5752292,elem,true,data.go.kr
B000007964,가회초등학교,9010000,합천군,경상남도합천교육지원청,경상남도 합천군 가회면 황매산로 58-2,공립,false,35.43507835,128.0344205,elem,true,data.go.kr
B000007902,갈육초등학교,9010000,하동군,경상남도하동교육지원청,경상남도 하동군 금성면 금성로 521,공립,false,34.94876005,127.7844995,elem,true,data.go.kr
B000024412,갈전초등학교,9010000,진주시,경상남도진주교육지원청,경상남도 진주시 사들로 173,공립,false,35.18320304,128.1490625,elem,true,data.go.kr
B000024068,감계초등학교,9010000,창원시,경상남도창원교육지원청,경상남도 창원시 의창구 북면 감계로140번길 51,공립,false,35.30037832,128.5884803,elem,true,data.go.kr
B000007525,감천초등학교,9010000,창원시,경상남도창원교육지원청,경상남도 창원시 마산회원구 내서읍 감천로 53,공립,false,35.20718738,128.5154752,elem,true,data.go.kr
B000007869,개천초등학교,9010000,고성군,경상남도고성교육지원청,경상남도 고성군 개천면 옥천로 1268,공립,false,35.09839402,128.2596241,elem,true,data.go.kr
B000007859,거류초등학교,9010000,고성군,경상남도고성교육지원청,경상남도 고성군 거류면 거류로 693-14,공립,false,34.99396254,128.404439,elem,true,data.go.kr
B000007731,거제고현초등학교,9010000,거제시,경상남도거제교육지원청,경상남도 거제시 계룡로 25,공립,false,34.87372391,128.6288961,elem,true,data.go.kr
B000022493,거제상동초등학교,9010000,거제시,경상남도거제교육지원청,경상남도 거제시 상동5길 75-41,공립,false,34.86188618,128.6339045,elem,true,data.go.kr
B000022492,거제양정초등학교,9010000,거제시,경상남도거제교육지원청,경상남도 거제시 양정2길 15,공립,false,34.87173985,128.6512308,elem,true,data.go.kr
B000026699,거제용산초등학교,9010000,거제시,경상남도거제교육지원청,경상남도 거제시 상동7길 58,공립,false,34.86731865,128.6307071,elem,true,data.go.kr
B000027349,거제용소초등학교,9010000,거제시,경상남도거제교육지원청,경상남도 거제시 용소1길 35-5,공립,false,34.87351135,128.6866837,elem,true,data.go.kr
B000007747,거제중앙초등학교,9010000,거제시,경상남도거제교육지원청,경상남도 거제시 중곡로2길 45,공립,false,34.89568982,128.6347073,elem,true,data.go.kr
B000007757,거제초등학교,9010000,거제시,경상남도거제교육지원청,경상남도 거제시 거제면 읍내로2길 20,공립,false,34.85165504,128.5915861,elem,true,data.go.kr
B000007934,거창초등학교,9010000,거창군,경상남도거창교육지원청,경상남도 거창군 거창읍 아림로 48,공립,false,35.6875316,127.9100892,elem,true,data.go.kr
B000007669,경운초등학교,9010000,김해시,경상남도김해교육지원청,경상남도 김해시 우암로73번길 8,공립,false,35.23842172,128.8606855,elem,true,data.go.kr
B000007522,경화초등학교,9010000,창원시,경상남도창원교육지원청,경상남도 창원시 진해구 경화로38번길 5,공립,false,35.15742814,128.6875009,elem,true,data.go.kr
B000007684,계동초등학교,9010000,김해시,경상남도김해교육지원청,경상남도 김해시 계동로 96,공립,false,35.1847881,128.7956854,elem,true,data.go.kr
B000007745,계룡초등학교,9010000,거제시,경상남도거제교육지원청,경상남도 거제시 거제중앙로 1821-7,공립,false,34.88110136,128.6249691,elem,true,data.go.kr
B000007811,계창초등학교,9010000,창녕군,경상남도창녕교육지원청,경상남도 창녕군 계성면 계성장마로 399,공립,false,35.48503528,128.5085269,elem,true,data.go.kr
B000007855,고성초등학교,9010000,고성군,경상남도고성교육지원청,경상남도 고성군 고성읍 성내로 85,공립,false,34.97623483,128.3197815,elem,true,data.go.kr
B000007815,고암초등학교,9010000,창녕군,경상남도창녕교육지원청,경상남도 창녕군 고암면 고암성산대로 6-5,공립,false,35.57763144,128.5114792,elem,true,data.go.kr
B000007893,고전초등학교,9010000,하동군,경상남도하동교육지원청,경상남도 하동군 고전면 하동읍성로 371,공립,false,35.02414876,127.8180526,elem,true,data.go.kr
B000007946,고제초등학교,9010000,거창군,경상남도거창교육지원청,경상남도 거창군 고제면 고제로 333,공립,false,35.83826388,127.8768724,elem,true,data.go.kr
B000007882,고현초등학교,9010000,남해군,경상남도남해교육지원청,경상남도 남해군 고현면 고설로 31,공립,false,34.89731972,127.8777373,elem,true,data.go.kr
B000007640,곤명초등학교,9010000,사천시,경상남도사천교육지원청,경상남도 사천시 곤명면 완사3길 61,공립,false,35.13028337,127.9743022,elem,true,data.go.kr
B000007639,곤양초등학교,9010000,사천시,경상남도사천교육지원청,경상남도 사천시 곤양면 성내로 25,공립,false,35.0589275,127.9619438,elem,true,data.go.kr
B000024076,관동초등학교,9010000,김해시,경상남도김해교육지원청,경상남도 김해시 율하3로 110,공립,false,35.177645,128.8169596,elem,true,data.go.kr
B000007580,관봉초등학교,9010000,진주시,경상남도진주교육지원청,경상남도 진주시 정촌면 정촌로 629,공립,false,35.13711732,128.1431455,elem,true,data.go.kr
B000007608,광도초등학교,9010000,통영시,경상남도통영교육지원청,경상남도 통영시 광도면 노산1길 16,공립,false,34.90077642,128.4060355,elem,true,data.go.kr
B000007527,광려초등학교,9010000,창원시,경상남도창원교육지원청,경상남도 창원시 마산회원구 내서읍 삼계1길 47,공립,false,35.22812274,128.5031333,elem,true,data.go.kr
B000007455,교동초등학교,9010000,창원시,경상남도창원교육지원청,경상남도 창원시 마산회원구 무학로 589,공립,false,35.22140544,128.5625193,elem,true,data.go.kr
B000007461,교방초등학교,9010000,창원시,경상남도창원교육지원청,경상남도 창원시 마산합포구 교방동1길 63,공립,false,35.21351763,128.5650545,elem,true,data.go.kr
B000007857,구만초등학교,9010000,고성군,경상남도고성교육지원청,경상남도 고성군 구만면 영회로 1763,공립,false,35.08851455,128.335541,elem,true,data.go.kr
B000007665,구봉초등학교,9010000,김해시,경상남도김해교육지원청,경상남도 김해시 구지로 99-26,공립,false,35.24083851,128.8737724,elem,true,data.go.kr
B000007653,구산초등학교,9010000,김해시,경상남도김해교육지원청,경상남도 김해시 가락로 310-36,공립,false,35.25410197,128.8744875,elem,true,data.go.kr
B000007542,구산초등학교,9010000,창원시,경상남도창원교육지원청,경상남도 창원시 마산합포구 구산면 수정3길 8,공립,false,35.12047404,128.5791559,elem,true,data.go.kr
B000007551,구산초등학교구서분교장,9010000,창원시,경상남도창원교육지원청,경상남도 창원시 마산합포구 구산면 해양관광로 739,공립,true,35.12143941,128.538013,elem,true,data.go.kr
B000007447,구암초등학교,9010000,창원시,경상남도창원교육지원청,경상남도 창원시 마산회원구 구암북19길 153,공립,false,35.25826967,128.5943421,elem,true,data.go.kr
B000007739,국산초등학교,9010000,거제시,경상남도거제교육지원청,경상남도 거제시 국산1길 2,공립,false,34.89669859,128.6940575,elem,true,data.go.kr
B000007785,군북초등학교,9010000,함안군,경상남도함안교육지원청,경상남도 함안군 군북면 덕대길 26-16,공립,false,35.25720743,128.3462402,elem,true,data.go.kr
B000007900,궁항초등학교,9010000,하동군,경상남도하동교육지원청,경상남도 하동군 금성면 가린길 32,공립,false,34.97131127,127.7959797,elem,true,data.go.kr
B000007582,금곡초등학교,9010000,진주시,경상남도진주교육지원청,경상남도 진주시 금곡면 월아산로89번길 11,공립,false,35.0900106,128.1852532,elem,true,data.go.kr
B000007680,금동초등학교,9010000,김해시,경상남도김해교육지원청,경상남도 김해시 상동면 상동로 551-13,공립,false,35.30876696,128.9295779,elem,true,data.go.kr
B000007928,금반초등학교,9010000,함양군,경상남도함양교육지원청,경상남도 함양군 휴천면 휴천로 371,공립,false,35.47715232,127.736603,elem,true,data.go.kr
B000023856,금빛초등학교,9010000,진주시,경상남도진주교육지원청,경상남도 진주시 개양로 68,공립,false,35.15508694,128.1148955,elem,true,data.go.kr
B000007676,금산초등학교,9010000,김해시,경상남도김해교육지원청,경상남도 김해시 진영읍 하계로 3,공립,false,35.29191269,128.7089201,elem,true,data.go.kr
B000007590,금산초등학교,9010000,진주시,경상남도진주교육지원청,경상남도 진주시 금산면 금산로 75,공립,false,35.21530273,128.1443217,elem,true,data.go.kr
B000007906,금서초등학교,9010000,산청군,경상남도산청교육지원청,경상남도 산청군 금서면 화계오봉로 12,공립,false,35.46113892,127.7919302,elem,true,data.go.kr
B000007573,금성초등학교,9010000,진주시,경상남도진주교육지원청,경상남도 진주시 말티고개로123번길 19,공립,false,35.19843972,128.1154788,elem,true,data.go.kr
B000027053,금송초등학교,9010000,양산시,경상남도양산교육지원청,경상남도 양산시 동면 사송로 99-20,공립,false,35.30778572,129.0707359,elem,true,data.go.kr
B000030300,금오초등학교,9010000,양산시,경상남도양산교육지원청,경상남도 양산시 동면 금오16길 97,공립,false,35.32204222,129.027763,elem,true,data.go.kr
B000007589,금호초등학교,9010000,진주시,경상남도진주교육지원청,경상남도 진주시 금산면 중천로67번길 25,공립,false,35.21901721,128.1436601,elem,true,data.go.kr
B000007760,기성초등학교,9010000,거제시,경상남도거제교육지원청,경상남도 거제시 사등면 언양로 541,공립,false,34.90107949,128.5514903,elem,true,data.go.kr
B000007812,길곡초등학교,9010000,창녕군,경상남도창녕교육지원청,경상남도 창녕군 길곡면 낙동로 1498,공립,false,35.38502556,128.5677939,elem,true,data.go.kr
B000007675,김해가야초등학교,9010000,김해시,경상남도김해교육지원청,경상남도 김해시 분성로3번길 45,공립,false,35.23685032,128.8518857,elem,true,data.go.kr
B000007666,김해구지초등학교,9010000,김해시,경상남도김해교육지원청,경상남도 김해시 구산로5번길 45,공립,false,35.25298107,128.8697306,elem,true,data.go.kr
B000007668,김해내동초등학교,9010000,김해시,경상남도김해교육지원청,경상남도 김해시 평전로 151,공립,false,35.24264984,128.8589373,elem,true,data.go.kr
B000007673,김해대곡초등학교,9010000,김해시,경상남도김해교육지원청,경상남도 김해시 활천로 195-71,공립,false,35.24416034,128.8990264,elem,true,data.go.kr
B000007651,김해동광초등학교,9010000,김해시,경상남도김해교육지원청,경상남도 김해시 호계로500번길 15-15,공립,false,35.23641021,128.8871928,elem,true,data.go.kr
B000026359,김해모산초등학교,9010000,김해시,경상남도김해교육지원청,경상남도 김해시 율하로 483,공립,false,35.16858275,128.8267849,elem,true,data.go.kr
B000007660,김해봉황초등학교,9010000,김해시,경상남도김해교육지원청,경상남도 김해시 전하로198번길 5,공립,false,35.2224178,128.8698872,elem,true,data.go.kr
B000007692,김해부곡초등학교,9010000,김해시,경상남도김해교육지원청,경상남도 김해시 월산로 139,공립,false,35.20639506,128.8000454,elem,true,data.go.kr
B000007672,김해삼성초등학교,9010000,김해시,경상남도김해교육지원청,경상남도 김해시 인제로51번길 42,공립,false,35.23307866,128.9006647,elem,true,data.go.kr
B000007654,김해신명초등학교,9010000,김해시,경상남도김해교육지원청,경상남도 김해시 가야로 31,공립,false,35.27091324,128.864408,elem,true,data.go.kr
B000007691,김해신안초등학교,9010000,김해시,경상남도김해교육지원청,경상남도 김해시 팔판로 8,공립,false,35.17892804,128.7903314,elem,true,data.go.kr
B000007674,김해외동초등학교,9010000,김해시,경상남도김해교육지원청,경상남도 김해시 금관대로1190번길 55-7,공립,false,35.23306056,128.8578757,elem,true,data.go.kr
B000026360,김해율산초등학교,9010000,김해시,경상남도김해교육지원청,경상남도 김해시 율하5로 55,공립,false,35.16487507,128.828754,elem,true,data.go.kr
B000007652,김해합성초등학교,9010000,김해시,경상남도김해교육지원청,경상남도 김해시 가락로 111-12,공립,false,35.23732635,128.880242,elem,true,data.go.kr
B000007664,김해활천초등학교,9010000,김해시,경상남도김해교육지원청,경상남도 김해시 삼안로24번길 7,공립,false,35.23181885,128.9194783,elem,true,data.go.kr
B000007780,낙서초등학교,9010000,의령군,경상남도의령교육지원청,경상남도 의령군 낙서면 낙동강로 773-6,공립,false,35.48174334,128.4138517,elem,true,data.go.kr
B000007566,남강초등학교,9010000,진주시,경상남도진주교육지원청,경상남도 진주시 모덕로 99,공립,false,35.18377511,128.1097162,elem,true,data.go.kr
B000007880,남명초등학교,9010000,남해군,경상남도남해교육지원청,경상남도 남해군 남면 남서대로748번길 7,공립,false,34.77264651,127.8900292,elem,true,data.go.kr
B000007767,남산초등학교,9010000,의령군,경상남도의령교육지원청,경상남도 의령군 의령읍 남산로 37,공립,false,35.32053534,128.2666517,elem,true,data.go.kr
B000007778,남산초등학교궁류분교장,9010000,의령군,경상남도의령교육지원청,경상남도 의령군 궁류면 궁류로5길 14,공립,false,35.44772427,128.2475042,elem,true,data.go.kr
B000007942,남상초등학교,9010000,거창군,경상남도거창교육지원청,경상남도 거창군 남상면 인평길 21,공립,false,35.64501258,127.9105881,elem,true,data.go.kr
B000007493,남양초등학교,9010000,창원시,경상남도창원교육지원청,경상남도 창원시 성산구 가음로13번길 5,공립,false,35.21206224,128.6982595,elem,true,data.go.kr
B000007629,남양초등학교,9010000,사천시,경상남도사천교육지원청,경상남도 사천시 문화안길 23,공립,false,34.97750101,128.064704,elem,true,data.go.kr
B000007490,남정초등학교,9010000,창원시,경상남도창원교육지원청,경상남도 창원시 성산구 원이대로878번길 30,공립,false,35.21084962,128.6921158,elem,true,data.go.kr
B000007947,남정초등학교,9010000,합천군,경상남도합천교육지원청,경상남도 합천군 합천읍 남정길 28,공립,false,35.56285937,128.1570627,elem,true,data.go.kr
B000007803,남지초등학교,9010000,창녕군,경상남도창녕교육지원청,경상남도 창녕군 남지읍 낙동로 429,공립,false,35.38982126,128.471959,elem,true,data.go.kr
B000007598,남포초등학교,9010000,통영시,경상남도통영교육지원청,경상남도 통영시 남포1길 22,공립,false,34.82440195,128.4324231,elem,true,data.go.kr
B000007943,남하초등학교,9010000,거창군,경상남도거창교육지원청,경상남도 거창군 남하면 영서로 151,공립,false,35.65906513,127.9466416,elem,true,data.go.kr
B000007873,남해초등학교,9010000,남해군,경상남도남해교육지원청,경상남도 남해군 남해읍 망운로 14,공립,false,34.83874514,127.8919654,elem,true,data.go.kr
B000022494,내곡초등학교,9010000,거제시,경상남도거제교육지원청,경상남도 거제시 아주2로 112,공립,false,34.87081922,128.6785655,elem,true,data.go.kr
B000030544,내덕초등학교,9010000,김해시,경상남도김해교육지원청,경상남도 김해시 신외덕로 100,공립,false,35.21199673,128.8223233,elem,true,data.go.kr
B000007579,내동초등학교,9010000,진주시,경상남도진주교육지원청,경상남도 진주시 내동면 순환로 426,공립,false,35.16512296,128.0676691,elem,true,data.go.kr
B000007486,내동초등학교,9010000,창원시,경상남도창원교육지원청,경상남도 창원시 성산구 두대로 185,공립,false,35.22548514,128.6624836,elem,true,data.go.kr
B000007444,내서초등학교,9010000,창원시,경상남도창원교육지원청,경상남도 창원시 마산회원구 북성로 480,공립,false,35.23819306,128.5454459,elem,true,data.go.kr
B000007899,노량초등학교,9010000,하동군,경상남도하동교육지원청,경상남도 하동군 금남면 제먼당길 60,공립,false,34.95182377,127.8566777,elem,true,data.go.kr
B000007632,노산초등학교,9010000,사천시,경상남도사천교육지원청,경상남도 사천시 동금로 71,공립,false,34.9300336,128.0837627,elem,true,data.go.kr
B000007688,능동초등학교,9010000,김해시,경상남도김해교육지원청,경상남도 김해시 번화1로123번길 20,공립,false,35.19820279,128.7958321,elem,true,data.go.kr
B000007736,능포초등학교,9010000,거제시,경상남도거제교육지원청,경상남도 거제시 능포로 208,공립,false,34.88091003,128.7371196,elem,true,data.go.kr
B000007910,단계초등학교,9010000,산청군,경상남도산청교육지원청,경상남도 산청군 신등면 신차로 514,공립,false,35.37906329,128.0100889,elem,true,data.go.kr
B000007909,단성초등학교,9010000,산청군,경상남도산청교육지원청,경상남도 산청군 단성면 목화로961번길 10,공립,false,35.29738957,127.9558601,elem,true,data.go.kr
B000007705,대감초등학교,9010000,김해시,경상남도김해교육지원청,경상남도 김해시 대동면 대동로 993,공립,false,35.27358181,128.9811349,elem,true,data.go.kr
B000007588,대곡초등학교,9010000,진주시,경상남도진주교육지원청,경상남도 진주시 대곡면 진의로 970,공립,false,35.2581082,128.1770878,elem,true,data.go.kr
B000007704,대동초등학교,9010000,김해시,경상남도김해교육지원청,경상남도 김해시 대동면 대동로 613,공립,false,35.24347296,128.9802738,elem,true,data.go.kr
B000007494,대방초등학교,9010000,창원시,경상남도창원교육지원청,경상남도 창원시 성산구 대정로 132,공립,false,35.2113475,128.7068757,elem,true,data.go.kr
B000007634,대방초등학교,9010000,사천시,경상남도사천교육지원청,경상남도 사천시 각산로 88,공립,false,34.9318961,128.0658446,elem,true,data.go.kr
B000007959,대병초등학교,9010000,합천군,경상남도합천교육지원청,경상남도 합천군 대병면 신성동길 66,공립,false,35.51911456,128.0111095,elem,true,data.go.kr
B000007545,대산초등학교,9010000,창원시,경상남도창원교육지원청,경상남도 창원시 의창구 대산면 진산대로 442-7,공립,false,35.34028326,128.7095142,elem,true,data.go.kr
B000007790,대산초등학교,9010000,함안군,경상남도함안교육지원청,경상남도 함안군 대산면 대산중앙3길 8,공립,false,35.35163433,128.4311216,elem,true,data.go.kr
B000007853,대성초등학교,9010000,고성군,경상남도고성교육지원청,경상남도 고성군 고성읍 동외로151번길 60,공립,false,34.97577363,128.3231605,elem,true,data.go.kr
B000007630,대성초등학교,9010000,사천시,경상남도사천교육지원청,경상남도 사천시 좌룡1길 15,공립,false,34.95330229,128.0774839,elem,true,data.go.kr
B000007496,대암초등학교,9010000,창원시,경상남도창원교육지원청,경상남도 창원시 성산구 창이대로899번길 23,공립,false,35.20586609,128.7094383,elem,true,data.go.kr
B000007523,대야초등학교,9010000,창원시,경상남도창원교육지원청,경상남도 창원시 진해구 여좌로84번길 7,공립,false,35.15954661,128.6644414,elem,true,data.go.kr
B000007961,대양초등학교,9010000,합천군,경상남도합천교육지원청,경상남도 합천군 대양면 대야로 281-12,공립,false,35.51731692,128.1731514,elem,true,data.go.kr
B000007748,대우초등학교,9010000,거제시,경상남도거제교육지원청,경상남도 거제시 아주로3길 63,사립,false,34.86078439,128.6849839,elem,true,data.go.kr
B000007831,대운초등학교,9010000,양산시,경상남도양산교육지원청,경상남도 양산시 대운6길 11,공립,false,35.40803857,129.173641,elem,true,data.go.kr
B000007476,대원초등학교,9010000,창원시,경상남도창원교육지원청,경상남도 창원시 성산구 두대로55번길 23,공립,false,35.23361611,128.6510559,elem,true,data.go.kr
B000007772,대의초등학교,9010000,의령군,경상남도의령교육지원청,경상남도 의령군 대의면 대의로 31-6,공립,false,35.37061297,128.1092102,elem,true,data.go.kr
B000007806,대지초등학교,9010000,창녕군,경상남도창녕교육지원청,경상남도 창녕군 대지면 우포2로 943,공립,false,35.5572048,128.4641667,elem,true,data.go.kr
B000007702,대진초등학교,9010000,김해시,경상남도김해교육지원청,경상남도 김해시 진례면 고모로327번길 19,공립,false,35.25777272,128.7640203,elem,true,data.go.kr
B000007687,대청초등학교,9010000,김해시,경상남도김해교육지원청,경상남도 김해시 반룡로 53,공립,false,35.18899726,128.8033321,elem,true,data.go.kr
B000007816,대합초등학교,9010000,창녕군,경상남도창녕교육지원청,경상남도 창녕군 대합면 창곡길 8,공립,false,35.61444444,128.4699981,elem,true,data.go.kr
B000007866,대흥초등학교,9010000,고성군,경상남도고성교육지원청,경상남도 고성군 대가면 대가로 443-18,공립,false,35.01602859,128.297353,elem,true,data.go.kr
B000007832,덕계초등학교,9010000,양산시,경상남도양산교육지원청,경상남도 양산시 덕계로 92,공립,false,35.37511901,129.1535923,elem,true,data.go.kr
B000007514,덕산초등학교,9010000,창원시,경상남도창원교육지원청,경상남도 창원시 진해구 덕산로46번길 15,공립,false,35.14587867,128.7052484,elem,true,data.go.kr
B000007908,덕산초등학교,9010000,산청군,경상남도산청교육지원청,경상남도 산청군 시천면 덕산대포로 15,공립,false,35.27877939,127.8369416,elem,true,data.go.kr
B000007686,덕정초등학교,9010000,김해시,경상남도김해교육지원청,경상남도 김해시 대청로 31,공립,false,35.1781328,128.7987197,elem,true,data.go.kr
B000007477,도계초등학교,9010000,창원시,경상남도창원교육지원청,경상남도 창원시 의창구 하남천동길 10,공립,false,35.25869742,128.6393103,elem,true,data.go.kr
B000007562,도동초등학교,9010000,진주시,경상남도진주교육지원청,경상남도 진주시 대신로 324,공립,false,35.19015527,128.1176781,elem,true,data.go.kr
B000007883,도마초등학교,9010000,남해군,경상남도남해교육지원청,경상남도 남해군 고현면 남해대로 3173,공립,false,34.8691038,127.8929745,elem,true,data.go.kr
B000007911,도산초등학교,9010000,산청군,경상남도산청교육지원청,경상남도 산청군 신안면 신차로 3-3,공립,false,35.3354132,127.9997368,elem,true,data.go.kr
B000007607,도산초등학교,9010000,통영시,경상남도통영교육지원청,경상남도 통영시 도산면 도산일주로 25,공립,false,34.90216809,128.3614704,elem,true,data.go.kr
B000007506,도천초등학교,9010000,창원시,경상남도창원교육지원청,경상남도 창원시 진해구 충장로 10,공립,false,35.15274364,128.653898,elem,true,data.go.kr
B000007814,도천초등학교,9010000,창녕군,경상남도창녕교육지원청,경상남도 창녕군 도천면 도천3길 16,공립,false,35.43470345,128.5173154,elem,true,data.go.kr
B000007858,동광초등학교,9010000,고성군,경상남도고성교육지원청,경상남도 고성군 거류면 봉암2길 11,공립,false,35.00877915,128.4005598,elem,true,data.go.kr
B000027051,동면초등학교,9010000,양산시,경상남도양산교육지원청,경상남도 양산시 동면 내송큰들1길 14,공립,false,35.320545,129.0686632,elem,true,data.go.kr
B000007510,동부초등학교,9010000,창원시,경상남도창원교육지원청,경상남도 창원시 진해구 석동로 27,공립,false,35.15575164,128.7023746,elem,true,data.go.kr
B000007755,동부초등학교,9010000,거제시,경상남도거제교육지원청,경상남도 거제시 동부면 동부로 27,공립,false,34.82002097,128.6103842,elem,true,data.go.kr
B000007766,동부초등학교율포분교장,9010000,거제시,경상남도거제교육지원청,경상남도 거제시 동부면 율포4길 1,공립,true,34.77918062,128.5939535,elem,true,data.go.kr
B000007502,동산초등학교,9010000,창원시,경상남도창원교육지원청,경상남도 창원시 성산구 단정로 126,공립,false,35.214198,128.6901559,elem,true,data.go.kr
B000007842,동산초등학교,9010000,양산시,경상남도양산교육지원청,경상남도 양산시 동면 양산대로 346,공립,false,35.30433222,129.0262644,elem,true,data.go.kr
B000007642,동성초등학교,9010000,사천시,경상남도사천교육지원청,경상남도 사천시 정동면 동계길 45,공립,false,35.07620419,128.0869426,elem,true,data.go.kr
B000007577,동진초등학교,9010000,진주시,경상남도진주교육지원청,경상남도 진주시 도동로184번길 13,공립,false,35.18779911,128.1245508,elem,true,data.go.kr
B000007804,동포초등학교,9010000,창녕군,경상남도창녕교육지원청,경상남도 창녕군 남지읍 동포5길 17,공립,false,35.39009713,128.4784964,elem,true,data.go.kr
B000007861,동해초등학교,9010000,고성군,경상남도고성교육지원청,경상남도 고성군 동해면 동해로 1585,공립,false,35.04606235,128.4442729,elem,true,data.go.kr
B000007597,두룡초등학교,9010000,통영시,경상남도통영교육지원청,경상남도 통영시 도천5길 33-11,공립,false,34.83808852,128.4112521,elem,true,data.go.kr
B000007940,마리초등학교,9010000,거창군,경상남도거창교육지원청,경상남도 거창군 마리면 빼재로 23,공립,false,35.70257339,127.8535867,elem,true,data.go.kr
B000024150,마산고운초등학교,9010000,창원시,경상남도창원교육지원청,경상남도 창원시 마산합포구 가포로 141,공립,false,35.17272252,128.5613815,elem,true,data.go.kr
B000007468,마산신월초등학교,9010000,창원시,경상남도창원교육지원청,경상남도 창원시 마산합포구 월영마을로 40,공립,false,35.17099201,128.5565457,elem,true,data.go.kr
B000007446,마산중앙초등학교,9010000,창원시,경상남도창원교육지원청,경상남도 창원시 마산회원구 팔용로 280,공립,false,35.24832356,128.6025946,elem,true,data.go.kr
B000007870,마암초등학교,9010000,고성군,경상남도고성교육지원청,경상남도 고성군 마암면 옥천로 254,공립,false,35.05652864,128.3359913,elem,true,data.go.kr
B000007741,마전초등학교,9010000,거제시,경상남도거제교육지원청,경상남도 거제시 마전2길 3-4,공립,false,34.86000787,128.7203649,elem,true,data.go.kr
B000007929,마천초등학교,9010000,함양군,경상남도함양교육지원청,경상남도 함양군 마천면 마천삼정로 126,공립,false,35.38682486,127.6593431,elem,true,data.go.kr
B000007565,망경초등학교,9010000,진주시,경상남도진주교육지원청,경상남도 진주시 천수로 175,공립,false,35.17888792,128.0823863,elem,true,data.go.kr
B000007479,명곡초등학교,9010000,창원시,경상남도창원교육지원청,경상남도 창원시 의창구 우곡로159번길 22-11,공립,false,35.24293744,128.6448386,elem,true,data.go.kr
B000007801,명덕초등학교,9010000,창녕군,경상남도창녕교육지원청,경상남도 창녕군 창녕읍 명덕로 71,공립,false,35.54393534,128.4962973,elem,true,data.go.kr
B000007472,명도초등학교,9010000,창원시,경상남도창원교육지원청,경상남도 창원시 의창구 도계두리길 233,공립,false,35.25593918,128.644023,elem,true,data.go.kr
B000007764,명사초등학교,9010000,거제시,경상남도거제교육지원청,경상남도 거제시 남부면 명사해수욕장길 11,공립,false,34.72570424,128.6036888,elem,true,data.go.kr
B000007478,명서초등학교,9010000,창원시,경상남도창원교육지원청,경상남도 창원시 의창구 명서로 21,공립,false,35.25038734,128.6440392,elem,true,data.go.kr
B000007593,명석초등학교,9010000,진주시,경상남도진주교육지원청,경상남도 진주시 명석면 광제산로 23,공립,false,35.21810609,128.0402584,elem,true,data.go.kr
B000007954,묘산초등학교,9010000,합천군,경상남도합천교육지원청,경상남도 합천군 묘산면 묘산로 149,공립,false,35.65870823,128.1107824,elem,true,data.go.kr
B000024138,무동초등학교,9010000,창원시,경상남도창원교육지원청,경상남도 창원시 의창구 북면 동곡로 65,공립,false,35.32087091,128.581699,elem,true,data.go.kr
B000007725,무안초등학교,9010000,밀양시,경상남도밀양교육지원청,경상남도 밀양시 무안면 사명로 531,공립,false,35.4729283,128.651293,elem,true,data.go.kr
B000024414,무지개초등학교,9010000,진주시,경상남도진주교육지원청,경상남도 진주시 영천강로119번길 37,공립,false,35.17144709,128.1372551,elem,true,data.go.kr
B000007469,무학초등학교,9010000,창원시,경상남도창원교육지원청,경상남도 창원시 마산합포구 자산동8길 6,공립,false,35.20360532,128.5675079,elem,true,data.go.kr
B000007901,묵계초등학교,9010000,하동군,경상남도하동교육지원청,경상남도 하동군 청암면 청학로 2220,공립,false,35.22850929,127.7351595,elem,true,data.go.kr
B000007895,묵계초등학교청암분교장,9010000,하동군,경상남도하동교육지원청,경상남도 하동군 청암면 청학로 716,공립,true,35.15860775,127.7978084,elem,true,data.go.kr
B000007578,문산초등학교,9010000,진주시,경상남도진주교육지원청,경상남도 진주시 문산읍 소문길 11,공립,false,35.1706124,128.1626334,elem,true,data.go.kr
B000007633,문선초등학교,9010000,사천시,경상남도사천교육지원청,경상남도 사천시 삼상로 25-12,공립,false,34.93483361,128.0789293,elem,true,data.go.kr
B000007789,문암초등학교,9010000,함안군,경상남도함안교육지원청,경상남도 함안군 산인면 모곡1길 2,공립,false,35.27205925,128.4575349,elem,true,data.go.kr
B000007837,물금초등학교,9010000,양산시,경상남도양산교육지원청,경상남도 양산시 물금읍 가촌새터길 15,공립,false,35.31733666,128.990034,elem,true,data.go.kr
B000007711,미리벌초등학교,9010000,밀양시,경상남도밀양교육지원청,경상남도 밀양시 미리벌로 41-22,공립,false,35.47959615,128.7489133,elem,true,data.go.kr
B000007876,미조초등학교,9010000,남해군,경상남도남해교육지원청,경상남도 남해군 미조면 미송로2번길 8,공립,false,34.71565365,128.0414666,elem,true,data.go.kr
B000007592,미천초등학교,9010000,진주시,경상남도진주교육지원청,경상남도 진주시 미천면 안간길 18-8,공립,false,35.31901846,128.0880737,elem,true,data.go.kr
B000007709,밀성초등학교,9010000,밀양시,경상남도밀양교육지원청,경상남도 밀양시 석정로 139,공립,false,35.50217327,128.7512064,elem,true,data.go.kr
B000007710,밀양초등학교,9010000,밀양시,경상남도밀양교육지원청,경상남도 밀양시 중앙로 282-12,공립,false,35.48941433,128.7554457,elem,true,data.go.kr
B000007708,밀주초등학교,9010000,밀양시,경상남도밀양교육지원청,경상남도 밀양시 가곡13길 24,공립,false,35.47731607,128.762573,elem,true,data.go.kr
B000007541,반동초등학교,9010000,창원시,경상남도창원교육지원청,경상남도 창원시 마산합포구 구산면 해양관광로 1460-14,공립,false,35.08771693,128.5843228,elem,true,data.go.kr
B000007584,반성초등학교,9010000,진주시,경상남도진주교육지원청,경상남도 진주시 일반성면 동부로 2060,공립,false,35.17007701,128.2857396,elem,true,data.go.kr
B000007497,반송초등학교,9010000,창원시,경상남도창원교육지원청,경상남도 창원시 성산구 반송로 133,공립,false,35.23736464,128.6697187,elem,true,data.go.kr
B000007860,방산초등학교,9010000,고성군,경상남도고성교육지원청,경상남도 고성군 거류면 방산로 42,공립,false,34.97162391,128.364242,elem,true,data.go.kr
B000007568,배영초등학교,9010000,진주시,경상남도진주교육지원청,경상남도 진주시 석갑로 28,공립,false,35.17667563,128.0670954,elem,true,data.go.kr
B000007828,백동초등학교,9010000,양산시,경상남도양산교육지원청,경상남도 양산시 백동길 19-24,공립,false,35.40611606,129.1528503,elem,true,data.go.kr
B000007926,백전초등학교,9010000,함양군,경상남도함양교육지원청,경상남도 함양군 백전면 구산대안로 12-2,공립,false,35.55282017,127.6349621,elem,true,data.go.kr
B000007838,범어초등학교,9010000,양산시,경상남도양산교육지원청,경상남도 양산시 물금읍 동중6길 8,공립,false,35.33153947,129.0058469,elem,true,data.go.kr
B000007787,법수초등학교,9010000,함안군,경상남도함안교육지원청,경상남도 함안군 법수면 석무길 41,공립,false,35.31783771,128.3804859,elem,true,data.go.kr
B000007609,벽방초등학교,9010000,통영시,경상남도통영교육지원청,경상남도 통영시 광도면 안정로 815,공립,false,34.94845464,128.4099257,elem,true,data.go.kr
B000007925,병곡초등학교,9010000,함양군,경상남도함양교육지원청,경상남도 함양군 병곡면 휴촌길 21,공립,false,35.52900882,127.6902503,elem,true,data.go.kr
B000007533,봉강초등학교,9010000,창원시,경상남도창원교육지원청,경상남도 창원시 의창구 동읍 동읍로 1131-3,공립,false,35.35080275,128.6552335,elem,true,data.go.kr
B000007556,봉곡초등학교,9010000,진주시,경상남도진주교육지원청,경상남도 진주시 북장대로36번길 8,공립,false,35.19410351,128.0757823,elem,true,data.go.kr
B000007448,봉덕초등학교,9010000,창원시,경상남도창원교육지원청,경상남도 창원시 마산회원구 봉덕1길 14,공립,false,35.2224257,128.5947895,elem,true,data.go.kr
B000007558,봉래초등학교,9010000,진주시,경상남도진주교육지원청,경상남도 진주시 의병로 265,공립,false,35.20016135,128.0861878,elem,true,data.go.kr
B000007481,봉림초등학교,9010000,창원시,경상남도창원교육지원청,경상남도 창원시 의창구 사림로16번길 21,공립,false,35.24624844,128.6779048,elem,true,data.go.kr
B000007659,봉명초등학교,9010000,김해시,경상남도김해교육지원청,경상남도 김해시 함박로 74,공립,false,35.23226514,128.8624912,elem,true,data.go.kr
B000007960,봉산초등학교,9010000,합천군,경상남도합천교육지원청,경상남도 합천군 봉산면 김봉길 25-7,공립,false,35.62592889,128.0402402,elem,true,data.go.kr
B000007557,봉원초등학교,9010000,진주시,경상남도진주교육지원청,경상남도 진주시 의병로 95-20,공립,false,35.20145991,128.0702711,elem,true,data.go.kr
B000007813,부곡초등학교,9010000,창녕군,경상남도창녕교육지원청,경상남도 창녕군 부곡면 원동길 16,공립,false,35.43679975,128.6015618,elem,true,data.go.kr
B000007818,부곡초등학교학포분교장,9010000,창녕군,경상남도창녕교육지원청,경상남도 창녕군 부곡면 학포1길 21-1,공립,true,35.38192416,128.6334764,elem,true,data.go.kr
B000007775,부림초등학교,9010000,의령군,경상남도의령교육지원청,경상남도 의령군 부림면 대한로 1721,공립,false,35.46558594,128.320737,elem,true,data.go.kr
B000007779,부림초등학교봉수분교장,9010000,의령군,경상남도의령교육지원청,경상남도 의령군 봉수면 한지9길 6,공립,true,35.47914758,128.2400372,elem,true,data.go.kr
B000007722,부북초등학교,9010000,밀양시,경상남도밀양교육지원청,경상남도 밀양시 부북면 운전2길 22,공립,false,35.51401969,128.7296377,elem,true,data.go.kr
B000024323,북면초등학교,9010000,창원시,경상남도창원교육지원청,경상남도 창원시 의창구 북면 동전로110번길 36,공립,false,35.30529194,128.6000619,elem,true,data.go.kr
B000007938,북상초등학교,9010000,거창군,경상남도거창교육지원청,경상남도 거창군 북상면 송계로 731-18,공립,false,35.78009585,127.8170386,elem,true,data.go.kr
B000007450,북성초등학교,9010000,창원시,경상남도창원교육지원청,경상남도 창원시 마산회원구 석전북1길 3,공립,false,35.23179348,128.5700226,elem,true,data.go.kr
B000007824,북정초등학교,9010000,양산시,경상남도양산교육지원청,경상남도 양산시 북정서길 28,공립,false,35.36071262,129.0421353,elem,true,data.go.kr
B000007894,북천초등학교,9010000,하동군,경상남도하동교육지원청,경상남도 하동군 북천면 세이리길 20,공립,false,35.11420979,127.8889485,elem,true,data.go.kr
B000007657,분성초등학교,9010000,김해시,경상남도김해교육지원청,경상남도 김해시 가야로147번길 15,공립,false,35.26543191,128.8731782,elem,true,data.go.kr
B000007644,사남초등학교,9010000,사천시,경상남도사천교육지원청,경상남도 사천시 사남면 조동길 49-28,공립,false,35.05918948,128.065912,elem,true,data.go.kr
B000007761,사등초등학교,9010000,거제시,경상남도거제교육지원청,경상남도 거제시 사등면 성포로 21,공립,false,34.91378021,128.5158876,elem,true,data.go.kr
B000007615,사량초등학교,9010000,통영시,경상남도통영교육지원청,경상남도 통영시 사량면 상도일주로 1584,공립,false,34.84663343,128.2198383,elem,true,data.go.kr
B000007586,사봉초등학교,9010000,진주시,경상남도진주교육지원청,경상남도 진주시 사봉면 사군로 99,공립,false,35.18935277,128.2691482,elem,true,data.go.kr
B000027052,사송초등학교,9010000,양산시,경상남도양산교육지원청,경상남도 양산시 동면 외송로 29,공립,false,35.31237391,129.0737155,elem,true,data.go.kr
B000007635,사천초등학교,9010000,사천시,경상남도사천교육지원청,경상남도 사천시 사천읍 읍내로 59,공립,false,35.08367231,128.0927132,elem,true,data.go.kr
B000007500,사파초등학교,9010000,창원시,경상남도창원교육지원청,경상남도 창원시 성산구 원이대로773번길 27,공립,false,35.21931683,128.6972338,elem,true,data.go.kr
B000007723,사포초등학교,9010000,밀양시,경상남도밀양교육지원청,경상남도 밀양시 부북면 예림서원로 18-3,공립,false,35.47504878,128.7336037,elem,true,data.go.kr
B000007473,사화초등학교,9010000,창원시,경상남도창원교육지원청,경상남도 창원시 의창구 반계로80번길 7,공립,false,35.25227232,128.6172751,elem,true,data.go.kr
B000007730,산내남명초등학교,9010000,밀양시,경상남도밀양교육지원청,경상남도 밀양시 산내면 산내로 1143,공립,false,35.58775074,128.9544219,elem,true,data.go.kr
B000007720,산내초등학교,9010000,밀양시,경상남도밀양교육지원청,경상남도 밀양시 산내면 산내로 335,공립,false,35.58545914,128.8807434,elem,true,data.go.kr
B000007729,산동초등학교,9010000,밀양시,경상남도밀양교육지원청,경상남도 밀양시 단장면 표충로 889-6,공립,false,35.52557833,128.9117722,elem,true,data.go.kr
B000007605,산양초등학교,9010000,통영시,경상남도통영교육지원청,경상남도 통영시 산양읍 산양중앙로 27,공립,false,34.80165861,128.3898948,elem,true,data.go.kr
B000007621,산양초등학교풍화분교장,9010000,통영시,경상남도통영교육지원청,경상남도 통영시 산양읍 풍화일주로 388,공립,true,34.82677989,128.3580467,elem,true,data.go.kr
B000007718,산외초등학교,9010000,밀양시,경상남도밀양교육지원청,경상남도 밀양시 산외면 산외로 257,공립,false,35.50366496,128.7967187,elem,true,data.go.kr
B000007788,산인초등학교,9010000,함안군,경상남도함안교육지원청,경상남도 함안군 산인면 송산로 136-20,공립,false,35.28979534,128.4333858,elem,true,data.go.kr
B000007904,산청초등학교,9010000,산청군,경상남도산청교육지원청,경상남도 산청군 산청읍 꽃봉산로79번길 43,공립,false,35.41710516,127.8749758,elem,true,data.go.kr
B000007462,산호초등학교,9010000,창원시,경상남도창원교육지원청,경상남도 창원시 마산합포구 회원동북로 53,공립,false,35.21972208,128.5795948,elem,true,data.go.kr
B000007963,삼가초등학교,9010000,합천군,경상남도합천교육지원청,경상남도 합천군 삼가면 소오길 12,공립,false,35.41244973,128.118354,elem,true,data.go.kr
B000007528,삼계초등학교,9010000,창원시,경상남도창원교육지원청,경상남도 창원시 마산회원구 내서읍 삼계로 36,공립,false,35.23266923,128.5004328,elem,true,data.go.kr
B000007655,삼계초등학교,9010000,김해시,경상남도김해교육지원청,경상남도 김해시 가야로38번길 30,공립,false,35.267561,128.8638478,elem,true,data.go.kr
B000007877,삼동초등학교,9010000,남해군,경상남도남해교육지원청,경상남도 남해군 삼동면 동부대로 1296,공립,false,34.80824552,128.0357654,elem,true,data.go.kr
B000007714,삼랑진초등학교,9010000,밀양시,경상남도밀양교육지원청,경상남도 밀양시 삼랑진읍 만어로 11,공립,false,35.40073127,128.8410114,elem,true,data.go.kr
B000007732,삼룡초등학교,9010000,거제시,경상남도거제교육지원청,경상남도 거제시 거제중앙로 1548,공립,false,34.86193346,128.6441424,elem,true,data.go.kr
B000007689,삼문초등학교,9010000,김해시,경상남도김해교육지원청,경상남도 김해시 번화2로 104,공립,false,35.19826762,128.8030691,elem,true,data.go.kr
B000007670,삼방초등학교,9010000,김해시,경상남도김해교육지원청,경상남도 김해시 삼안로235번길 20,공립,false,35.24892927,128.9077058,elem,true,data.go.kr
B000007862,삼산초등학교,9010000,고성군,경상남도고성교육지원청,경상남도 고성군 삼산면 미룡2길 65,공립,false,34.93741212,128.2735611,elem,true,data.go.kr
B000007823,삼성초등학교,9010000,양산시,경상남도양산교육지원청,경상남도 양산시 북정13길 28,공립,false,35.36414204,129.0476158,elem,true,data.go.kr
B000007643,삼성초등학교,9010000,사천시,경상남도사천교육지원청,경상남도 사천시 사남면 사남로 1074,공립,false,35.0544403,128.0753912,elem,true,data.go.kr
B000007915,삼장초등학교,9010000,산청군,경상남도산청교육지원청,경상남도 산청군 삼장면 친환경로 764,공립,false,35.33515887,127.8391601,elem,true,data.go.kr
B000007488,삼정자초등학교,9010000,창원시,경상남도창원교육지원청,경상남도 창원시 성산구 외리로34번길 8,공립,false,35.2009006,128.7090978,elem,true,data.go.kr
B000007628,삼천포초등학교,9010000,사천시,경상남도사천교육지원청,경상남도 사천시 각산로 10,공립,false,34.92992167,128.0736344,elem,true,data.go.kr
B000007820,삽량초등학교,9010000,양산시,경상남도양산교육지원청,경상남도 양산시 양주로 55,공립,false,35.3318931,129.0289876,elem,true,data.go.kr
B000007456,상남초등학교,9010000,창원시,경상남도창원교육지원청,경상남도 창원시 마산합포구 합포서13길 20,공립,false,35.21277759,128.5772354,elem,true,data.go.kr
B000007727,상남초등학교,9010000,밀양시,경상남도밀양교육지원청,경상남도 밀양시 상남면 상남인산길 11,공립,false,35.39338233,128.7771694,elem,true,data.go.kr
B000025902,상동초등학교,9010000,밀양시,경상남도밀양교육지원청,경상남도 밀양시 상동면 금산5길 4,공립,false,35.55368293,128.7615622,elem,true,data.go.kr
B000007865,상리초등학교,9010000,고성군,경상남도고성교육지원청,경상남도 고성군 상리면 척번정1길 85,공립,false,34.99955433,128.1857997,elem,true,data.go.kr
B000007480,상북초등학교,9010000,창원시,경상남도창원교육지원청,경상남도 창원시 의창구 지귀로60번길 13-13,공립,false,35.24690926,128.6532662,elem,true,data.go.kr
B000007847,상북초등학교,9010000,양산시,경상남도양산교육지원청,경상남도 양산시 상북면 반회서8길 11,공립,false,35.41665437,129.0603378,elem,true,data.go.kr
B000007532,상일초등학교,9010000,창원시,경상남도창원교육지원청,경상남도 창원시 마산회원구 내서읍 광려천서로 21,공립,false,35.24457516,128.5069525,elem,true,data.go.kr
B000007875,상주초등학교,9010000,남해군,경상남도남해교육지원청,경상남도 남해군 상주면 남해대로 708,공립,false,34.72387395,127.9865299,elem,true,data.go.kr
B000007935,샛별초등학교,9010000,거창군,경상남도거창교육지원청,경상남도 거창군 거창읍 죽전4길 28,사립,false,35.69175768,127.9121537,elem,true,data.go.kr
B000007682,생림초등학교,9010000,김해시,경상남도김해교육지원청,경상남도 김해시 생림면 봉림로 80-10,공립,false,35.33245732,128.8477918,elem,true,data.go.kr
B000007913,생비량초등학교,9010000,산청군,경상남도산청교육지원청,경상남도 산청군 생비량면 비량로 51-3,공립,false,35.3464989,128.046984,elem,true,data.go.kr
B000007907,생초초등학교,9010000,산청군,경상남도산청교육지원청,경상남도 산청군 생초면 생초로38번길 21,공립,false,35.49515323,127.8362581,elem,true,data.go.kr
B000007840,서남초등학교,9010000,양산시,경상남도양산교육지원청,경상남도 양산시 물금읍 오봉로 28,공립,false,35.32802601,128.9984144,elem,true,data.go.kr
B000007923,서상초등학교,9010000,함양군,경상남도함양교육지원청,경상남도 함양군 서상면 대남로 6,공립,false,35.68391808,127.6869067,elem,true,data.go.kr
B000024401,서진초등학교,9010000,진주시,경상남도진주교육지원청,경상남도 진주시 새평거로 85,공립,false,35.16901963,128.056655,elem,true,data.go.kr
B000007830,서창초등학교,9010000,양산시,경상남도양산교육지원청,경상남도 양산시 웅상대로 1362,공립,false,35.41768874,129.1723578,elem,true,data.go.kr
B000007638,서포초등학교,9010000,사천시,경상남도사천교육지원청,경상남도 사천시 서포면 나분이길 9,공립,false,35.00851336,127.9767902,elem,true,data.go.kr
B000007922,서하초등학교,9010000,함양군,경상남도함양교육지원청,경상남도 함양군 서하면 육십령로 2117,공립,false,35.64924402,127.6982289,elem,true,data.go.kr
B000007511,석동초등학교,9010000,창원시,경상남도창원교육지원청,경상남도 창원시 진해구 석동로 85,공립,false,35.15781268,128.7068682,elem,true,data.go.kr
B000007690,석봉초등학교,9010000,김해시,경상남도김해교육지원청,경상남도 김해시 월산로 27,공립,false,35.19952631,128.8086852,elem,true,data.go.kr
B000022619,석산초등학교,9010000,양산시,경상남도양산교육지원청,경상남도 양산시 동면 금오16길 105,공립,false,35.32151022,129.0268326,elem,true,data.go.kr
B000007449,석전초등학교,9010000,창원시,경상남도창원교육지원청,경상남도 창원시 마산회원구 석전동로 8,공립,false,35.23226945,128.5761882,elem,true,data.go.kr
B000007572,선학초등학교,9010000,진주시,경상남도진주교육지원청,경상남도 진주시 하대로105번길 26,공립,false,35.19593369,128.1231397,elem,true,data.go.kr
B000007884,설천초등학교,9010000,남해군,경상남도남해교육지원청,경상남도 남해군 설천면 설천로696번길 11,공립,false,34.92663032,127.9149526,elem,true,data.go.kr
B000007881,성명초등학교,9010000,남해군,경상남도남해교육지원청,경상남도 남해군 서면 남서대로 1630,공립,false,34.80899698,127.8386693,elem,true,data.go.kr
B000007836,성산초등학교,9010000,양산시,경상남도양산교육지원청,경상남도 양산시 물금읍 신주로 78,공립,false,35.330218,129.0176657,elem,true,data.go.kr
B000007491,성주초등학교,9010000,창원시,경상남도창원교육지원청,경상남도 창원시 성산구 가음정로 127,공립,false,35.20550265,128.6987849,elem,true,data.go.kr
B000007457,성호초등학교,9010000,창원시,경상남도창원교육지원청,경상남도 창원시 마산합포구 성호동4길 21,공립,false,35.2092723,128.5713543,elem,true,data.go.kr
B000007482,소답초등학교,9010000,창원시,경상남도창원교육지원청,경상남도 창원시 의창구 의창대로317번길 41,공립,false,35.26515855,128.6288761,elem,true,data.go.kr
B000007848,소토초등학교,9010000,양산시,경상남도양산교육지원청,경상남도 양산시 상북면 율리길 13,공립,false,35.37914795,129.0528536,elem,true,data.go.kr
B000007750,송정초등학교,9010000,거제시,경상남도거제교육지원청,경상남도 거제시 연초면 송정이목로 47,공립,false,34.91818509,128.6736916,elem,true,data.go.kr
B000007715,송진초등학교,9010000,밀양시,경상남도밀양교육지원청,경상남도 밀양시 삼랑진읍 삼랑진로 206,공립,false,35.39488596,128.8363389,elem,true,data.go.kr
B000007595,수곡초등학교,9010000,진주시,경상남도진주교육지원청,경상남도 진주시 수곡면 곤수로 1000,공립,false,35.20117977,127.9317405,elem,true,data.go.kr
B000007694,수남초등학교,9010000,김해시,경상남도김해교육지원청,경상남도 김해시 율하2로 183,공립,false,35.17062001,128.8189478,elem,true,data.go.kr
B000007920,수동초등학교,9010000,함양군,경상남도함양교육지원청,경상남도 함양군 수동면 연화산길 18-1,공립,false,35.52327173,127.7909028,elem,true,data.go.kr
B000007713,수산초등학교,9010000,밀양시,경상남도밀양교육지원청,경상남도 밀양시 하남읍 수산중앙로 59,공립,false,35.37574485,128.7118516,elem,true,data.go.kr
B000007636,수양초등학교,9010000,사천시,경상남도사천교육지원청,경상남도 사천시 사천읍 옥산로 60,공립,false,35.07899441,128.0893651,elem,true,data.go.kr
B000007733,수월초등학교,9010000,거제시,경상남도거제교육지원청,경상남도 거제시 수양로 420,공립,false,34.89038937,128.6433265,elem,true,data.go.kr
B000024402,수정초등학교,9010000,진주시,경상남도진주교육지원청,경상남도 진주시 진양호로84번길 20,공립,false,35.16567045,128.0484619,elem,true,data.go.kr
B000007758,숭덕초등학교,9010000,거제시,경상남도거제교육지원청,경상남도 거제시 둔덕면 거제남서로 4720,공립,false,34.83609522,128.495407,elem,true,data.go.kr
B000007716,숭진초등학교,9010000,밀양시,경상남도밀양교육지원청,경상남도 밀양시 삼랑진읍 삼랑진로 1286,공립,false,35.45331759,128.8010851,elem,true,data.go.kr
B000007825,신기초등학교,9010000,양산시,경상남도양산교육지원청,경상남도 양산시 중앙로 239,공립,false,35.35208418,129.0404978,elem,true,data.go.kr
B000007547,신등초등학교,9010000,창원시,경상남도창원교육지원청,경상남도 창원시 의창구 대산면 주남로 394,공립,false,35.32101037,128.6991891,elem,true,data.go.kr
B000007834,신명초등학교,9010000,양산시,경상남도양산교육지원청,경상남도 양산시 신명로 108,공립,false,35.38832306,129.142633,elem,true,data.go.kr
B000007536,신방초등학교,9010000,창원시,경상남도창원교육지원청,경상남도 창원시 의창구 동읍 동읍로 121-11,공립,false,35.28735623,128.6783653,elem,true,data.go.kr
B000007569,신안초등학교,9010000,진주시,경상남도진주교육지원청,경상남도 진주시 평거로139번길 8,공립,false,35.18258605,128.0680015,elem,true,data.go.kr
B000007912,신안초등학교,9010000,산청군,경상남도산청교육지원청,경상남도 산청군 신안면 원지로4번길 18,공립,false,35.30190327,127.9722079,elem,true,data.go.kr
B000007819,신양초등학교,9010000,양산시,경상남도양산교육지원청,경상남도 양산시 양주로 27,공립,false,35.33390311,129.024588,elem,true,data.go.kr
B000007663,신어초등학교,9010000,김해시,경상남도김해교육지원청,경상남도 김해시 활천로 303,공립,false,35.24421072,128.9119003,elem,true,data.go.kr
B000007941,신원초등학교,9010000,거창군,경상남도거창교육지원청,경상남도 거창군 신원면 신차로 3053,공립,false,35.5659448,127.9253172,elem,true,data.go.kr
B000024378,신주초등학교,9010000,양산시,경상남도양산교육지원청,경상남도 양산시 물금읍 신주1길 58,공립,false,35.33723247,129.0197874,elem,true,data.go.kr
B000007576,신진초등학교,9010000,진주시,경상남도진주교육지원청,경상남도 진주시 신평공원길57번길 19,공립,false,35.17486075,128.0664729,elem,true,data.go.kr
B000007916,신천초등학교,9010000,산청군,경상남도산청교육지원청,경상남도 산청군 시천면 지리산대로 1030-2,공립,false,35.25995892,127.7804526,elem,true,data.go.kr
B000007734,신현초등학교,9010000,거제시,경상남도거제교육지원청,경상남도 거제시 서문로1길 7,공립,false,34.88805947,128.616487,elem,true,data.go.kr
B000007887,쌍계초등학교,9010000,하동군,경상남도하동교육지원청,경상남도 하동군 화개면 쌍계사길 27-21,공립,false,35.23212388,127.6445912,elem,true,data.go.kr
B000007962,쌍백초등학교,9010000,합천군,경상남도합천교육지원청,경상남도 합천군 쌍백면 평구3길 17,공립,false,35.44015213,128.1470455,elem,true,data.go.kr
B000007952,쌍책초등학교,9010000,합천군,경상남도합천교육지원청,경상남도 합천군 쌍책면 성산큰길 47,공립,false,35.57468324,128.2835882,elem,true,data.go.kr
B000007783,아라초등학교,9010000,함안군,경상남도함안교육지원청,경상남도 함안군 가야읍 함안대로 491,공립,false,35.27099829,128.4082427,elem,true,data.go.kr
B000007933,아림초등학교,9010000,거창군,경상남도거창교육지원청,경상남도 거창군 거창읍 거열로6길 12,공립,false,35.6892945,127.904737,elem,true,data.go.kr
B000007737,아주초등학교,9010000,거제시,경상남도거제교육지원청,경상남도 거제시 탑곡로4길 24,공립,false,34.86446676,128.6923575,elem,true,data.go.kr
B000007886,악양초등학교,9010000,하동군,경상남도하동교육지원청,경상남도 하동군 악양면 악양서로 349,공립,false,35.16184587,127.7079434,elem,true,data.go.kr
B000007529,안계초등학교,9010000,창원시,경상남도창원교육지원청,경상남도 창원시 마산회원구 내서읍 삼계숲길 246,공립,false,35.23141529,128.4944201,elem,true,data.go.kr
B000007521,안골포초등학교,9010000,창원시,경상남도창원교육지원청,경상남도 창원시 진해구 안청북로 30,공립,false,35.10398498,128.8062297,elem,true,data.go.kr
B000007495,안남초등학교,9010000,창원시,경상남도창원교육지원청,경상남도 창원시 성산구 가양로 158,공립,false,35.20909049,128.7103746,elem,true,data.go.kr
B000007699,안명초등학교,9010000,김해시,경상남도김해교육지원청,경상남도 김해시 한림면 안하로 28,공립,false,35.30441614,128.828010,elem,true,data.go.kr
B000007487,안민초등학교,9010000,창원시,경상남도창원교육지원청,경상남도 창원시 성산구 안민로79번길 6,공립,false,35.18783651,128.6878501,elem,true,data.go.kr
B000007921,안의초등학교,9010000,함양군,경상남도함양교육지원청,경상남도 함양군 안의면 안의초등길 8,공립,false,35.62904243,127.8088912,elem,true,data.go.kr
B000007520,안청초등학교,9010000,창원시,경상남도창원교육지원청,경상남도 창원시 진해구 안골로 303,공립,false,35.09984346,128.8065674,elem,true,data.go.kr
B000007955,야로초등학교,9010000,합천군,경상남도합천교육지원청,경상남도 합천군 야로면 미숭산로 89,공립,false,35.71173042,128.1784003,elem,true,data.go.kr
B000007489,양곡초등학교,9010000,창원시,경상남도창원교육지원청,경상남도 창원시 성산구 양곡길 102,공립,false,35.20225826,128.6268883,elem,true,data.go.kr
B000007445,양덕초등학교,9010000,창원시,경상남도창원교육지원청,경상남도 창원시 마산회원구 양덕동12길 86,공립,false,35.23385991,128.5885008,elem,true,data.go.kr
B000007829,양산초등학교,9010000,양산시,경상남도양산교육지원청,경상남도 양산시 중앙우회로 102,공립,false,35.34658483,129.0431791,elem,true,data.go.kr
B000007821,양주초등학교,9010000,양산시,경상남도양산교육지원청,경상남도 양산시 양주3길 40-13,공립,false,35.34226959,129.032398,elem,true,data.go.kr
B000007743,양지초등학교,9010000,거제시,경상남도거제교육지원청,경상남도 거제시 장평1로 170,공립,false,34.89155773,128.6026004,elem,true,data.go.kr
B000024392,어곡초등학교,9010000,양산시,경상남도양산교육지원청,경상남도 양산시 두전길 30-19,공립,false,35.38043195,129.0293734,elem,true,data.go.kr
B000007662,어방초등학교,9010000,김해시,경상남도김해교육지원청,경상남도 김해시 활천로 159,공립,false,35.24007876,128.8991838,elem,true,data.go.kr
B000007749,연초초등학교,9010000,거제시,경상남도거제교육지원청,경상남도 거제시 연초면 거제대로 4280,공립,false,34.91212579,128.6516566,elem,true,data.go.kr
B000007809,영산초등학교,9010000,창녕군,경상남도창녕교육지원청,경상남도 창녕군 영산면 영산새싹길 25,공립,false,35.45838312,128.5292217,elem,true,data.go.kr
B000007868,영오초등학교,9010000,고성군,경상남도고성교육지원청,경상남도 고성군 영오면 영회로 325,공립,false,35.1060286,128.216113,elem,true,data.go.kr
B000007671,영운초등학교,9010000,김해시,경상남도김해교육지원청,경상남도 김해시 인제로284번길 47,공립,false,35.25449932,128.9072397,elem,true,data.go.kr
B000007949,영전초등학교,9010000,합천군,경상남도합천교육지원청,경상남도 합천군 율곡면 영전3길 34,공립,false,35.57221291,128.2184728,elem,true,data.go.kr
B000007843,영천초등학교,9010000,양산시,경상남도양산교육지원청,경상남도 양산시 동면 영천4길 6,공립,false,35.31175385,129.1107853,elem,true,data.go.kr
B000007793,예곡초등학교,9010000,함안군,경상남도함안교육지원청,경상남도 함안군 칠원읍 예곡2길 25,공립,false,35.27671735,128.5329094,elem,true,data.go.kr
B000007728,예림초등학교,9010000,밀양시,경상남도밀양교육지원청,경상남도 밀양시 상남면 밀양대로 1524,공립,false,35.46813177,128.7623779,elem,true,data.go.kr
B000024264,예하초등학교,9010000,진주시,경상남도진주교육지원청,경상남도 진주시 정촌면 삼일로 50,공립,false,35.12483283,128.0989431,elem,true,data.go.kr
B000007759,오량초등학교,9010000,거제시,경상남도거제교육지원청,경상남도 거제시 사등면 거제남서로 5405,공립,false,34.886733,128.4823859,elem,true,data.go.kr
B000007839,오봉초등학교,9010000,양산시,경상남도양산교육지원청,경상남도 양산시 물금읍 목화9길 8,공립,false,35.33475152,129.0039227,elem,true,data.go.kr
B000007914,오부초등학교,9010000,산청군,경상남도산청교육지원청,경상남도 산청군 오부면 오동로 649,공립,false,35.49945733,127.8866404,elem,true,data.go.kr
B000007751,오비초등학교,9010000,거제시,경상남도거제교육지원청,경상남도 거제시 연초면 오비5길 21,공립,false,34.9228299,128.622399,elem,true,data.go.kr
B000007896,옥종초등학교,9010000,하동군,경상남도하동교육지원청,경상남도 하동군 옥종면 주포중앙길 14-13,공립,false,35.1812401,127.8832607,elem,true,data.go.kr
B000007738,옥포초등학교,9010000,거제시,경상남도거제교육지원청,경상남도 거제시 옥포로13길 12,공립,false,34.89234918,128.6897444,elem,true,data.go.kr
B000007544,온천초등학교,9010000,창원시,경상남도창원교육지원청,경상남도 창원시 의창구 북면 신리길30번길 17,공립,false,35.34942032,128.6049255,elem,true,data.go.kr
B000007465,완월초등학교,9010000,창원시,경상남도창원교육지원청,경상남도 창원시 마산합포구 고운로 201,공립,false,35.20036632,128.5631695,elem,true,data.go.kr
B000007756,외간초등학교,9010000,거제시,경상남도거제교육지원청,경상남도 거제시 거제면 외간옥산1길 10,공립,false,34.85974801,128.5755679,elem,true,data.go.kr
B000007504,외동초등학교,9010000,창원시,경상남도창원교육지원청,경상남도 창원시 성산구 토월로43번길 14,공립,false,35.21671652,128.6813319,elem,true,data.go.kr
B000007797,외암초등학교,9010000,함안군,경상남도함안교육지원청,경상남도 함안군 여항면 여항로 62,공립,false,35.20884005,128.4337305,elem,true,data.go.kr
B000007754,외포초등학교,9010000,거제시,경상남도거제교육지원청,경상남도 거제시 장목면 외포5길 7,공립,false,34.94305644,128.7178101,elem,true,data.go.kr
B000007613,욕지초등학교,9010000,통영시,경상남도통영교육지원청,경상남도 통영시 욕지면 서촌윗길 171-15,공립,false,34.63547636,128.2618999,elem,true,data.go.kr
B000007618,욕지초등학교연화분교장,9010000,통영시,경상남도통영교육지원청,경상남도 통영시 욕지면 십리골길 40,공립,true,34.64862618,128.3532992,elem,true,data.go.kr
B000007611,용남초등학교,9010000,통영시,경상남도통영교육지원청,경상남도 통영시 용남면 달포큰길 125,공립,false,34.8703482,128.4432272,elem,true,data.go.kr
B000007471,용남초등학교,9010000,창원시,경상남도창원교육지원청,경상남도 창원시 성산구 용호로 65,공립,false,35.23586998,128.6798045,elem,true,data.go.kr
B000007773,용덕초등학교,9010000,의령군,경상남도의령교육지원청,경상남도 의령군 용덕면 용암로 39,공립,false,35.34855405,128.2902288,elem,true,data.go.kr
B000007463,용마초등학교,9010000,창원시,경상남도창원교육지원청,경상남도 창원시 마산합포구 산호남로 50,공립,false,35.21579113,128.5846544,elem,true,data.go.kr
B000007707,용산초등학교,9010000,김해시,경상남도김해교육지원청,경상남도 김해시 상동면 여차로 610,공립,false,35.35431136,128.9030234,elem,true,data.go.kr
B000007631,용산초등학교,9010000,사천시,경상남도사천교육지원청,경상남도 사천시 삼상로 223-31,공립,false,34.94342091,128.0987287,elem,true,data.go.kr
B000007849,용연초등학교,9010000,양산시,경상남도양산교육지원청,경상남도 양산시 하북면 용연로 110,공립,false,35.4495096,129.0755203,elem,true,data.go.kr
B000007519,용원초등학교,9010000,창원시,경상남도창원교육지원청,경상남도 창원시 진해구 용원로78번길 11,공립,false,35.09744075,128.8182285,elem,true,data.go.kr
B000007958,용주초등학교,9010000,합천군,경상남도합천교육지원청,경상남도 합천군 용주면 황계폭포로 1146,공립,false,35.53943302,128.1146428,elem,true,data.go.kr
B000007505,용지초등학교,9010000,창원시,경상남도창원교육지원청,경상남도 창원시 성산구 원이대로538번길 24,공립,false,35.22889716,128.6719623,elem,true,data.go.kr
B000007645,용현초등학교,9010000,사천시,경상남도사천교육지원청,경상남도 사천시 용현면 진삼로 628,공립,false,35.01321986,128.0628809,elem,true,data.go.kr
B000007484,용호초등학교,9010000,창원시,경상남도창원교육지원청,경상남도 창원시 성산구 용지로169번길 76,공립,false,35.23370775,128.6756645,elem,true,data.go.kr
B000007537,우산초등학교,9010000,창원시,경상남도창원교육지원청,경상남도 창원시 마산합포구 진동면 미더덕로 382,공립,false,35.10498551,128.478791,elem,true,data.go.kr
B000007667,우암초등학교,9010000,김해시,경상남도김해교육지원청,경상남도 김해시 우암로 165,공립,false,35.24330338,128.8667451,elem,true,data.go.kr
B000007548,우암초등학교,9010000,창원시,경상남도창원교육지원청,경상남도 창원시 의창구 대산면 우암로 35,공립,false,35.3339527,128.7303991,elem,true,data.go.kr
B000007501,웅남초등학교,9010000,창원시,경상남도창원교육지원청,경상남도 창원시 성산구 단정로 75,공립,false,35.21766862,128.6876607,elem,true,data.go.kr
B000007518,웅동초등학교,9010000,창원시,경상남도창원교육지원청,경상남도 창원시 진해구 마천로 29,공립,false,35.12709443,128.7838078,elem,true,data.go.kr
B000007827,웅상초등학교,9010000,양산시,경상남도양산교육지원청,경상남도 양산시 명동4길 5,공립,false,35.39873719,129.1649214,elem,true,data.go.kr
B000007937,웅양초등학교,9010000,거창군,경상남도거창교육지원청,경상남도 거창군 웅양면 웅양로 1403,공립,false,35.80323292,127.9153637,elem,true,data.go.kr
B000026370,웅천초등학교,9010000,창원시,경상남도창원교육지원청,경상남도 창원시 진해구 웅천동로 33,공립,false,35.10396535,128.7557112,elem,true,data.go.kr
B000007845,원동초등학교,9010000,양산시,경상남도양산교육지원청,경상남도 양산시 원동면 원동로 1508,공립,false,35.36442757,128.9226636,elem,true,data.go.kr
B000007851,원동초등학교이천분교장,9010000,양산시,경상남도양산교육지원청,경상남도 양산시 원동면 배내로 431-1,공립,true,35.48742021,128.9852008,elem,true,data.go.kr
B000007612,원평초등학교,9010000,통영시,경상남도통영교육지원청,경상남도 통영시 용남면 적촌길 203,공립,false,34.89474931,128.4585749,elem,true,data.go.kr
B000007685,월산초등학교,9010000,김해시,경상남도김해교육지원청,경상남도 김해시 능동로 123,공립,false,35.20059362,128.8054515,elem,true,data.go.kr
B000007466,월성초등학교,9010000,창원시,경상남도창원교육지원청,경상남도 창원시 마산합포구 완월남1길 17,공립,false,35.19601945,128.5604733,elem,true,data.go.kr
B000007458,월영초등학교,9010000,창원시,경상남도창원교육지원청,경상남도 창원시 마산합포구 반월북1길 41,공립,false,35.19167165,128.5628724,elem,true,data.go.kr
B000007932,월천초등학교,9010000,거창군,경상남도거창교육지원청,경상남도 거창군 거창읍 주곡로 207,공립,false,35.71382296,127.9169681,elem,true,data.go.kr
B000007786,월촌초등학교,9010000,함안군,경상남도함안교육지원청,경상남도 함안군 군북면 월촌3길 27,공립,false,35.2912306,128.3029359,elem,true,data.go.kr
B000007459,월포초등학교,9010000,창원시,경상남도창원교육지원청,경상남도 창원시 마산합포구 월영북15길 35,공립,false,35.18301572,128.5574966,elem,true,data.go.kr
B000007918,위림초등학교,9010000,함양군,경상남도함양교육지원청,경상남도 함양군 함양읍 함양남서로 1234,공립,false,35.5216893,127.7193166,elem,true,data.go.kr
B000007917,위성초등학교,9010000,함양군,경상남도함양교육지원청,경상남도 함양군 함양읍 위성초등길 18,공립,false,35.52364424,127.7320407,elem,true,data.go.kr
B000007939,위천초등학교,9010000,거창군,경상남도거창교육지원청,경상남도 거창군 위천면 창말1길 10,공립,false,35.75214471,127.8287509,elem,true,data.go.kr
B000007777,유곡초등학교,9010000,의령군,경상남도의령교육지원청,경상남도 의령군 유곡면 마장로 6-3,공립,false,35.43339261,128.313406,elem,true,data.go.kr
B000007927,유림초등학교,9010000,함양군,경상남도함양교육지원청,경상남도 함양군 유림면 천왕봉로 2927,공립,false,35.47252104,127.7930744,elem,true,data.go.kr
B000007498,유목초등학교,9010000,창원시,경상남도창원교육지원청,경상남도 창원시 성산구 반송로29번길 15,공립,false,35.24478384,128.6637449,elem,true,data.go.kr
B000007805,유어초등학교,9010000,창녕군,경상남도창녕교육지원청,경상남도 창녕군 유어면 마수원길 39,공립,false,35.50944637,128.4110124,elem,true,data.go.kr
B000007603,유영초등학교,9010000,통영시,경상남도통영교육지원청,경상남도 통영시 중앙로 225,공립,false,34.85139673,128.4262242,elem,true,data.go.kr
B000007791,유원초등학교,9010000,함안군,경상남도함안교육지원청,경상남도 함안군 칠원읍 유원길 37-1,공립,false,35.29777121,128.4963159,elem,true,data.go.kr
B000007852,율천초등학교,9010000,고성군,경상남도고성교육지원청,경상남도 고성군 고성읍 죽계2길 19,공립,false,34.99230783,128.3281799,elem,true,data.go.kr
B000007695,율하초등학교,9010000,김해시,경상남도김해교육지원청,경상남도 김해시 율하2로58번길 7,공립,false,35.17167861,128.8078471,elem,true,data.go.kr
B000024197,은하수초등학교,9010000,진주시,경상남도진주교육지원청,경상남도 진주시 진주역로73번길 7,공립,false,35.15111789,128.1109364,elem,true,data.go.kr
B000007768,의령초등학교,9010000,의령군,경상남도의령교육지원청,경상남도 의령군 의령읍 의병로19길 20,공립,false,35.32222111,128.2607757,elem,true,data.go.kr
B000026952,의창초등학교,9010000,창원시,경상남도창원교육지원청,경상남도 창원시 의창구 중동남로 85,공립,false,35.25371006,128.6295968,elem,true,data.go.kr
B000007874,이동초등학교,9010000,남해군,경상남도남해교육지원청,경상남도 남해군 이동면 무림로 29,공립,false,34.80396274,127.9520549,elem,true,data.go.kr
B000007585,이반성초등학교,9010000,진주시,경상남도진주교육지원청,경상남도 진주시 이반성면 오봉산로 762,공립,false,35.17329962,128.3290479,elem,true,data.go.kr
B000007808,이방초등학교,9010000,창녕군,경상남도창녕교육지원청,경상남도 창녕군 이방면 안리내동길 3,공립,false,35.57775984,128.3864982,elem,true,data.go.kr
B000007807,이방초등학교장천분교장,9010000,창녕군,경상남도창녕교육지원청,경상남도 창녕군 이방면 이방대합로 285,공립,true,35.59958782,128.3746252,elem,true,data.go.kr
B000007700,이북초등학교,9010000,김해시,경상남도김해교육지원청,경상남도 김해시 한림면 한림로 98-9,공립,false,35.30352614,128.8097031,elem,true,data.go.kr
B000007681,이작초등학교,9010000,김해시,경상남도김해교육지원청,경상남도 김해시 생림면 마사로241번길 12,공립,false,35.36068384,128.8370608,elem,true,data.go.kr
B000007600,인평초등학교,9010000,통영시,경상남도통영교육지원청,경상남도 통영시 평인일주로 91-1,공립,false,34.84242728,128.394788,elem,true,data.go.kr
B000007546,일동초등학교,9010000,창원시,경상남도창원교육지원청,경상남도 창원시 의창구 대산면 대산북로 461,공립,false,35.36860322,128.6872942,elem,true,data.go.kr
B000007762,일운초등학교,9010000,거제시,경상남도거제교육지원청,경상남도 거제시 일운면 지세포로 74,공립,false,34.82847429,128.7053678,elem,true,data.go.kr
B000007658,임호초등학교,9010000,김해시,경상남도김해교육지원청,경상남도 김해시 함박로 163,공립,false,35.23377808,128.8695253,elem,true,data.go.kr
B000007535,자여초등학교,9010000,창원시,경상남도창원교육지원청,경상남도 창원시 의창구 동읍 자여로 135,공립,false,35.27284821,128.7056635,elem,true,data.go.kr
B000007515,자은초등학교,9010000,창원시,경상남도창원교육지원청,경상남도 창원시 진해구 자은로88번길 41,공립,false,35.14965907,128.7120764,elem,true,data.go.kr
B000007810,장마초등학교,9010000,창녕군,경상남도창녕교육지원청,경상남도 창녕군 장마면 강리길 61,공립,false,35.45984075,128.4765061,elem,true,data.go.kr
B000007753,장목초등학교,9010000,거제시,경상남도거제교육지원청,경상남도 거제시 장목면 거제북로 1220,공립,false,34.99241634,128.6817414,elem,true,data.go.kr
B000007512,장복초등학교,9010000,창원시,경상남도창원교육지원청,경상남도 창원시 진해구 진해대로728번길 21,공립,false,35.15786437,128.6951594,elem,true,data.go.kr
B000007742,장승포초등학교,9010000,거제시,경상남도거제교육지원청,경상남도 거제시 신부로1길 19,공립,false,34.86987849,128.7288769,elem,true,data.go.kr
B000007683,장유초등학교,9010000,김해시,경상남도김해교육지원청,경상남도 김해시 능동로 190,공립,false,35.20509683,128.8118572,elem,true,data.go.kr
B000024393,장재초등학교,9010000,진주시,경상남도진주교육지원청,경상남도 진주시 초북로 66,공립,false,35.21478631,128.1099306,elem,true,data.go.kr
B000007516,장천초등학교,9010000,창원시,경상남도창원교육지원청,경상남도 창원시 진해구 충장로 719,공립,false,35.12623873,128.7071896,elem,true,data.go.kr
B000007744,장평초등학교,9010000,거제시,경상남도거제교육지원청,경상남도 거제시 장평1로 116,공립,false,34.89369665,128.6080243,elem,true,data.go.kr
B000007889,적량초등학교,9010000,하동군,경상남도하동교육지원청,경상남도 하동군 적량면 금강길 16,공립,false,35.08576662,127.773542,elem,true,data.go.kr
B000007951,적중초등학교,9010000,합천군,경상남도합천교육지원청,경상남도 합천군 적중면 상중부우회길 115,공립,false,35.54620278,128.2814966,elem,true,data.go.kr
B000007526,전안초등학교,9010000,창원시,경상남도창원교육지원청,경상남도 창원시 마산회원구 내서읍 광려로 100,공립,false,35.21797225,128.5020761,elem,true,data.go.kr
B000007774,정곡초등학교,9010000,의령군,경상남도의령교육지원청,경상남도 의령군 정곡면 법정로 937-6,공립,false,35.37981854,128.3246693,elem,true,data.go.kr
B000007641,정동초등학교,9010000,사천시,경상남도사천교육지원청,경상남도 사천시 정동면 대곡1길 25,공립,false,35.05779074,128.1240479,elem,true,data.go.kr
B000007561,정촌초등학교,9010000,진주시,경상남도진주교육지원청,경상남도 진주시 동부로 11,공립,false,35.16077984,128.1082729,elem,true,data.go.kr
B000007735,제산초등학교,9010000,거제시,경상남도거제교육지원청,경상남도 거제시 제산로 70,공립,false,34.88697707,128.6419328,elem,true,data.go.kr
B000022623,제석초등학교,9010000,통영시,경상남도통영교육지원청,경상남도 통영시 광도면 신죽1길 27,공립,false,34.87573861,128.4165397,elem,true,data.go.kr
B000007508,제황초등학교,9010000,창원시,경상남도창원교육지원청,경상남도 창원시 진해구 제황로 32,공립,false,35.14871995,128.6693135,elem,true,data.go.kr
B000007846,좌삼초등학교,9010000,양산시,경상남도양산교육지원청,경상남도 양산시 상북면 수서로 275-16,공립,false,35.44102579,129.0434678,elem,true,data.go.kr
B000007936,주상초등학교,9010000,거창군,경상남도거창교육지원청,경상남도 거창군 주상면 도평1길 60,공립,false,35.74952313,127.9142324,elem,true,data.go.kr
B000007693,주석초등학교,9010000,김해시,경상남도김해교육지원청,경상남도 김해시 월산로 81-36,공립,false,35.20266992,128.8024569,elem,true,data.go.kr
B000007559,주약초등학교,9010000,진주시,경상남도진주교육지원청,경상남도 진주시 천수로 64,공립,false,35.17211514,128.0920596,elem,true,data.go.kr
B000024367,주촌초등학교,9010000,김해시,경상남도김해교육지원청,경상남도 김해시 주촌면 천곡로15번길 13,공립,false,35.23273802,128.8384588,elem,true,data.go.kr
B000007610,죽림초등학교,9010000,통영시,경상남도통영교육지원청,경상남도 통영시 광도면 신죽1길 17,공립,false,34.87681622,128.4168275,elem,true,data.go.kr
B000007746,중곡초등학교,9010000,거제시,경상남도거제교육지원청,경상남도 거제시 중곡로 27,공립,false,34.89450811,128.6293222,elem,true,data.go.kr
B000007475,중동초등학교,9010000,창원시,경상남도창원교육지원청,경상남도 창원시 의창구 의창대로238번길 14,공립,false,35.25948046,128.6234138,elem,true,data.go.kr
B000007530,중리초등학교,9010000,창원시,경상남도창원교육지원청,경상남도 창원시 마산회원구 내서읍 호계안길 22,공립,false,35.25598878,128.5200668,elem,true,data.go.kr
B000007822,중부초등학교,9010000,양산시,경상남도양산교육지원청,경상남도 양산시 양주로 140,공립,false,35.3368242,129.0331402,elem,true,data.go.kr
B000007781,중앙초등학교,9010000,함안군,경상남도함안교육지원청,경상남도 함안군 가야읍 함안대로 746,공립,false,35.2930483,128.4002227,elem,true,data.go.kr
B000024384,증산초등학교,9010000,양산시,경상남도양산교육지원청,경상남도 양산시 물금읍 새실1길 50,공립,false,35.31607424,129.0074452,elem,true,data.go.kr
B000007924,지곡초등학교,9010000,함양군,경상남도함양교육지원청,경상남도 함양군 지곡면 개평길 12,공립,false,35.56614835,127.771522,elem,true,data.go.kr
B000007587,지수초등학교,9010000,진주시,경상남도진주교육지원청,경상남도 진주시 지수면 지사로 806,공립,false,35.23347031,128.252440,elem,true,data.go.kr
B000007776,지정초등학교,9010000,의령군,경상남도의령교육지원청,경상남도 의령군 지정면 함의로4길 5,공립,false,35.38345913,128.387420,elem,true,data.go.kr
B000007878,지족초등학교,9010000,남해군,경상남도남해교육지원청,경상남도 남해군 삼동면 동부대로1858번길 4,공립,false,34.83086351,128.0008435,elem,true,data.go.kr
B000007897,진교초등학교,9010000,하동군,경상남도하동교육지원청,경상남도 하동군 진교면 민다리길 141,공립,false,35.03471276,127.8991729,elem,true,data.go.kr
B000007602,진남초등학교,9010000,통영시,경상남도통영교육지원청,경상남도 통영시 도남로 38,공립,false,34.83310775,128.4090936,elem,true,data.go.kr
B000007538,진동초등학교,9010000,창원시,경상남도창원교육지원청,경상남도 창원시 마산합포구 진동면 삼진의거대로 661-22,공립,false,35.11862978,128.4900974,elem,true,data.go.kr
B000007703,진례초등학교,9010000,김해시,경상남도김해교육지원청,경상남도 김해시 진례면 송현로 74-12,공립,false,35.24774012,128.756134,elem,true,data.go.kr
B000007740,진목초등학교,9010000,거제시,경상남도거제교육지원청,경상남도 거제시 진목1길 101,공립,false,34.90163707,128.6840774,elem,true,data.go.kr
B000007583,진성초등학교,9010000,진주시,경상남도진주교육지원청,경상남도 진주시 진성면 진성로355번길 10,공립,false,35.17030711,128.2246874,elem,true,data.go.kr
B000007678,진영금병초등학교,9010000,김해시,경상남도김해교육지원청,경상남도 김해시 진영읍 장등로 37,공립,false,35.30970084,128.7347751,elem,true,data.go.kr
B000007677,진영대창초등학교,9010000,김해시,경상남도김해교육지원청,경상남도 김해시 진영읍 진영로 236,공립,false,35.30127033,128.7397152,elem,true,data.go.kr
B000007679,진영대흥초등학교,9010000,김해시,경상남도김해교육지원청,경상남도 김해시 진영읍 진영로120번길 2-4,공립,false,35.30400633,128.7253477,elem,true,data.go.kr
B000030439,진영장등초등학교,9010000,김해시,경상남도김해교육지원청,경상남도 김해시 진영읍 장등로 120,공립,false,35.31261423,128.7307199,elem,true,data.go.kr
B000024358,진영중앙초등학교,9010000,김해시,경상남도김해교육지원청,경상남도 김해시 진영읍 장등로19번길 73,공립,false,35.3092383,128.726664,elem,true,data.go.kr
B000007540,진전초등학교,9010000,창원시,경상남도창원교육지원청,경상남도 창원시 마산합포구 진전면 팔의사로 727,공립,false,35.11022237,128.4150907,elem,true,data.go.kr
B000007898,진정초등학교,9010000,하동군,경상남도하동교육지원청,경상남도 하동군 금남면 진정1길 10,공립,false,34.98533696,127.8246193,elem,true,data.go.kr
B000007554,진주교육대학교부설초등학교,9010000,진주시,경상남도진주교육지원청,경상남도 진주시 진양호로369번길 3,국립,false,35.18582508,128.0679281,elem,true,data.go.kr
B000007555,진주초등학교,9010000,진주시,경상남도진주교육지원청,경상남도 진주시 진주성로24번길 7,공립,false,35.19342956,128.0783609,elem,true,data.go.kr
B000007507,진해남산초등학교,9010000,창원시,경상남도창원교육지원청,경상남도 창원시 진해구 태평로37번길 17,공립,false,35.14784036,128.6633177,elem,true,data.go.kr
B000024101,진해냉천초등학교,9010000,창원시,경상남도창원교육지원청,경상남도 창원시 진해구 냉천로 205,공립,false,35.1564539,128.7183283,elem,true,data.go.kr
B000024189,진해신항초등학교,9010000,창원시,경상남도창원교육지원청,경상남도 창원시 진해구 신항동로 158,공립,false,35.08961489,128.8107118,elem,true,data.go.kr
B000007509,진해중앙초등학교,9010000,창원시,경상남도창원교육지원청,경상남도 창원시 진해구 태백서로14번길 23,공립,false,35.15542082,128.6754726,elem,true,data.go.kr
B000007591,집현초등학교,9010000,진주시,경상남도진주교육지원청,경상남도 진주시 집현면 지내길 271,공립,false,35.24215242,128.0927587,elem,true,data.go.kr
B000007905,차황초등학교,9010000,산청군,경상남도산청교육지원청,경상남도 산청군 차황면 친환경로 3575,공립,false,35.46392402,127.927705,elem,true,data.go.kr
B000007931,창남초등학교,9010000,거창군,경상남도거창교육지원청,경상남도 거창군 거창읍 거함대로4길 24,공립,false,35.68308147,127.9166304,elem,true,data.go.kr
B000007817,창녕성산초등학교,9010000,창녕군,경상남도창녕교육지원청,경상남도 창녕군 성산면 중고개길 24-7,공립,false,35.62384866,128.4780781,elem,true,data.go.kr
B000007802,창녕초등학교,9010000,창녕군,경상남도창녕교육지원청,경상남도 창녕군 창녕읍 남창녕로 62,공립,false,35.5368491,128.502002,elem,true,data.go.kr
B000007930,창동초등학교,9010000,거창군,경상남도거창교육지원청,경상남도 거창군 거창읍 동동1길 42,공립,false,35.68987659,127.922233,elem,true,data.go.kr
B000007879,창선초등학교,9010000,남해군,경상남도남해교육지원청,경상남도 남해군 창선면 창선로97번길 16,공립,false,34.85818089,128.0098495,elem,true,data.go.kr
B000007492,창원남산초등학교,9010000,창원시,경상남도창원교육지원청,경상남도 창원시 성산구 가음로83번길 7,공립,false,35.20593325,128.7045163,elem,true,data.go.kr
B000007503,창원상남초등학교,9010000,창원시,경상남도창원교육지원청,경상남도 창원시 성산구 토월로 140,공립,false,35.22158721,128.6894705,elem,true,data.go.kr
B000007483,창원신월초등학교,9010000,창원시,경상남도창원교육지원청,경상남도 창원시 성산구 신월로72번길 12,공립,false,35.22576279,128.6931512,elem,true,data.go.kr
B000007474,창원초등학교,9010000,창원시,경상남도창원교육지원청,경상남도 창원시 의창구 읍성로 5-1,공립,false,35.26563495,128.6197066,elem,true,data.go.kr
B000024151,창원한들초등학교,9010000,창원시,경상남도창원교육지원청,경상남도 창원시 의창구 소봉로 43,공립,false,35.25375052,128.6685605,elem,true,data.go.kr
B000007765,창호초등학교,9010000,거제시,경상남도거제교육지원청,경상남도 거제시 사등면 가조로 1281-16,공립,false,34.95564576,128.5204496,elem,true,data.go.kr
B000007833,천성초등학교,9010000,양산시,경상남도양산교육지원청,경상남도 양산시 배움터길 28,공립,false,35.37871955,129.1445863,elem,true,data.go.kr
B000007574,천전초등학교,9010000,진주시,경상남도진주교육지원청,경상남도 진주시 진주대로954번길 24,공립,false,35.18551147,128.0910377,elem,true,data.go.kr
B000024396,철성초등학교,9010000,고성군,경상남도고성교육지원청,경상남도 고성군 고성읍 월평로 11,공립,false,34.95781352,128.3422377,elem,true,data.go.kr
B000007953,청덕초등학교,9010000,합천군,경상남도합천교육지원청,경상남도 합천군 청덕면 송기2길 16,공립,false,35.55697375,128.3153144,elem,true,data.go.kr
B000007724,청도초등학교,9010000,밀양시,경상남도밀양교육지원청,경상남도 밀양시 청도면 두곡4길 13,공립,false,35.55066839,128.6242272,elem,true,data.go.kr
B000007950,초계초등학교,9010000,합천군,경상남도합천교육지원청,경상남도 합천군 초계면 초계중앙로 33-6,공립,false,35.55980242,128.263608,elem,true,data.go.kr
B000007965,초계초등학교덕곡분교장,9010000,합천군,경상남도합천교육지원청,경상남도 합천군 덕곡면 오광대로 711,공립,true,35.62942312,128.3210491,elem,true,data.go.kr
B000007726,초동초등학교,9010000,밀양시,경상남도밀양교육지원청,경상남도 밀양시 초동면 초동로 321,공립,false,35.4121376,128.6909039,elem,true,data.go.kr
B000007563,초전초등학교,9010000,진주시,경상남도진주교육지원청,경상남도 진주시 초전북로62번길 9,공립,false,35.20787261,128.1144688,elem,true,data.go.kr
B000007571,촉석초등학교,9010000,진주시,경상남도진주교육지원청,경상남도 진주시 평거로 259,공립,false,35.19029789,128.0623635,elem,true,data.go.kr
B000007637,축동초등학교,9010000,사천시,경상남도사천교육지원청,경상남도 사천시 축동면 운계길 59-20,공립,false,35.10779206,128.0906241,elem,true,data.go.kr
B000007596,충렬초등학교,9010000,통영시,경상남도통영교육지원청,경상남도 통영시 여황로 249,공립,false,34.84759683,128.4164652,elem,true,data.go.kr
B000024413,충무공초등학교,9010000,진주시,경상남도진주교육지원청,경상남도 진주시 사들로 70,공립,false,35.17347544,128.150002,elem,true,data.go.kr
B000007604,충무초등학교,9010000,통영시,경상남도통영교육지원청,경상남도 통영시 비석2길 24,공립,false,34.84838052,128.4303429,elem,true,data.go.kr
B000007771,칠곡초등학교,9010000,의령군,경상남도의령교육지원청,경상남도 의령군 칠곡면 칠곡로 59,공립,false,35.34116838,128.195675,elem,true,data.go.kr
B000007661,칠산초등학교,9010000,김해시,경상남도김해교육지원청,경상남도 김해시 칠산로413번길 16-2,공립,false,35.21001649,128.8515415,elem,true,data.go.kr
B000007796,칠서초등학교,9010000,함안군,경상남도함안교육지원청,경상남도 함안군 칠서면 청계2길 9,공립,false,35.33203612,128.4982877,elem,true,data.go.kr
B000007800,칠서초등학교이룡분교장,9010000,함안군,경상남도함안교육지원청,경상남도 함안군 칠서면 삼칠로 1335,공립,true,35.38759896,128.5056421,elem,true,data.go.kr
B000007792,칠원초등학교,9010000,함안군,경상남도함안교육지원청,경상남도 함안군 칠원읍 성내길 32,공립,false,35.30638389,128.5193031,elem,true,data.go.kr
B000007763,칠천초등학교,9010000,거제시,경상남도거제교육지원청,경상남도 거제시 하청면 칠천로 372,공립,false,34.98422779,128.6247838,elem,true,data.go.kr
B000007719,태룡초등학교,9010000,밀양시,경상남도밀양교육지원청,경상남도 밀양시 단장면 국전로 15-8,공립,false,35.51436449,128.8758479,elem,true,data.go.kr
B000007499,토월초등학교,9010000,창원시,경상남도창원교육지원청,경상남도 창원시 성산구 비음로4번길 33-11,공립,false,35.22742263,128.6985448,elem,true,data.go.kr
B000007601,통영초등학교,9010000,통영시,경상남도통영교육지원청,경상남도 통영시 무전3길 57,공립,false,34.86305562,128.4250064,elem,true,data.go.kr
B000007452,팔룡초등학교,9010000,창원시,경상남도창원교육지원청,경상남도 창원시 마산회원구 학교단지로 31,공립,false,35.24223175,128.5939532,elem,true,data.go.kr
B000007575,평거초등학교,9010000,진주시,경상남도진주교육지원청,경상남도 진주시 진양호로51번길 16,공립,false,35.16902176,128.045705,elem,true,data.go.kr
B000007485,평산초등학교,9010000,창원시,경상남도창원교육지원청,경상남도 창원시 의창구 사화로104번길 17,공립,false,35.25083296,128.616710,elem,true,data.go.kr
B000007835,평산초등학교,9010000,양산시,경상남도양산교육지원청,경상남도 양산시 평산중앙5길 11,공립,false,35.3869197,129.1544436,elem,true,data.go.kr
B000007513,풍호초등학교,9010000,창원시,경상남도창원교육지원청,경상남도 창원시 진해구 풍호로 80,공립,false,35.13943503,128.710545,elem,true,data.go.kr
B000007885,하동초등학교,9010000,하동군,경상남도하동교육지원청,경상남도 하동군 하동읍 남당길 47,공립,false,35.06692842,127.7476853,elem,true,data.go.kr
B000007850,하북초등학교,9010000,양산시,경상남도양산교육지원청,경상남도 양산시 하북면 신평로 2,공립,false,35.48995828,129.0884935,elem,true,data.go.kr
B000007539,하북초등학교,9010000,창원시,경상남도창원교육지원청,경상남도 창원시 마산합포구 진북면 지산5길 36,공립,false,35.11618318,128.4697599,elem,true,data.go.kr
B000007864,하이초등학교,9010000,고성군,경상남도고성교육지원청,경상남도 고성군 하이면 남일로 423,공립,false,34.9295614,128.121671,elem,true,data.go.kr
B000007863,하일초등학교,9010000,고성군,경상남도고성교육지원청,경상남도 고성군 하일면 학림2길 70-15,공립,false,34.94603934,128.1899351,elem,true,data.go.kr
B000007550,하천초등학교,9010000,창원시,경상남도창원교육지원청,경상남도 창원시 의창구 북면 하천로 145,공립,false,35.36926399,128.6046833,elem,true,data.go.kr
B000007752,하청초등학교,9010000,거제시,경상남도거제교육지원청,경상남도 거제시 하청면 하청로 22,공립,false,34.95639742,128.6553746,elem,true,data.go.kr
B000007599,한려초등학교,9010000,통영시,경상남도통영교육지원청,경상남도 통영시 데메4길 50,공립,false,34.82727303,128.4211386,elem,true,data.go.kr
B000007701,한림초등학교,9010000,김해시,경상남도김해교육지원청,경상남도 김해시 한림면 한림로371번길 47,공립,false,35.32407723,128.7986611,elem,true,data.go.kr
B000024882,한산초등학교,9010000,통영시,경상남도통영교육지원청,경상남도 통영시 한산면 한산일주로 850-2,공립,false,34.76829335,128.5076295,elem,true,data.go.kr
B000007784,함안초등학교,9010000,함안군,경상남도함안교육지원청,경상남도 함안군 함안면 함안대로 97,공립,false,35.24096191,128.4208815,elem,true,data.go.kr
B000007919,함양초등학교,9010000,함양군,경상남도함양교육지원청,경상남도 함양군 함양읍 고운로 43,공립,false,35.52102041,127.7267985,elem,true,data.go.kr
B000007453,합성초등학교,9010000,창원시,경상남도창원교육지원청,경상남도 창원시 마산회원구 합성북16길 75,공립,false,35.24278276,128.5819015,elem,true,data.go.kr
B000026503,합천가야초등학교,9010000,합천군,경상남도합천교육지원청,경상남도 합천군 가야면 가조가야로 2863,공립,false,35.7574382,128.1353491,elem,true,data.go.kr
B000007948,합천초등학교,9010000,합천군,경상남도합천교육지원청,경상남도 합천군 합천읍 죽죽길 3,공립,false,35.56501949,128.1644538,elem,true,data.go.kr
B000007464,합포초등학교,9010000,창원시,경상남도창원교육지원청,경상남도 창원시 마산합포구 허당로 73,공립,false,35.21233241,128.5841074,elem,true,data.go.kr
B000007872,해양초등학교,9010000,남해군,경상남도남해교육지원청,경상남도 남해군 남해읍 화전로 25,공립,false,34.83414511,127.8951901,elem,true,data.go.kr
B000007467,해운초등학교,9010000,창원시,경상남도창원교육지원청,경상남도 창원시 마산합포구 월영남로 24,공립,false,35.17620554,128.5578346,elem,true,data.go.kr
B000024417,현동초등학교,9010000,창원시,경상남도창원교육지원청,경상남도 창원시 마산합포구 현동6길 12,공립,false,35.1469695,128.5565283,elem,true,data.go.kr
B000007531,호계초등학교,9010000,창원시,경상남도창원교육지원청,경상남도 창원시 마산회원구 내서읍 광려천북로 182,공립,false,35.26562301,128.5228101,elem,true,data.go.kr
B000007794,호암초등학교,9010000,함안군,경상남도함안교육지원청,경상남도 함안군 칠원읍 호암길 30,공립,false,35.27407163,128.5209706,elem,true,data.go.kr
B000007888,화개초등학교,9010000,하동군,경상남도하동교육지원청,경상남도 하동군 화개면 화개로 139,공립,false,35.19928811,127.6283246,elem,true,data.go.kr
B000007903,화개초등학교왕성분교장,9010000,하동군,경상남도하동교육지원청,경상남도 하동군 화개면 화개로 967,공립,true,35.26366168,127.6387961,elem,true,data.go.kr
B000007534,화양초등학교,9010000,창원시,경상남도창원교육지원청,경상남도 창원시 의창구 동읍 백월로 524,공립,false,35.30562566,128.6520009,elem,true,data.go.kr
B000007769,화정초등학교,9010000,의령군,경상남도의령교육지원청,경상남도 의령군 화정면 화정로 314,공립,false,35.27681531,128.2112171,elem,true,data.go.kr
B000007656,화정초등학교,9010000,김해시,경상남도김해교육지원청,경상남도 김해시 삼계중앙로5번길 24,공립,false,35.26302063,128.8655039,elem,true,data.go.kr
B000007844,화제초등학교,9010000,양산시,경상남도양산교육지원청,경상남도 양산시 원동면 화제로 399-29,공립,false,35.35113202,128.9794136,elem,true,data.go.kr
B000007841,황산초등학교,9010000,양산시,경상남도양산교육지원청,경상남도 양산시 물금읍 화합5길 12,공립,false,35.3312217,129.0094393,elem,true,data.go.kr
B000024110,회야초등학교,9010000,양산시,경상남도양산교육지원청,경상남도 양산시 신덕계8길 58,공립,false,35.37390833,129.1604283,elem,true,data.go.kr
B000007454,회원초등학교,9010000,창원시,경상남도창원교육지원청,경상남도 창원시 마산회원구 회원남로 51,공립,false,35.21982858,128.5667167,elem,true,data.go.kr
B000007856,회화초등학교,9010000,고성군,경상남도고성교육지원청,경상남도 고성군 회화면 배둔로 95,공립,false,35.06218385,128.3737192,elem,true,data.go.kr
B000007890,횡천초등학교,9010000,하동군,경상남도하동교육지원청,경상남도 하동군 횡천면 경서대로 1117,공립,false,35.11095536,127.8080579,elem,true,data.go.kr
B000008076,가마초등학교,9290000,서귀포시,제주특별자치도서귀포시교육지원청,제주특별자치도 서귀포시 표선면 일주동로6285번길 8,공립,false,33.30594577,126.7994893,elem,true,data.go.kr
B000008044,강정초등학교,9290000,서귀포시,제주특별자치도서귀포시교육지원청,제주특별자치도 서귀포시 말질로 188,공립,false,33.23500897,126.4786657,elem,true,data.go.kr
B000008031,고산초등학교,9290000,제주시,제주특별자치도제주시교육지원청,제주특별자치도 제주시 한경면 고산로1길 16,공립,false,33.30452697,126.1768735,elem,true,data.go.kr
B000008000,곽금초등학교,9290000,제주시,제주특별자치도제주시교육지원청,제주특별자치도 제주시 애월읍 일주서로 6000,공립,false,33.44712742,126.3071662,elem,true,data.go.kr
B000008001,광령초등학교,9290000,제주시,제주특별자치도제주시교육지원청,제주특별자치도 제주시 애월읍 광성로 276,공립,false,33.45925786,126.4362287,elem,true,data.go.kr
B000007993,광양초등학교,9290000,제주시,제주특별자치도제주시교육지원청,제주특별자치도 제주시 돈내길 5,공립,false,33.50251511,126.5301971,elem,true,data.go.kr
B000008002,구엄초등학교,9290000,제주시,제주특별자치도제주시교육지원청,제주특별자치도 제주시 애월읍 일주서로 6768,공립,false,33.47355827,126.3752767,elem,true,data.go.kr
B000008022,구좌중앙초등학교,9290000,제주시,제주특별자치도제주시교육지원청,제주특별자치도 제주시 구좌읍 월정7길 1,공립,false,33.55208708,126.7981005,elem,true,data.go.kr
B000008009,귀덕초등학교,9290000,제주시,제주특별자치도제주시교육지원청,제주특별자치도 제주시 한림읍 귀덕14길 14-5,공립,false,33.44183667,126.2931608,elem,true,data.go.kr
B000008010,금악초등학교,9290000,제주시,제주특별자치도제주시교육지원청,제주특별자치도 제주시 한림읍 금악남2길 1,공립,false,33.35664546,126.2963556,elem,true,data.go.kr
B000008019,김녕초등학교,9290000,제주시,제주특별자치도제주시교육지원청,제주특별자치도 제주시 구좌읍 김녕로 117,공립,false,33.55488251,126.7499135,elem,true,data.go.kr
B000008030,김녕초등학교동복분교장,9290000,제주시,제주특별자치도제주시교육지원청,제주특별자치도 제주시 구좌읍 동복로 66-5,공립,true,33.55240328,126.7135735,elem,true,data.go.kr
B000007999,남광초등학교,9290000,제주시,제주특별자치도제주시교육지원청,제주특별자치도 제주시 남광로 28,공립,false,33.49311656,126.5395938,elem,true,data.go.kr
B000008066,남원초등학교,9290000,서귀포시,제주특별자치도서귀포시교육지원청,제주특별자치도 서귀포시 남원읍 태위로 647,공립,false,33.27898087,126.7152073,elem,true,data.go.kr
B000008003,납읍초등학교,9290000,제주시,제주특별자치도제주시교육지원청,제주특별자치도 제주시 애월읍 납읍로2길 47,공립,false,33.4354432,126.3306486,elem,true,data.go.kr
B000007984,노형초등학교,9290000,제주시,제주특별자치도제주시교육지원청,제주특별자치도 제주시 노형로 383,공립,false,33.48488083,126.4765606,elem,true,data.go.kr
B000008063,대정서초등학교,9290000,서귀포시,제주특별자치도서귀포시교육지원청,제주특별자치도 서귀포시 대정읍 동일하모로 43,공립,false,33.23207825,126.2395591,elem,true,data.go.kr
B000008065,대정초등학교,9290000,서귀포시,제주특별자치도서귀포시교육지원청,제주특별자치도 서귀포시 대정읍 상모대서로 15,공립,false,33.22559249,126.2556877,elem,true,data.go.kr
B000008083,대정초등학교가파분교장,9290000,서귀포시,제주특별자치도서귀포시교육지원청,제주특별자치도 서귀포시 대정읍 가파로67번길 45,공립,false,33.16918665,126.2698834,elem,true,data.go.kr
B000008014,대흘초등학교,9290000,제주시,제주특별자치도제주시교육지원청,제주특별자치도 제주시 조천읍 중산간동로 677,공립,false,33.49959967,126.6577719,elem,true,data.go.kr
B000008027,더럭초등학교,9290000,제주시,제주특별자치도제주시교육지원청,제주특별자치도 제주시 애월읍 하가로 195,공립,false,33.45359494,126.3451713,elem,true,data.go.kr
B000008079,덕수초등학교,9290000,서귀포시,제주특별자치도서귀포시교육지원청,제주특별자치도 서귀포시 안덕면 덕수서로 10,공립,false,33.25195977,126.3042902,elem,true,data.go.kr
B000007985,도남초등학교,9290000,제주시,제주특별자치도제주시교육지원청,제주특별자치도 제주시 도남로8길 22,공립,false,33.4931687,126.5261625,elem,true,data.go.kr
B000024576,도련초등학교,9290000,제주시,제주특별자치도제주시교육지원청,제주특별자치도 제주시 화삼로 104,공립,false,33.51379157,126.5839871,elem,true,data.go.kr
B000007980,도리초등학교,9290000,제주시,제주특별자치도제주시교육지원청,제주특별자치도 제주시 도리로 129,공립,false,33.50185617,126.4654959,elem,true,data.go.kr
B000008045,도순초등학교,9290000,서귀포시,제주특별자치도서귀포시교육지원청,제주특별자치도 서귀포시 도순남로 83,공립,false,33.2475799,126.477227,elem,true,data.go.kr
B000007979,도평초등학교,9290000,제주시,제주특별자치도제주시교육지원청,제주특별자치도 제주시 도평길 17,공립,false,33.48082926,126.4467736,elem,true,data.go.kr
B000007994,동광초등학교,9290000,제주시,제주특별자치도제주시교육지원청,제주특별자치도 제주시 태성로 6,공립,false,33.50173412,126.5471421,elem,true,data.go.kr
B000008055,동남초등학교,9290000,서귀포시,제주특별자치도서귀포시교육지원청,제주특별자치도 서귀포시 성산읍 고성오조로 55,공립,false,33.4493879,126.9140525,elem,true,data.go.kr
B000008046,동홍초등학교,9290000,서귀포시,제주특별자치도서귀포시교육지원청,제주특별자치도 서귀포시 동홍북로 17,공립,false,33.26064367,126.5697459,elem,true,data.go.kr
B000007997,동화초등학교,9290000,제주시,제주특별자치도제주시교육지원청,제주특별자치도 제주시 동화로1길 44,공립,false,33.51852927,126.5757566,elem,true,data.go.kr
B000008064,무릉초등학교,9290000,서귀포시,제주특별자치도서귀포시교육지원청,제주특별자치도 서귀포시 대정읍 서삼중로 106,공립,false,33.27282519,126.2014269,elem,true,data.go.kr
B000008005,물메초등학교,9290000,제주시,제주특별자치도제주시교육지원청,제주특별자치도 제주시 애월읍 엄수로 202-4,공립,false,33.46618837,126.3914319,elem,true,data.go.kr
B000007998,백록초등학교,9290000,제주시,제주특별자치도제주시교육지원청,제주특별자치도 제주시 정존5길 62,공립,false,33.48710078,126.4702267,elem,true,data.go.kr
B000008041,법환초등학교,9290000,서귀포시,제주특별자치도서귀포시교육지원청,제주특별자치도 서귀포시 이어도로 879,공립,false,33.23773943,126.5088334,elem,true,data.go.kr
B000008039,보목초등학교,9290000,서귀포시,제주특별자치도서귀포시교육지원청,제주특별자치도 서귀포시 마소물로8번길 9,공립,false,33.24504279,126.5996175,elem,true,data.go.kr
B000008062,보성초등학교,9290000,서귀포시,제주특별자치도서귀포시교육지원청,제주특별자치도 서귀포시 대정읍 추사로55번길 6-1,공립,false,33.24993808,126.2758247,elem,true,data.go.kr
B000007973,봉개초등학교,9290000,제주시,제주특별자치도제주시교육지원청,제주특별자치도 제주시 번영로 484,공립,false,33.49003135,126.5938134,elem,true,data.go.kr
B000008018,북촌초등학교,9290000,제주시,제주특별자치도제주시교육지원청,제주특별자치도 제주시 조천읍 일주동로 1481,공립,false,33.54793526,126.6913627,elem,true,data.go.kr
B000008080,사계초등학교,9290000,서귀포시,제주특별자치도서귀포시교육지원청,제주특별자치도 서귀포시 안덕면 산방로 346,공립,false,33.23373681,126.3001334,elem,true,data.go.kr
B000007970,삼성초등학교,9290000,제주시,제주특별자치도제주시교육지원청,제주특별자치도 제주시 서광로29길 35,공립,false,33.50346053,126.5248832,elem,true,data.go.kr
B000007972,삼양초등학교,9290000,제주시,제주특별자치도제주시교육지원청,제주특별자치도 제주시 지석14길 7,공립,false,33.52085913,126.5858906,elem,true,data.go.kr
B000024575,삼화초등학교,9290000,제주시,제주특별자치도제주시교육지원청,제주특별자치도 제주시 화삼북로2길 27,공립,false,33.51522409,126.577005,elem,true,data.go.kr
B000008049,새서귀초등학교,9290000,서귀포시,제주특별자치도서귀포시교육지원청,제주특별자치도 서귀포시 신서귀로76번길 6-3,공립,false,33.25667725,126.5133114,elem,true,data.go.kr
B000008081,서광초등학교,9290000,서귀포시,제주특별자치도서귀포시교육지원청,제주특별자치도 서귀포시 안덕면 중산간서로 1842,공립,false,33.2883923,126.3263777,elem,true,data.go.kr
B000008050,서귀북초등학교,9290000,서귀포시,제주특별자치도서귀포시교육지원청,제주특별자치도 서귀포시 중앙로 175,공립,false,33.26026985,126.5582756,elem,true,data.go.kr
B000008051,서귀서초등학교,9290000,서귀포시,제주특별자치도서귀포시교육지원청,제주특별자치도 서귀포시 솜반천로 38,공립,false,33.25432127,126.5560258,elem,true,data.go.kr
B000008048,서귀중앙초등학교,9290000,서귀포시,제주특별자치도서귀포시교육지원청,제주특별자치도 서귀포시 동문동로 54,공립,false,33.25250801,126.5643137,elem,true,data.go.kr
B000008047,서귀포초등학교,9290000,서귀포시,제주특별자치도서귀포시교육지원청,제주특별자치도 서귀포시 솔동산로11번길 17,공립,false,33.24450481,126.5665408,elem,true,data.go.kr
B000008054,서호초등학교,9290000,서귀포시,제주특별자치도서귀포시교육지원청,제주특별자치도 서귀포시 호근남로 40,공립,false,33.25378497,126.5285133,elem,true,data.go.kr
B000008029,선흘초등학교,9290000,제주시,제주특별자치도제주시교육지원청,제주특별자치도 제주시 조천읍 선흘동1길 41,공립,false,33.51505511,126.7046052,elem,true,data.go.kr
B000008058,성산초등학교,9290000,서귀포시,제주특별자치도서귀포시교육지원청,제주특별자치도 서귀포시 성산읍 한도로 217,공립,false,33.4683629,126.931864,elem,true,data.go.kr
B000008074,성읍초등학교,9290000,서귀포시,제주특별자치도서귀포시교육지원청,제주특별자치도 서귀포시 표선면 성읍민속로 65,공립,false,33.38427482,126.7985093,elem,true,data.go.kr
B000027295,세인트존스베리 아카데미 제주,9290000,서귀포시,제주특별자치도서귀포시교육지원청,제주특별자치도 서귀포시 대정읍 글로벌에듀로304번길 10,사립,true,33.28529333,126.2843128,elem,true,data.go.kr
B000008020,세화초등학교,9290000,제주시,제주특별자치도제주시교육지원청,제주특별자치도 제주시 구좌읍 구좌로 65,공립,false,33.52273262,126.8589201,elem,true,data.go.kr
B000008025,송당초등학교,9290000,제주시,제주특별자치도제주시교육지원청,제주특별자치도 제주시 구좌읍 중산간동로 2218-3,공립,false,33.47090122,126.7811144,elem,true,data.go.kr
B000008056,수산초등학교,9290000,서귀포시,제주특별자치도서귀포시교육지원청,제주특별자치도 서귀포시 성산읍 수시로 9,공립,false,33.44710826,126.8848955,elem,true,data.go.kr
B000008011,수원초등학교,9290000,제주시,제주특별자치도제주시교육지원청,제주특별자치도 제주시 한림읍 한림로 822,공립,false,33.42609303,126.2700998,elem,true,data.go.kr
B000008057,시흥초등학교,9290000,서귀포시,제주특별자치도서귀포시교육지원청,제주특별자치도 서귀포시 성산읍 시흥상동로 113,공립,false,33.47972349,126.8949188,elem,true,data.go.kr
B000007990,신광초등학교,9290000,제주시,제주특별자치도제주시교육지원청,제주특별자치도 제주시 성신로 25,공립,false,33.49206857,126.4836685,elem,true,data.go.kr
B000008069,신례초등학교,9290000,서귀포시,제주특별자치도서귀포시교육지원청,제주특별자치도 서귀포시 남원읍 중산간동로 7116,공립,false,33.28468832,126.6317123,elem,true,data.go.kr
B000008059,신산초등학교,9290000,서귀포시,제주특별자치도서귀포시교육지원청,제주특별자치도 서귀포시 성산읍 일주동로 5104,공립,false,33.38162137,126.8755684,elem,true,data.go.kr
B000007989,신제주초등학교,9290000,제주시,제주특별자치도제주시교육지원청,제주특별자치도 제주시 비월길 29,공립,false,33.4829105,126.4978125,elem,true,data.go.kr
B000008032,신창초등학교,9290000,제주시,제주특별자치도제주시교육지원청,제주특별자치도 제주시 한경면 두신로 72,공립,false,33.34898229,126.1851933,elem,true,data.go.kr
B000008015,신촌초등학교,9290000,제주시,제주특별자치도제주시교육지원청,제주특별자치도 제주시 조천읍 신북로 51,공립,false,33.53447338,126.6195153,elem,true,data.go.kr
B000007974,아라초등학교,9290000,제주시,제주특별자치도제주시교육지원청,제주특별자치도 제주시 중앙로 518,공립,false,33.47725479,126.5437398,elem,true,data.go.kr
B000008082,안덕초등학교,9290000,서귀포시,제주특별자치도서귀포시교육지원청,제주특별자치도 서귀포시 안덕면 화순로56번길 32,공립,false,33.25026576,126.3367729,elem,true,data.go.kr
B000008006,애월초등학교,9290000,제주시,제주특별자치도제주시교육지원청,제주특별자치도 제주시 애월읍 애월로 139-10,공립,false,33.46548949,126.3224061,elem,true,data.go.kr
B000008004,어도초등학교,9290000,제주시,제주특별자치도제주시교육지원청,제주특별자치도 제주시 애월읍 봉성로 76,공립,false,33.42019297,126.3131765,elem,true,data.go.kr
B000007975,영평초등학교,9290000,제주시,제주특별자치도제주시교육지원청,제주특별자치도 제주시 아봉로 225,공립,false,33.47871171,126.5674875,elem,true,data.go.kr
B000008042,예래초등학교,9290000,서귀포시,제주특별자치도서귀포시교육지원청,제주특별자치도 서귀포시 예래로 210-14,공립,false,33.24574733,126.3915555,elem,true,data.go.kr
B000007976,오라초등학교,9290000,제주시,제주특별자치도제주시교육지원청,제주특별자치도 제주시 연사길 48,공립,false,33.48926553,126.5138529,elem,true,data.go.kr
B000008061,온평초등학교,9290000,서귀포시,제주특별자치도서귀포시교육지원청,제주특별자치도 서귀포시 성산읍 일주동로 4740,공립,false,33.40844659,126.8972158,elem,true,data.go.kr
B000007977,외도초등학교,9290000,제주시,제주특별자치도제주시교육지원청,제주특별자치도 제주시 일주서로 7368,공립,false,33.49246577,126.4346988,elem,true,data.go.kr
B000008035,우도초등학교,9290000,제주시,제주특별자치도제주시교육지원청,제주특별자치도 제주시 우도면 우도로 156-11,공립,false,33.50514824,126.9554325,elem,true,data.go.kr
B000007983,월랑초등학교,9290000,제주시,제주특별자치도제주시교육지원청,제주특별자치도 제주시 남녕로 63,공립,false,33.49312138,126.4784428,elem,true,data.go.kr
B000008070,위미초등학교,9290000,서귀포시,제주특별자치도서귀포시교육지원청,제주특별자치도 서귀포시 남원읍 태위로 57,공립,false,33.27410633,126.6528271,elem,true,data.go.kr
B000008068,의귀초등학교,9290000,서귀포시,제주특별자치도서귀포시교육지원청,제주특별자치도 서귀포시 남원읍 한신로 213,공립,false,33.31111895,126.714628,elem,true,data.go.kr
B000007967,이도초등학교,9290000,제주시,제주특별자치도제주시교육지원청,제주특별자치도 제주시 구남동2길 58,공립,false,33.48789867,126.5321344,elem,true,data.go.kr
B000007995,인화초등학교,9290000,제주시,제주특별자치도제주시교육지원청,제주특별자치도 제주시 신산로15길 35,공립,false,33.50699122,126.5377495,elem,true,data.go.kr
B000007996,일도초등학교,9290000,제주시,제주특별자치도제주시교육지원청,제주특별자치도 제주시 삼성로9길 27,공립,false,33.50907824,126.5294157,elem,true,data.go.kr
B000008007,장전초등학교,9290000,제주시,제주특별자치도제주시교육지원청,제주특별자치도 제주시 애월읍 장전로 122,공립,false,33.44939437,126.3907374,elem,true,data.go.kr
B000008013,재릉초등학교,9290000,제주시,제주특별자치도제주시교육지원청,제주특별자치도 제주시 한림읍 한림로 288-18,공립,false,33.38866901,126.2383722,elem,true,data.go.kr
B000008033,저청초등학교,9290000,제주시,제주특별자치도제주시교육지원청,제주특별자치도 제주시 한경면 중산간서로 3591,공립,false,33.32627333,126.2512136,elem,true,data.go.kr
B000007987,제주남초등학교,9290000,제주시,제주특별자치도제주시교육지원청,제주특별자치도 제주시 남성로 149,공립,false,33.50996313,126.5211755,elem,true,data.go.kr
B000007969,제주대학교교육대학부설초등학교,9290000,제주시,제주특별자치도제주시교육지원청,제주특별자치도 제주시 일주동로 61,국립,false,33.51393117,126.5522692,elem,true,data.go.kr
B000007981,제주동초등학교,9290000,제주시,제주특별자치도제주시교육지원청,제주특별자치도 제주시 동문로 65,공립,false,33.51390064,126.5341722,elem,true,data.go.kr
B000007986,제주북초등학교,9290000,제주시,제주특별자치도제주시교육지원청,제주특별자치도 제주시 중앙로8길 18,공립,false,33.51499283,126.5213837,elem,true,data.go.kr
B000007992,제주서초등학교,9290000,제주시,제주특별자치도제주시교육지원청,제주특별자치도 제주시 성화로6길 51,공립,false,33.51148514,126.5096832,elem,true,data.go.kr
B000007988,제주중앙초등학교,9290000,제주시,제주특별자치도제주시교육지원청,제주특별자치도 제주시 서사로18길 40,공립,false,33.50258332,126.5150136,elem,true,data.go.kr
B000008016,조천초등학교,9290000,제주시,제주특별자치도제주시교육지원청,제주특별자치도 제주시 조천읍 신북로 195,공립,false,33.53565426,126.6343499,elem,true,data.go.kr
B000008028,조천초등학교교래분교장,9290000,제주시,제주특별자치도제주시교육지원청,제주특별자치도 제주시 조천읍 비자림로 672,공립,true,33.43650075,126.6780473,elem,true,data.go.kr
B000008023,종달초등학교,9290000,제주시,제주특별자치도제주시교육지원청,제주특별자치도 제주시 구좌읍 종달로7길 5,공립,false,33.49277175,126.8972645,elem,true,data.go.kr
B000008052,중문초등학교,9290000,서귀포시,제주특별자치도서귀포시교육지원청,제주특별자치도 서귀포시 천제연로 231,공립,false,33.25302345,126.4301596,elem,true,data.go.kr
B000008078,창천초등학교,9290000,서귀포시,제주특별자치도서귀포시교육지원청,제주특별자치도 서귀포시 안덕면 창천중앙로 12,공립,false,33.2634386,126.3696474,elem,true,data.go.kr
B000008034,추자초등학교,9290000,제주시,제주특별자치도제주시교육지원청,제주특별자치도 제주시 추자면 대서3길 10,공립,false,33.96431677,126.2962962,elem,true,data.go.kr
B000008037,추자초등학교신양분교장,9290000,제주시,제주특별자치도제주시교육지원청,제주특별자치도 제주시 추자면 추자로 553-10,공립,true,33.94464889,126.3252092,elem,true,data.go.kr
B000008071,태흥초등학교,9290000,서귀포시,제주특별자치도서귀포시교육지원청,제주특별자치도 서귀포시 남원읍 태위로 915,공립,false,33.28622541,126.7434137,elem,true,data.go.kr
B000008073,토산초등학교,9290000,서귀포시,제주특별자치도서귀포시교육지원청,제주특별자치도 서귀포시 표선면 토산중앙로 68-9,공립,false,33.31257557,126.7772676,elem,true,data.go.kr
B000008053,토평초등학교,9290000,서귀포시,제주특별자치도서귀포시교육지원청,제주특별자치도 서귀포시 토평남로 86,공립,false,33.26630439,126.5897627,elem,true,data.go.kr
B000008021,평대초등학교,9290000,제주시,제주특별자치도제주시교육지원청,제주특별자치도 제주시 구좌읍 일주동로 2979,공립,false,33.5295992,126.840142,elem,true,data.go.kr
B000008077,표선초등학교,9290000,서귀포시,제주특별자치도서귀포시교육지원청,제주특별자치도 서귀포시 표선면 표선동서로 293,공립,false,33.32994427,126.834314,elem,true,data.go.kr
B000008060,풍천초등학교,9290000,서귀포시,제주특별자치도서귀포시교육지원청,제주특별자치도 서귀포시 성산읍 풍천로 18,공립,false,33.34927869,126.8501638,elem,true,data.go.kr
B000007968,하귀일초등학교,9290000,제주시,제주특별자치도제주시교육지원청,제주특별자치도 제주시 애월읍 하귀9길 42,공립,false,33.48390197,126.4151797,elem,true,data.go.kr
B000008008,하귀초등학교,9290000,제주시,제주특별자치도제주시교육지원청,제주특별자치도 제주시 애월읍 하귀로 44,공립,false,33.47978728,126.4018893,elem,true,data.go.kr
B000008024,하도초등학교,9290000,제주시,제주특별자치도제주시교육지원청,제주특별자치도 제주시 구좌읍 일주동로 3378,공립,false,33.51747997,126.877557,elem,true,data.go.kr
B000008072,하례초등학교,9290000,서귀포시,제주특별자치도서귀포시교육지원청,제주특별자치도 서귀포시 남원읍 일주동로 8002,공립,false,33.26498644,126.6313153,elem,true,data.go.kr
B000008043,하원초등학교,9290000,서귀포시,제주특별자치도서귀포시교육지원청,제주특별자치도 서귀포시 월평하원로 149,공립,false,33.25334293,126.4594523,elem,true,data.go.kr
B000008026,한동초등학교,9290000,제주시,제주특별자치도제주시교육지원청,제주특별자치도 제주시 구좌읍 일주동로 2831,공립,false,33.53912963,126.8290084,elem,true,data.go.kr
B000007982,한라초등학교,9290000,제주시,제주특별자치도제주시교육지원청,제주특별자치도 제주시 연화로 42,공립,false,33.4778157,126.4864335,elem,true,data.go.kr
B000008012,한림초등학교,9290000,제주시,제주특별자치도제주시교육지원청,제주특별자치도 제주시 한림읍 한림로4길 16,공립,false,33.4110704,126.2602319,elem,true,data.go.kr
B000008075,한마음초등학교,9290000,서귀포시,제주특별자치도서귀포시교육지원청,제주특별자치도 서귀포시 표선면 한마음초등로 408,공립,false,33.3523561,126.8145563,elem,true,data.go.kr
B000007991,한천초등학교,9290000,제주시,제주특별자치도제주시교육지원청,제주특별자치도 제주시 남성로11길 22,공립,false,33.50733353,126.5127972,elem,true,data.go.kr
B000008017,함덕초등학교,9290000,제주시,제주특별자치도제주시교육지원청,제주특별자치도 제주시 조천읍 일주동로 1231,공립,false,33.53868435,126.6716504,elem,true,data.go.kr
B000008038,함덕초등학교선인분교장,9290000,제주시,제주특별자치도제주시교육지원청,제주특별자치도 제주시 조천읍 선진길 7-18,공립,true,33.45942788,126.7042879,elem,true,data.go.kr
B000007978,해안초등학교,9290000,제주시,제주특별자치도제주시교육지원청,제주특별자치도 제주시 해안마을길 76,공립,false,33.45703335,126.4545476,elem,true,data.go.kr
B000007971,화북초등학교,9290000,제주시,제주특별자치도제주시교육지원청,제주특별자치도 제주시 일주동로 157,공립,false,33.51862452,126.5613927,elem,true,data.go.kr
B000008040,효돈초등학교,9290000,서귀포시,제주특별자치도서귀포시교육지원청,제주특별자치도 서귀포시 효돈로 161,공립,false,33.26467175,126.6153891,elem,true,data.go.kr
B000008067,흥산초등학교,9290000,서귀포시,제주특별자치도서귀포시교육지원청,제주특별자치도 서귀포시 남원읍 일주동로 6642,공립,false,33.3003091,126.7648491,elem,true,data.go.kr
B000026120,가득초등학교,9300000,새롬동,세종특별자치시교육청,세종특별자치시 세종로 941,공립,false,36.48733788,127.2434548,elem,true,data.go.kr
B000024287,가락초등학교,9300000,고운동,세종특별자치시교육청,세종특별자치시 마음로 208,공립,false,36.51568465,127.2308396,elem,true,data.go.kr
B000005746,감성초등학교,9300000,금남면,세종특별자치시교육청,세종특별자치시 금남면 감성길 6,공립,false,36.44365923,127.2893654,elem,true,data.go.kr
B000024289,고운초등학교,9300000,고운동,세종특별자치시교육청,세종특별자치시 만남로 45,공립,false,36.50414599,127.2365015,elem,true,data.go.kr
B000026118,글벗초등학교,9300000,소담동,세종특별자치시교육청,세종특별자치시 소담로 121,공립,false,36.48737111,127.2980401,elem,true,data.go.kr
B000005747,금남초등학교,9300000,금남면,세종특별자치시교육청,세종특별자치시 금남면 금남구즉로 62,공립,false,36.47270089,127.2882756,elem,true,data.go.kr
B000024292,나래초등학교,9300000,아름동,세종특별자치시교육청,세종특별자치시 달빛1로 108,공립,false,36.50900177,127.2463514,elem,true,data.go.kr
B000024307,나루초등학교,9300000,집현동,세종특별자치시교육청,세종특별자치시 집현서로 90,공립,false,36.49539331,127.3236309,elem,true,data.go.kr
B000024299,나성초등학교,9300000,나성동,세종특별자치시교육청,세종특별자치시 갈매로 294,공립,false,36.48994821,127.2643553,elem,true,data.go.kr
B000026124,늘봄초등학교,9300000,도담동,세종특별자치시교육청,세종특별자치시 다솜1로 183,공립,false,36.51436121,127.2551313,elem,true,data.go.kr
B000026129,다빛초등학교,9300000,종촌동,세종특별자치시교육청,세종특별자치시 달빛1로 7,공립,false,36.50008775,127.2440025,elem,true,data.go.kr
B000024295,다정초등학교,9300000,다정동,세종특별자치시교육청,세종특별자치시 다정남로 35,공립,false,36.49386437,127.244199,elem,true,data.go.kr
B000024302,대평초등학교,9300000,대평동,세종특별자치시교육청,세종특별자치시 대평1길 19,공립,false,36.46980433,127.2789398,elem,true,data.go.kr
B000024284,도담초등학교,9300000,도담동,세종특별자치시교육청,세종특별자치시 보람로 33,공립,false,36.51173208,127.262451,elem,true,data.go.kr
B000024283,두루초등학교,9300000,고운동,세종특별자치시교육청,세종특별자치시 만남로 227,공립,false,36.51962533,127.2384646,elem,true,data.go.kr
B000024300,미르초등학교,9300000,한솔동,세종특별자치시교육청,세종특별자치시 나리로 26-16,공립,false,36.47238238,127.2538532,elem,true,data.go.kr
B000024320,바른초등학교,9300000,산울동,세종특별자치시교육청,세종특별자치시 산울3로 33,공립,false,36.52911078,127.257277,elem,true,data.go.kr
B000024306,반곡초등학교,9300000,반곡동,세종특별자치시교육청,세종특별자치시 시청대로 468,공립,false,36.5002315,127.3104494,elem,true,data.go.kr
B000024304,보람초등학교,9300000,보람동,세종특별자치시교육청,세종특별자치시 보람동로 39,공립,false,36.47949311,127.2935183,elem,true,data.go.kr
B000024148,부강초등학교,9300000,부강면,세종특별자치시교육청,세종특별자치시 부강면 부강로 15,공립,false,36.5278428,127.3665765,elem,true,data.go.kr
B000024319,산울초등학교,9300000,산울동,세종특별자치시교육청,세종특별자치시 산울7로 33,공립,false,36.53307776,127.2636831,elem,true,data.go.kr
B000024298,새뜸초등학교,9300000,새롬동,세종특별자치시교육청,세종특별자치시 새롬남로 75,공립,false,36.48549801,127.2533766,elem,true,data.go.kr
B000024297,새롬초등학교,9300000,새롬동,세종특별자치시교육청,세종특별자치시 새롬중앙1로 27,공립,false,36.48536217,127.2492663,elem,true,data.go.kr
B000024296,새움초등학교,9300000,다정동,세종특별자치시교육청,세종특별자치시 다정남로 93,공립,false,36.49400303,127.2513569,elem,true,data.go.kr
B000005743,세종도원초등학교,9300000,연서면,세종특별자치시교육청,세종특별자치시 연서면 도원로 63,공립,false,36.58587778,127.2873598,elem,true,data.go.kr
B000024305,소담초등학교,9300000,소담동,세종특별자치시교육청,세종특별자치시 소담1로 35,공립,false,36.4833221,127.3015606,elem,true,data.go.kr
B000005751,소정초등학교,9300000,소정면,세종특별자치시교육청,세종특별자치시 소정면 학교말길 10,공립,false,36.72060698,127.1583789,elem,true,data.go.kr
B000026572,솔빛초등학교,9300000,반곡동,세종특별자치시교육청,세종특별자치시 반곡2길 21,공립,false,36.49590842,127.3120142,elem,true,data.go.kr
B000005744,수왕초등학교,9300000,연기면,세종특별자치시교육청,세종특별자치시 연기면 눌왕길 8-45,공립,false,36.54347359,127.2522261,elem,true,data.go.kr
B000005752,쌍류초등학교,9300000,연서면,세종특별자치시교육청,세종특별자치시 연서면 벌말길 73,공립,false,36.5993997,127.209739,elem,true,data.go.kr
B000024291,아름초등학교,9300000,아름동,세종특별자치시교육청,세종특별자치시 달빛로 174,공립,false,36.51458919,127.251658,elem,true,data.go.kr
B000024294,양지초등학교,9300000,도담동,세종특별자치시교육청,세종특별자치시 보듬8로 11,공립,false,36.51845083,127.2603104,elem,true,data.go.kr
B000024303,여울초등학교,9300000,보람동,세종특별자치시교육청,세종특별자치시 보람1길 9,공립,false,36.47603336,127.2851401,elem,true,data.go.kr
B000005745,연남초등학교,9300000,연기면,세종특별자치시교육청,세종특별자치시 연기면 연기길 2,공립,false,36.54388083,127.277847,elem,true,data.go.kr
B000005750,연동초등학교,9300000,연동면,세종특별자치시교육청,세종특별자치시 연동면 청연로 606-36,공립,false,36.55959264,127.3259496,elem,true,data.go.kr
B000005742,연봉초등학교,9300000,연서면,세종특별자치시교육청,세종특별자치시 연서면 당산로 357-1,공립,false,36.56445274,127.2820714,elem,true,data.go.kr
B000005741,연서초등학교,9300000,연서면,세종특별자치시교육청,세종특별자치시 연서면 연서로 148,공립,false,36.58297946,127.2543503,elem,true,data.go.kr
B000024285,연세초등학교,9300000,어진동,세종특별자치시교육청,세종특별자치시 다솜로 291,공립,false,36.50575533,127.2718776,elem,true,data.go.kr
B000024286,연양초등학교,9300000,어진동,세종특별자치시교육청,세종특별자치시 도움3로 37,공립,false,36.50306344,127.2559287,elem,true,data.go.kr
B000024290,온빛초등학교,9300000,고운동,세종특별자치시교육청,세종특별자치시 만남로 174,공립,false,36.51462797,127.2403134,elem,true,data.go.kr
B000024288,으뜸초등학교,9300000,고운동,세종특별자치시교육청,세종특별자치시 마음로 132,공립,false,36.50966067,127.231044,elem,true,data.go.kr
B000024247,의랑초등학교,9300000,장군면,세종특별자치시교육청,세종특별자치시 장군면 태산길 50-1,공립,false,36.5498977,127.1903009,elem,true,data.go.kr
B000024255,장기초등학교,9300000,장군면,세종특별자치시교육청,세종특별자치시 장군면 장척로 398-9,공립,false,36.49629463,127.2059035,elem,true,data.go.kr
B000005748,전동초등학교,9300000,전동면,세종특별자치시교육청,세종특별자치시 전동면 하노장3길 9,공립,false,36.65657465,127.2657944,elem,true,data.go.kr
B000005749,전의초등학교,9300000,전의면,세종특별자치시교육청,세종특별자치시 전의면 운주산로 1204-9,공립,false,36.68012036,127.2023331,elem,true,data.go.kr
B000005736,조치원교동초등학교,9300000,조치원읍,세종특별자치시교육청,세종특별자치시 조치원읍 새내18길 21,공립,false,36.60522794,127.2979422,elem,true,data.go.kr
B000005738,조치원대동초등학교,9300000,조치원읍,세종특별자치시교육청,세종특별자치시 조치원읍 대동학교길 11,공립,false,36.59695506,127.2941193,elem,true,data.go.kr
B000005737,조치원명동초등학교,9300000,조치원읍,세종특별자치시교육청,세종특별자치시 조치원읍 조치원10길 35,공립,false,36.60098735,127.3047859,elem,true,data.go.kr
B000005739,조치원신봉초등학교,9300000,조치원읍,세종특별자치시교육청,세종특별자치시 조치원읍 서북부로 10,공립,false,36.60379343,127.2885208,elem,true,data.go.kr
B000024293,종촌초등학교,9300000,종촌동,세종특별자치시교육청,세종특별자치시 도움1로 160,공립,false,36.50303584,127.2419004,elem,true,data.go.kr
B000024308,집현초등학교,9300000,집현동,세종특별자치시교육청,세종특별자치시 집현서로 23,공립,false,36.48897062,127.3202878,elem,true,data.go.kr
B000005740,참샘초등학교,9300000,한솔동,세종특별자치시교육청,세종특별자치시 노을1로 29,공립,false,36.47907501,127.2585179,elem,true,data.go.kr
B000026121,한결초등학교,9300000,다정동,세종특별자치시교육청,세종특별자치시 다정북로 139,공립,false,36.49667621,127.2456937,elem,true,data.go.kr
B000024409,한솔초등학교,9300000,한솔동,세종특별자치시교육청,세종특별자치시 누리로 32,공립,false,36.47757948,127.2525246,elem,true,data.go.kr
B000024321,해밀초등학교,9300000,해밀동,세종특별자치시교육청,세종특별자치시 해밀1로 73,공립,false,36.5255798,127.2683676,elem,true,data.go.kr
